student_id,name,age,gender,score,phone,city,email,date_of_join,course,attendance,status,gpa,remarks,money_spent,event_time,address_raw,hobbies_flat,devices_type,devices_brand,devices_year,skills_soft,skills_tech.python,skills_tech.excel,skills_tech.sql,family_siblings,family_income.father,family_income.mother,address_city,address_district,address_postal_code
1,Claudia Short,20,Unknown,,+1-619-379-4152,Katieland,Incorrect email format,2022-09-03 23:22:44,Data science,,active,3.72,good,135.0,2021-08-18 18:53:50,"Apartment 37, South Kevin district, Tashkent, UZ, 100539","gun, nice",laptop,HP,2021.0,"['with', 'onto']",2.0,5.0,1.0,4.0,1198.0,1089.0,Tashkent,South Kevin,100539
1,Claudia Short,20,Unknown,,+1-619-379-4152,Katieland,Incorrect email format,2022-09-03 23:22:44,Data science,,active,3.72,good,135.0,2021-08-18 18:53:50,"Apartment 37, South Kevin district, Tashkent, UZ, 100539","gun, nice",phone,Xiaomi,2021.0,,,,,,,,Tashkent,South Kevin,100539
2,Unknown,20,Female,90,Unknown,Dawnburgh,psmith@chen.com,2017-08-29 00:00:00,Data science,,active,1.88,excellent,152.0,2001-11-10 04:19:00,UZ 100332 Tashkent South Patricia,,,,,"['despite', 'clearly']",5.0,3.0,1.0,1.0,263.0,202.0,Tashkent,South Patricia,100332
3,Kathryn Moyer,20,Unknown,90,Unknown,Lake Stevenmouth,Incorrect email format,2017-08-14 00:00:00,Data science,,pending,,excellent,185.0,2022-07-14 22:27:02,"Wendyshire 12-kv, dom 1, Tashkent","fast, clearly",laptop,HP,2020.0,"['full', 'series']",3.0,5.0,1.0,4.0,508.0,698.0,Tashkent,Wendyshire,
3,Kathryn Moyer,20,Unknown,90,Unknown,Lake Stevenmouth,Incorrect email format,2017-08-14 00:00:00,Data science,,pending,,excellent,185.0,2022-07-14 22:27:02,"Wendyshire 12-kv, dom 1, Tashkent","fast, clearly",phone,Samsung,2023.0,"['whose', 'save']",1.0,4.0,1.0,3.0,862.0,1058.0,Tashkent,Wendyshire,
4,Ruben Wilson,20,Female,81,Unknown,Port Pamelafort,Incorrect email format,1973-09-17 00:00:00,Other,,inactive,0.0,good,175.0,2023-04-29 19:05:30,"Apartment 16, North Tamara district, Tashkent, UZ, 100097","left, role",laptop,Lenovo,2020.0,,,,,,,,Tashkent,North Tamara,100097
4,Ruben Wilson,20,Female,81,Unknown,Port Pamelafort,Incorrect email format,1973-09-17 00:00:00,Other,,inactive,0.0,good,175.0,2023-04-29 19:05:30,"Apartment 16, North Tamara district, Tashkent, UZ, 100097","left, role",phone,Samsung,2024.0,"['teacher', 'good']",4.0,1.0,4.0,3.0,1270.0,931.0,Tashkent,North Tamara,100097
5,Robert Pruitt,20,Female,,+1-182-659-5631,Kingburgh,Incorrect email format,2023-11-25 00:00:00,Data science,,pending,4.37,average,282.0,2013-10-13 00:00:00,"BROKEN,ADDRESS,DATA,,,","sort, science",laptop,Lenovo,2023.0,,,,,,,,,,
5,Robert Pruitt,20,Female,,+1-182-659-5631,Kingburgh,Incorrect email format,2023-11-25 00:00:00,Data science,,pending,4.37,average,282.0,2013-10-13 00:00:00,"BROKEN,ADDRESS,DATA,,,","sort, science",phone,Apple,2022.0,"['partner', 'walk']",1.0,5.0,4.0,0.0,850.0,1062.0,,,
6,David Martinez,20,Male,90,+1-074-828-6016,Hugheshaven,nathangibbs@hotmail.com,2020-10-23 22:54:07,Data science,100,pending,,average,85.0,1983-04-30 01:46:36,"Apartment 42, North Jamesfurt district, Tashkent, UZ, 100551",,,,,"['beat', 'southern']",1.0,1.0,4.0,3.0,597.0,1150.0,Tashkent,North Jamesfurt,100551
7,Unknown,18,Female,71,+1-314-018-0928,Sharpfurt,Incorrect email format,1982-01-16 00:00:00,Data science,,active,0.0,excellent,275.0,2004-11-19 23:42:00,"Lake Tracishire 29-kv, dom 8, Tashkent","fall, teacher",laptop,HP,2018.0,,,,,,,,Tashkent,Lake Tracishire,
7,Unknown,18,Female,71,+1-314-018-0928,Sharpfurt,Incorrect email format,1982-01-16 00:00:00,Data science,,active,0.0,excellent,275.0,2004-11-19 23:42:00,"Lake Tracishire 29-kv, dom 8, Tashkent","fall, teacher",phone,Xiaomi,2023.0,,,,,,,,Tashkent,Lake Tracishire,
8,Nicholas Dennis,21,Female,90,+1-809-155-6011,Matthewfort,Incorrect email format,2000-06-26 00:00:00,Python,63,active,4.5,excellent,135.0,1978-09-23 00:00:00,"70576 Butler Harbor Suite 847, Janetberg",,,,,,,,,,,,Janetberg,,
9,Unknown,20,Female,77,+1-854-964-5423,South Paulchester,stacysmith@taylor.biz,2000-03-15 00:00:00,Data science,100,active,,excellent,104.0,1995-10-20 00:00:00,"Williamsborough 2-kv, dom 18, Tashkent","require, open",laptop,Dell,2019.0,,,,,,,,Tashkent,Williamsborough,
9,Unknown,20,Female,77,+1-854-964-5423,South Paulchester,stacysmith@taylor.biz,2000-03-15 00:00:00,Data science,100,active,,excellent,104.0,1995-10-20 00:00:00,"Williamsborough 2-kv, dom 18, Tashkent","require, open",phone,Apple,2020.0,,,,,,,,Tashkent,Williamsborough,
10,Elizabeth Villegas,22,Female,,+1-205-467-4476,South Dianatown,Incorrect email format,2013-02-11 07:12:29,Data science,99,inactive,3.7,average,215.0,2014-12-16 06:44:51,"BROKEN,ADDRESS,DATA,,,","management, to",laptop,Dell,2016.0,"['onto', 'owner']",4.0,4.0,4.0,3.0,798.0,626.0,,,
10,Elizabeth Villegas,22,Female,,+1-205-467-4476,South Dianatown,Incorrect email format,2013-02-11 07:12:29,Data science,99,inactive,3.7,average,215.0,2014-12-16 06:44:51,"BROKEN,ADDRESS,DATA,,,","management, to",phone,Xiaomi,2023.0,"['wear', 'will']",1.0,1.0,5.0,1.0,772.0,498.0,,,
11,Shawn Baker,19,Unknown,,+1-986-850-9629,Zhangstad,Incorrect email format,2025-06-10 00:00:00,Data science,100,active,3.7,excellent,183.0,2001-06-06 05:29:47,"Apartment 34, North Samantha district, Tashkent, UZ, 100659",,,,,,,,,,,,Tashkent,North Samantha,100659
12,Unknown,18,Female,71,Unknown,Austinside,Incorrect email format,2013-01-14 19:16:00,Data science,100,inactive,2.0,average,208.0,2003-05-27 00:00:00,"Apartment 13, Morrismouth district, Tashkent, UZ, 100315",,,,,,,,,,,,Tashkent,Morrismouth,100315
13,Unknown,19,Female,90,+1-223-573-6311,Lesliefurt,Incorrect email format,2014-12-24 00:00:00,Data science,100,inactive,4.5,excellent,84.0,2010-11-21 00:00:00,"Frankchester 9-kv, dom 20, Tashkent",,,,,"['medical', 'quality']",5.0,2.0,4.0,4.0,1220.0,1220.0,Tashkent,Frankchester,
14,Thomas Prince,20,Unknown,,Unknown,East Michellestad,aphillips@holland-diaz.org,2012-02-09 00:00:00,Python,100,inactive,,excellent,210.0,2013-05-14 00:00:00,UZ 100394 Tashkent Stevensborough,,,,,,,,,,,,Tashkent,Stevensborough,100394
15,Unknown,21,Male,73,Unknown,Michellebury,kevin65@maxwell.info,1971-03-17 08:30:18,Python,100,pending,3.7,good,191.0,1984-10-29 14:14:47,"Davidborough 9-kv, dom 29, Tashkent",,,,,"['new', 'manager']",1.0,3.0,1.0,3.0,1140.0,1117.0,Tashkent,Davidborough,
16,Adrian Allen,20,Female,,Unknown,Antoniobury,Incorrect email format,1999-08-29 00:00:00,Python,100,pending,3.7,excellent,53.0,1983-10-13 00:00:00,"1965 Jacobs Branch Apt. 418, Timburgh","partner, race",laptop,Dell,2019.0,,,,,,,,Timburgh,,
16,Adrian Allen,20,Female,,Unknown,Antoniobury,Incorrect email format,1999-08-29 00:00:00,Python,100,pending,3.7,excellent,53.0,1983-10-13 00:00:00,"1965 Jacobs Branch Apt. 418, Timburgh","partner, race",phone,Apple,2022.0,"['beat', 'popular']",1.0,5.0,3.0,0.0,1376.0,871.0,Timburgh,,
17,Stephen Lyons,19,Unknown,76,Unknown,New Adam,Incorrect email format,2009-10-13 02:20:00,Other,100,active,4.5,good,110.0,1984-12-04 09:17:45,UZ 100399 Tashkent Joehaven,"nothing, community",laptop,Lenovo,2023.0,"['must', 'around']",1.0,3.0,2.0,0.0,1453.0,206.0,Tashkent,Joehaven,100399
17,Stephen Lyons,19,Unknown,76,Unknown,New Adam,Incorrect email format,2009-10-13 02:20:00,Other,100,active,4.5,good,110.0,1984-12-04 09:17:45,UZ 100399 Tashkent Joehaven,"nothing, community",phone,Apple,2021.0,"['south', 'his']",3.0,1.0,2.0,1.0,623.0,577.0,Tashkent,Joehaven,100399
18,Zachary Lyons,18,Male,68,+1-242-552-5722,Chenport,Incorrect email format,2003-09-25 00:00:00,Data science,100,inactive,4.5,average,138.0,1997-08-27 00:00:00,"Apartment 22, Port Kevin district, Tashkent, UZ, 100106",,,,,"['thought', 'particularly']",3.0,1.0,3.0,4.0,303.0,1245.0,Tashkent,Port Kevin,100106
19,Unknown,20,Female,50,+1-179-099-6883,West Danaville,Incorrect email format,1974-02-20 00:00:00,Data science,100,active,3.05,excellent,66.0,1976-05-07 00:00:00,"BROKEN,ADDRESS,DATA,,,",,,,,"['either', 'plan']",2.0,1.0,3.0,4.0,1105.0,1106.0,,,
20,Anthony Hardy,20,Male,90,+1-669-272-8730,Kimport,Incorrect email format,1973-05-20 19:05:00,Data science,65,pending,4.5,excellent,218.0,2021-07-23 07:23:13,"Masontown 10-kv, dom 21, Tashkent","certainly, defense",laptop,Lenovo,2018.0,,,,,,,,Tashkent,Masontown,
20,Anthony Hardy,20,Male,90,+1-669-272-8730,Kimport,Incorrect email format,1973-05-20 19:05:00,Data science,65,pending,4.5,excellent,218.0,2021-07-23 07:23:13,"Masontown 10-kv, dom 21, Tashkent","certainly, defense",phone,Apple,2019.0,"['reduce', 'than']",4.0,5.0,3.0,4.0,1291.0,913.0,Tashkent,Masontown,
21,Hector Beltran,20,Male,52,Unknown,North Harry,preid@hotmail.com,2010-02-02 00:00:00,Data science,100,active,,good,153.0,1983-03-31 17:15:15,"BROKEN,ADDRESS,DATA,,,",,,,,,,,,,,,,,
22,Tara Nguyen,22,Unknown,73,+1-038-874-2999,Brittanychester,Incorrect email format,2000-06-04 17:46:54,Python,78,inactive,4.5,excellent,174.0,2020-11-26 00:00:00,UZ 100063 Tashkent Lake Shaneland,"create, accept",laptop,Dell,2016.0,"['against', 'history']",5.0,3.0,3.0,4.0,1124.0,1323.0,Tashkent,Lake Shaneland,100063
22,Tara Nguyen,22,Unknown,73,+1-038-874-2999,Brittanychester,Incorrect email format,2000-06-04 17:46:54,Python,78,inactive,4.5,excellent,174.0,2020-11-26 00:00:00,UZ 100063 Tashkent Lake Shaneland,"create, accept",phone,Xiaomi,2018.0,"['rock', 'never']",4.0,2.0,3.0,4.0,1009.0,1369.0,Tashkent,Lake Shaneland,100063
23,Jessica Robinson,22,Male,90,+1-169-715-0937,Jonesfurt,Incorrect email format,2010-05-10 12:48:00,Data science,81,inactive,3.7,good,261.0,2005-06-09 00:00:00,"0451 James Cliffs Suite 725, Wagnermouth",,,,,"['mouth', 'laugh']",5.0,5.0,2.0,4.0,763.0,1393.0,Wagnermouth,,
24,Latoya Williams,18,Male,60,Unknown,North Ashleyborough,Incorrect email format,2021-08-06 11:33:00,Data science,100,pending,3.7,excellent,148.0,2021-11-12 15:59:30,"0258 Sean Keys Apt. 380, Kevinfort","step, section",laptop,Dell,2022.0,,,,,,,,Kevinfort,,
24,Latoya Williams,18,Male,60,Unknown,North Ashleyborough,Incorrect email format,2021-08-06 11:33:00,Data science,100,pending,3.7,excellent,148.0,2021-11-12 15:59:30,"0258 Sean Keys Apt. 380, Kevinfort","step, section",phone,Xiaomi,2019.0,"['generation', 'group']",3.0,5.0,3.0,1.0,219.0,1344.0,Kevinfort,,
25,Unknown,21,Unknown,90,Unknown,Donnaview,Incorrect email format,2025-03-08 00:00:00,Data science,,pending,,excellent,135.0,2000-07-16 13:07:00,"06462 Buck Springs Apt. 169, North Lisa","phone, consider",laptop,Lenovo,2019.0,,,,,,,,North Lisa,,
25,Unknown,21,Unknown,90,Unknown,Donnaview,Incorrect email format,2025-03-08 00:00:00,Data science,,pending,,excellent,135.0,2000-07-16 13:07:00,"06462 Buck Springs Apt. 169, North Lisa","phone, consider",phone,Xiaomi,2020.0,"['write', 'alone']",3.0,2.0,3.0,2.0,1354.0,448.0,North Lisa,,
26,Unknown,21,Female,90,Unknown,Harrisbury,Incorrect email format,2022-07-18 17:43:00,Data science,96,pending,,good,299.0,2001-02-12 00:00:00,"Apartment 20, Lake Crystal district, Tashkent, UZ, 100119","tough, role",laptop,Dell,2022.0,,,,,,,,Tashkent,Lake Crystal,100119
26,Unknown,21,Female,90,Unknown,Harrisbury,Incorrect email format,2022-07-18 17:43:00,Data science,96,pending,,good,299.0,2001-02-12 00:00:00,"Apartment 20, Lake Crystal district, Tashkent, UZ, 100119","tough, role",phone,Apple,2019.0,"['begin', 'movement']",3.0,4.0,4.0,5.0,270.0,255.0,Tashkent,Lake Crystal,100119
27,Emily Cummings,22,Female,59,Unknown,East Dariuston,Incorrect email format,2023-04-28 18:06:01,Python,,inactive,1.18,average,245.0,2000-12-24 00:42:00,"Apartment 27, South David district, Tashkent, UZ, 100696","billion, feeling",laptop,Lenovo,2023.0,"['trip', 'toward']",1.0,4.0,2.0,5.0,1364.0,1312.0,Tashkent,South David,100696
27,Emily Cummings,22,Female,59,Unknown,East Dariuston,Incorrect email format,2023-04-28 18:06:01,Python,,inactive,1.18,average,245.0,2000-12-24 00:42:00,"Apartment 27, South David district, Tashkent, UZ, 100696","billion, feeling",phone,Samsung,2023.0,,,,,,,,Tashkent,South David,100696
28,Brandy Powell,20,Unknown,87,+1-404-233-0292,Oconnellburgh,Incorrect email format,2000-07-27 00:00:00,Python,100,inactive,,excellent,285.0,2014-07-31 11:40:00,"BROKEN,ADDRESS,DATA,,,","energy, however",laptop,Lenovo,2023.0,"['recent', 'tend']",5.0,4.0,2.0,1.0,1134.0,1304.0,,,
28,Brandy Powell,20,Unknown,87,+1-404-233-0292,Oconnellburgh,Incorrect email format,2000-07-27 00:00:00,Python,100,inactive,,excellent,285.0,2014-07-31 11:40:00,"BROKEN,ADDRESS,DATA,,,","energy, however",phone,Samsung,2022.0,,,,,,,,,,
29,Unknown,21,Male,88,+1-521-168-1029,West Rachel,elizabeth49@yahoo.com,2014-09-19 00:00:00,Data science,,inactive,,,295.0,1992-05-20 00:00:00,"241 Sarah Spring, Bridgetton",,,,,"['enter', 'response']",4.0,2.0,2.0,5.0,778.0,355.0,Bridgetton,,
30,Jaime Rowe,,Female,69,+1-046-892-9598,Shepardmouth,eolson@carr.net,1972-01-29 01:01:06,Data science,64,pending,3.7,average,294.0,2022-04-24 08:54:19,"Port Robertstad 16-kv, dom 50, Tashkent","woman, wear",laptop,Lenovo,2024.0,"['tell', 'compare']",1.0,5.0,2.0,3.0,209.0,1191.0,Tashkent,Port Robertstad,
30,Jaime Rowe,,Female,69,+1-046-892-9598,Shepardmouth,eolson@carr.net,1972-01-29 01:01:06,Data science,64,pending,3.7,average,294.0,2022-04-24 08:54:19,"Port Robertstad 16-kv, dom 50, Tashkent","woman, wear",phone,Xiaomi,2019.0,"['minute', 'view']",3.0,2.0,5.0,4.0,1127.0,1111.0,Tashkent,Port Robertstad,
31,Brianna Castro,21,Unknown,90,Unknown,East Regina,Incorrect email format,2007-10-13 09:29:00,Data science,100,pending,2.0,average,63.0,1970-09-12 00:00:00,"BROKEN,ADDRESS,DATA,,,",,,,,"['parent', 'raise']",3.0,1.0,4.0,1.0,709.0,1006.0,,,
32,April Johnson,20,Male,90,+1-054-829-3587,Andersontown,Incorrect email format,2021-11-27 01:13:12,Python,100,active,2.0,good,289.0,2022-04-21 06:18:32,"Apartment 42, Christineburgh district, Tashkent, UZ, 100686","material, relate",laptop,Dell,2023.0,,,,,,,,Tashkent,Christineburgh,100686
32,April Johnson,20,Male,90,+1-054-829-3587,Andersontown,Incorrect email format,2021-11-27 01:13:12,Python,100,active,2.0,good,289.0,2022-04-21 06:18:32,"Apartment 42, Christineburgh district, Tashkent, UZ, 100686","material, relate",phone,Apple,2018.0,"['these', 'could']",4.0,4.0,3.0,3.0,204.0,506.0,Tashkent,Christineburgh,100686
33,Joyce Franklin,20,Female,60,+1-618-090-5816,South Brittany,Incorrect email format,2000-06-29 21:16:26,Data science,66,inactive,,excellent,57.0,1982-05-31 00:00:00,"New Antonio 12-kv, dom 41, Tashkent","run, case",laptop,Dell,2022.0,,,,,,,,Tashkent,New Antonio,
33,Joyce Franklin,20,Female,60,+1-618-090-5816,South Brittany,Incorrect email format,2000-06-29 21:16:26,Data science,66,inactive,,excellent,57.0,1982-05-31 00:00:00,"New Antonio 12-kv, dom 41, Tashkent","run, case",phone,Xiaomi,2020.0,"['hour', 'series']",4.0,5.0,2.0,3.0,543.0,1003.0,Tashkent,New Antonio,
34,Unknown,20,Female,,Unknown,Hillmouth,Incorrect email format,1983-05-24 00:00:00,Data science,67,active,3.7,excellent,172.0,1975-06-08 00:00:00,UZ 100883 Tashkent West Michaelport,"decide, least",laptop,HP,2019.0,,,,,,,,Tashkent,West Michaelport,100883
34,Unknown,20,Female,,Unknown,Hillmouth,Incorrect email format,1983-05-24 00:00:00,Data science,67,active,3.7,excellent,172.0,1975-06-08 00:00:00,UZ 100883 Tashkent West Michaelport,"decide, least",phone,Samsung,2020.0,"['six', 'reduce']",3.0,5.0,5.0,1.0,581.0,302.0,Tashkent,West Michaelport,100883
35,Unknown,22,Female,,+1-356-552-3035,North Maryfort,Incorrect email format,2008-01-25 20:03:00,Data science,100,pending,2.0,,136.0,1998-08-30 02:53:00,UZ 100652 Tashkent Lake Donaldton,,,,,,,,,,,,Tashkent,Lake Donaldton,100652
36,Unknown,22,Unknown,87,+1-893-021-7782,North Gerald,Incorrect email format,2018-11-11 00:00:00,Python,100,inactive,,average,202.0,2024-12-18 00:00:00,"North Amy 11-kv, dom 49, Tashkent","stay, even",laptop,Dell,2017.0,"['per', 'detail']",4.0,2.0,1.0,1.0,602.0,1380.0,Tashkent,North Amy,
36,Unknown,22,Unknown,87,+1-893-021-7782,North Gerald,Incorrect email format,2018-11-11 00:00:00,Python,100,inactive,,average,202.0,2024-12-18 00:00:00,"North Amy 11-kv, dom 49, Tashkent","stay, even",phone,Apple,2021.0,,,,,,,,Tashkent,North Amy,
37,Jeremy Fry,18,Female,90,+1-773-180-2562,New Kent,mccoyandrew@yahoo.com,2023-08-30 22:57:05,Data science,100,pending,4.5,average,157.0,1971-02-04 00:00:00,"Apartment 49, New Ian district, Tashkent, UZ, 100606",,,,,"['image', 'leg']",5.0,2.0,2.0,5.0,1178.0,1209.0,Tashkent,New Ian,100606
38,Christopher Sosa,20,Male,90,+1-138-648-1737,New Aliceland,Incorrect email format,2022-08-12 00:00:00,Data science,67,active,,excellent,242.0,1970-02-17 19:58:04,"Apartment 22, Youngton district, Tashkent, UZ, 100192","art, learn",laptop,Lenovo,2024.0,,,,,,,,Tashkent,Youngton,100192
38,Christopher Sosa,20,Male,90,+1-138-648-1737,New Aliceland,Incorrect email format,2022-08-12 00:00:00,Data science,67,active,,excellent,242.0,1970-02-17 19:58:04,"Apartment 22, Youngton district, Tashkent, UZ, 100192","art, learn",phone,Samsung,2020.0,,,,,,,,Tashkent,Youngton,100192
39,David Duke,20,Female,,+1-526-677-6949,Harrishaven,Incorrect email format,2004-09-26 00:00:00,Python,100,active,,excellent,159.0,2022-05-25 01:20:33,UZ 100766 Tashkent Port William,,,,,"['fill', 'growth']",1.0,4.0,2.0,5.0,964.0,1178.0,Tashkent,Port William,100766
40,Sara Page,20,Female,71,Unknown,West William,edgar27@phillips-martin.info,2022-03-26 05:45:17,Python,100,inactive,,,140.0,1993-10-06 00:00:00,"73317 Timothy Port Suite 163, Dicksonbury","imagine, middle",laptop,Lenovo,2020.0,"['enjoy', 'test']",3.0,5.0,2.0,5.0,946.0,741.0,Dicksonbury,,
40,Sara Page,20,Female,71,Unknown,West William,edgar27@phillips-martin.info,2022-03-26 05:45:17,Python,100,inactive,,,140.0,1993-10-06 00:00:00,"73317 Timothy Port Suite 163, Dicksonbury","imagine, middle",phone,Apple,2021.0,,,,,,,,Dicksonbury,,
41,Unknown,19,Male,,Unknown,West Georgefort,Incorrect email format,1975-12-17 00:00:00,Data science,,active,,average,225.0,2021-04-03 02:43:08,"4613 Robert Cliff Suite 875, South Leslie","particular, turn",laptop,HP,2017.0,"['move', 'bar']",3.0,5.0,1.0,3.0,786.0,987.0,South Leslie,,
41,Unknown,19,Male,,Unknown,West Georgefort,Incorrect email format,1975-12-17 00:00:00,Data science,,active,,average,225.0,2021-04-03 02:43:08,"4613 Robert Cliff Suite 875, South Leslie","particular, turn",phone,Xiaomi,2019.0,"['two', 'economy']",3.0,4.0,1.0,5.0,527.0,408.0,South Leslie,,
42,Mark Smith,,Male,90,Unknown,West Morganchester,Incorrect email format,1980-12-09 00:00:00,Other,81,inactive,2.0,excellent,255.0,1980-06-06 03:12:08,"Apartment 17, Port Kristopherberg district, Tashkent, UZ, 100563",,,,,"['what', 'happy']",3.0,4.0,5.0,5.0,1227.0,564.0,Tashkent,Port Kristopherberg,100563
43,Amanda Myers,19,Female,90,+1-698-115-3243,North Christopherborough,Incorrect email format,2021-06-24 12:05:49,Data science,100,pending,2.0,average,140.0,1990-02-09 05:03:04,UZ 100515 Tashkent North Joseph,"professional, necessary",laptop,Dell,2018.0,"['floor', 'question']",2.0,5.0,3.0,0.0,1427.0,1378.0,Tashkent,North Joseph,100515
43,Amanda Myers,19,Female,90,+1-698-115-3243,North Christopherborough,Incorrect email format,2021-06-24 12:05:49,Data science,100,pending,2.0,average,140.0,1990-02-09 05:03:04,UZ 100515 Tashkent North Joseph,"professional, necessary",phone,Apple,2021.0,"['return', 'address']",3.0,1.0,4.0,5.0,1037.0,1043.0,Tashkent,North Joseph,100515
44,Eric George,18,Male,93,Unknown,Nathanborough,Incorrect email format,2022-03-17 10:25:13,Python,,inactive,,good,205.0,2022-06-27 20:25:36,UZ 100297 Tashkent North Candace,,,,,,,,,,,,Tashkent,North Candace,100297
45,Unknown,20,Unknown,83,Unknown,Duncanfort,Incorrect email format,2022-12-26 11:07:23,Other,100,active,0.0,excellent,135.0,2022-11-21 00:00:00,"Annahaven 19-kv, dom 3, Tashkent","finish, true",laptop,Lenovo,2021.0,"['where', 'responsibility']",5.0,1.0,1.0,5.0,658.0,561.0,Tashkent,Annahaven,
45,Unknown,20,Unknown,83,Unknown,Duncanfort,Incorrect email format,2022-12-26 11:07:23,Other,100,active,0.0,excellent,135.0,2022-11-21 00:00:00,"Annahaven 19-kv, dom 3, Tashkent","finish, true",phone,Xiaomi,2022.0,"['through', 'water']",1.0,2.0,3.0,5.0,494.0,1415.0,Tashkent,Annahaven,
46,Brandi Jones,20,Male,,Unknown,Ramirezborough,lawrence93@robinson-davis.com,1989-02-03 04:53:00,Data science,92,inactive,,,172.0,1975-05-22 00:00:00,"BROKEN,ADDRESS,DATA,,,","raise, let",laptop,Dell,2016.0,,,,,,,,,,
46,Brandi Jones,20,Male,,Unknown,Ramirezborough,lawrence93@robinson-davis.com,1989-02-03 04:53:00,Data science,92,inactive,,,172.0,1975-05-22 00:00:00,"BROKEN,ADDRESS,DATA,,,","raise, let",phone,Apple,2021.0,,,,,,,,,,
47,John Robinson,19,Unknown,51,Unknown,Port Tracy,wallacerandy@bradshaw.com,2021-01-18 15:09:03,Data science,,active,,average,166.0,1994-04-25 00:00:00,UZ 100626 Tashkent East Williamport,"above, even",laptop,HP,2020.0,,,,,,,,Tashkent,East Williamport,100626
47,John Robinson,19,Unknown,51,Unknown,Port Tracy,wallacerandy@bradshaw.com,2021-01-18 15:09:03,Data science,,active,,average,166.0,1994-04-25 00:00:00,UZ 100626 Tashkent East Williamport,"above, even",phone,Apple,2022.0,"['store', 'position']",5.0,1.0,4.0,0.0,294.0,207.0,Tashkent,East Williamport,100626
48,Suzanne Meyer,20,Male,95,Unknown,South Joshua,bartlettchristy@perez-strickland.com,1972-09-21 00:00:00,Data science,100,active,,,144.0,1976-01-20 00:00:00,"6637 Michelle Unions Apt. 959, Erikfort","do, property",laptop,Dell,2015.0,,,,,,,,Erikfort,,
48,Suzanne Meyer,20,Male,95,Unknown,South Joshua,bartlettchristy@perez-strickland.com,1972-09-21 00:00:00,Data science,100,active,,,144.0,1976-01-20 00:00:00,"6637 Michelle Unions Apt. 959, Erikfort","do, property",phone,Apple,2024.0,,,,,,,,Erikfort,,
49,Unknown,18,Female,90,+1-271-809-4741,Lake Michael,Incorrect email format,2023-01-02 03:42:09,Data science,81,active,2.0,average,225.0,1992-09-19 00:00:00,"00607 Alvarez Circles Suite 553, North Benjamin",,,,,,,,,,,,North Benjamin,,
50,Justin Wong,18,Female,90,+1-010-809-9177,Travisfort,Incorrect email format,1970-02-03 13:13:00,Data science,100,active,3.7,average,164.0,1995-02-16 00:00:00,"Apartment 28, East Andrew district, Tashkent, UZ, 100090","decide, continue",laptop,Lenovo,2016.0,,,,,,,,Tashkent,East Andrew,100090
50,Justin Wong,18,Female,90,+1-010-809-9177,Travisfort,Incorrect email format,1970-02-03 13:13:00,Data science,100,active,3.7,average,164.0,1995-02-16 00:00:00,"Apartment 28, East Andrew district, Tashkent, UZ, 100090","decide, continue",phone,Samsung,2024.0,,,,,,,,Tashkent,East Andrew,100090
51,James Davis,20,Female,61,Unknown,New Emilyshire,Incorrect email format,2014-02-09 00:00:00,Data science,,inactive,3.7,average,132.0,1995-04-07 00:00:00,UZ 100391 Tashkent Lake Amy,,,,,,,,,,,,Tashkent,Lake Amy,100391
52,Mitchell Conway,19,Female,63,+1-570-911-9906,Lake Louis,Incorrect email format,1994-06-13 04:13:00,Data science,,inactive,2.0,,205.0,2023-01-10 06:52:10,"BROKEN,ADDRESS,DATA,,,","painting, tough",laptop,Dell,2015.0,"['after', 'similar']",1.0,4.0,4.0,4.0,349.0,536.0,,,
52,Mitchell Conway,19,Female,63,+1-570-911-9906,Lake Louis,Incorrect email format,1994-06-13 04:13:00,Data science,,inactive,2.0,,205.0,2023-01-10 06:52:10,"BROKEN,ADDRESS,DATA,,,","painting, tough",phone,Apple,2020.0,"['example', 'defense']",1.0,3.0,5.0,1.0,1111.0,456.0,,,
53,Unknown,20,Female,88,+1-780-869-1118,West Lindsayview,dclark@boyd.info,2012-06-25 00:00:00,Data science,100,inactive,3.7,average,251.0,1990-03-31 00:00:00,UZ 100232 Tashkent Annabury,,,,,"['expect', 'fall']",4.0,4.0,1.0,5.0,675.0,1465.0,Tashkent,Annabury,100232
54,Heather Moreno,19,Female,83,+1-438-917-8289,South Jasmine,Incorrect email format,2025-07-25 00:00:00,Data science,,pending,,excellent,221.0,2024-01-16 00:00:00,"Christown 6-kv, dom 20, Tashkent","leave, effect",laptop,Dell,2020.0,,,,,,,,Tashkent,Christown,
54,Heather Moreno,19,Female,83,+1-438-917-8289,South Jasmine,Incorrect email format,2025-07-25 00:00:00,Data science,,pending,,excellent,221.0,2024-01-16 00:00:00,"Christown 6-kv, dom 20, Tashkent","leave, effect",phone,Apple,2020.0,,,,,,,,Tashkent,Christown,
55,Todd Moore,21,Male,,+1-517-494-2230,Richardview,schmidtregina@gmail.com,1999-04-29 21:01:29,Data science,100,inactive,0.0,excellent,51.0,1998-03-22 03:51:00,"Apartment 40, West Davidhaven district, Tashkent, UZ, 100291",,,,,"['PM', 'structure']",3.0,4.0,3.0,4.0,491.0,426.0,Tashkent,West Davidhaven,100291
56,Unknown,21,Female,90,Unknown,Katelynton,dominguezerin@solis.org,2021-09-21 03:28:09,Python,,inactive,4.5,,298.0,1980-07-14 00:00:00,"Apartment 42, South Charles district, Tashkent, UZ, 100904","where, game",laptop,Lenovo,2019.0,"['like', 'clear']",5.0,5.0,2.0,5.0,626.0,1045.0,Tashkent,South Charles,100904
56,Unknown,21,Female,90,Unknown,Katelynton,dominguezerin@solis.org,2021-09-21 03:28:09,Python,,inactive,4.5,,298.0,1980-07-14 00:00:00,"Apartment 42, South Charles district, Tashkent, UZ, 100904","where, game",phone,Samsung,2022.0,"['like', 'how']",1.0,2.0,2.0,4.0,503.0,394.0,Tashkent,South Charles,100904
57,Ashley Lowe,20,Female,90,+1-501-690-0671,Robertshire,zvargas@chapman.org,2025-02-08 09:46:00,Data science,,inactive,,average,236.0,2023-01-02 00:00:00,"87807 Kayla Glens, Autumnmouth",,,,,,,,,,,,Autumnmouth,,
58,Eric Holmes,18,Male,57,+1-421-927-3279,West Tricia,Incorrect email format,2001-03-13 12:56:00,Data science,80,pending,,excellent,160.0,2020-05-21 00:00:00,"682 Vasquez Expressway Suite 699, West Nicolechester","recognize, between",laptop,Lenovo,2021.0,,,,,,,,West Nicolechester,,
58,Eric Holmes,18,Male,57,+1-421-927-3279,West Tricia,Incorrect email format,2001-03-13 12:56:00,Data science,80,pending,,excellent,160.0,2020-05-21 00:00:00,"682 Vasquez Expressway Suite 699, West Nicolechester","recognize, between",phone,Xiaomi,2020.0,,,,,,,,West Nicolechester,,
59,Nathan Melendez,20,Female,75,+1-267-108-2545,Wheelerport,Incorrect email format,1971-06-20 00:00:00,Data science,,active,4.5,average,65.0,1970-09-19 00:00:00,"Apartment 9, Laurabury district, Tashkent, UZ, 100798",,,,,,,,,,,,Tashkent,Laurabury,100798
60,Brett Cabrera,20,Unknown,90,Unknown,Port Carlos,Incorrect email format,2022-07-07 17:07:18,Other,,active,,excellent,121.0,1972-01-29 00:00:00,"East Elizabethhaven 9-kv, dom 15, Tashkent",,,,,"['ago', 'per']",5.0,1.0,3.0,2.0,1215.0,272.0,Tashkent,East Elizabethhaven,
61,William Moore,20,Female,93,+1-542-835-7188,Port Juanland,Incorrect email format,2010-05-07 00:00:00,Data science,,inactive,3.2,average,50.0,1983-06-05 05:46:56,"6258 Gordon Road, Smithshire","painting, kid",laptop,Lenovo,2017.0,,,,,,,,Smithshire,,
61,William Moore,20,Female,93,+1-542-835-7188,Port Juanland,Incorrect email format,2010-05-07 00:00:00,Data science,,inactive,3.2,average,50.0,1983-06-05 05:46:56,"6258 Gordon Road, Smithshire","painting, kid",phone,Samsung,2024.0,"['actually', 'condition']",1.0,5.0,4.0,3.0,1454.0,391.0,Smithshire,,
62,Margaret Lopez,20,Male,90,+1-518-984-8100,East Caitlinfurt,Incorrect email format,1980-02-04 04:04:00,Python,100,active,4.07,,183.0,2023-09-26 21:00:08,"BROKEN,ADDRESS,DATA,,,","others, one",laptop,HP,2024.0,,,,,,,,,,
62,Margaret Lopez,20,Male,90,+1-518-984-8100,East Caitlinfurt,Incorrect email format,1980-02-04 04:04:00,Python,100,active,4.07,,183.0,2023-09-26 21:00:08,"BROKEN,ADDRESS,DATA,,,","others, one",phone,Samsung,2018.0,,,,,,,,,,
63,William Olsen,22,Female,90,+1-207-589-1183,East Sophia,Incorrect email format,1995-11-13 00:00:00,Data science,,inactive,3.72,excellent,138.0,1999-04-21 00:00:00,"9057 Griffin Heights, Rasmussenside",,,,,"['necessary', 'billion']",5.0,4.0,3.0,2.0,1201.0,1493.0,Rasmussenside,,
64,Unknown,19,Female,90,Unknown,Christopherborough,Incorrect email format,2014-12-15 00:00:00,Python,,active,4.5,good,97.0,2011-04-16 00:00:00,"BROKEN,ADDRESS,DATA,,,","stock, management",laptop,HP,2020.0,"['need', 'relationship']",4.0,1.0,2.0,4.0,281.0,791.0,,,
64,Unknown,19,Female,90,Unknown,Christopherborough,Incorrect email format,2014-12-15 00:00:00,Python,,active,4.5,good,97.0,2011-04-16 00:00:00,"BROKEN,ADDRESS,DATA,,,","stock, management",phone,Samsung,2018.0,"['morning', 'garden']",4.0,5.0,4.0,3.0,1483.0,283.0,,,
65,Randall Heath,18,Male,90,+1-346-373-6033,Deleonside,Incorrect email format,2022-08-11 18:02:11,Python,65,pending,4.5,average,105.0,1985-10-02 00:00:00,"Apartment 7, Lutzfort district, Tashkent, UZ, 100220","position, stuff",laptop,HP,2021.0,"['several', 'federal']",2.0,3.0,1.0,5.0,744.0,1338.0,Tashkent,Lutzfort,100220
65,Randall Heath,18,Male,90,+1-346-373-6033,Deleonside,Incorrect email format,2022-08-11 18:02:11,Python,65,pending,4.5,average,105.0,1985-10-02 00:00:00,"Apartment 7, Lutzfort district, Tashkent, UZ, 100220","position, stuff",phone,Xiaomi,2023.0,"['process', 'include']",5.0,5.0,4.0,0.0,1376.0,1070.0,Tashkent,Lutzfort,100220
66,Unknown,20,Male,90,+1-114-989-5033,North Markbury,nrichard@carney.com,2012-03-29 00:00:00,Data science,99,inactive,4.5,average,274.0,2016-12-24 09:42:22,"67890 Conrad Walks, East Tannermouth","shake, behind",laptop,Dell,2017.0,"['community', 'sound']",3.0,3.0,4.0,1.0,361.0,403.0,East Tannermouth,,
66,Unknown,20,Male,90,+1-114-989-5033,North Markbury,nrichard@carney.com,2012-03-29 00:00:00,Data science,99,inactive,4.5,average,274.0,2016-12-24 09:42:22,"67890 Conrad Walks, East Tannermouth","shake, behind",phone,Apple,2019.0,"['administration', 'the']",4.0,3.0,4.0,3.0,282.0,598.0,East Tannermouth,,
67,Ashley Mills,,Female,90,Unknown,Youngside,Incorrect email format,2012-07-27 00:00:00,Data science,,pending,,excellent,276.0,1991-06-04 04:44:47,"BROKEN,ADDRESS,DATA,,,","share, fly",laptop,Lenovo,2017.0,,,,,,,,,,
67,Ashley Mills,,Female,90,Unknown,Youngside,Incorrect email format,2012-07-27 00:00:00,Data science,,pending,,excellent,276.0,1991-06-04 04:44:47,"BROKEN,ADDRESS,DATA,,,","share, fly",phone,Xiaomi,2022.0,,,,,,,,,,
68,John Rosario,18,Female,82,+1-759-089-5599,Belindabury,Incorrect email format,1971-07-20 08:45:22,Other,,inactive,2.0,good,190.0,1990-08-02 14:57:53,"Apartment 1, North Adammouth district, Tashkent, UZ, 100059","result, current",laptop,HP,2021.0,,,,,,,,Tashkent,North Adammouth,100059
68,John Rosario,18,Female,82,+1-759-089-5599,Belindabury,Incorrect email format,1971-07-20 08:45:22,Other,,inactive,2.0,good,190.0,1990-08-02 14:57:53,"Apartment 1, North Adammouth district, Tashkent, UZ, 100059","result, current",phone,Apple,2022.0,,,,,,,,Tashkent,North Adammouth,100059
69,Unknown,21,Unknown,,Unknown,Jenniferfort,Incorrect email format,2021-03-31 07:13:37,Data science,100,inactive,,average,209.0,2001-08-11 00:00:00,"BROKEN,ADDRESS,DATA,,,",,,,,,,,,,,,,,
70,Unknown,18,Female,66,+1-977-328-5987,Lake Josephville,nathaniel54@lloyd.biz,2002-10-31 12:03:00,Other,100,pending,4.5,excellent,88.0,2012-06-13 19:49:00,"Port Lisa 17-kv, dom 46, Tashkent","ahead, force",laptop,Lenovo,2022.0,"['sound', 'until']",3.0,2.0,4.0,1.0,1321.0,825.0,Tashkent,Port Lisa,
70,Unknown,18,Female,66,+1-977-328-5987,Lake Josephville,nathaniel54@lloyd.biz,2002-10-31 12:03:00,Other,100,pending,4.5,excellent,88.0,2012-06-13 19:49:00,"Port Lisa 17-kv, dom 46, Tashkent","ahead, force",phone,Apple,2023.0,"['concern', 'evidence']",4.0,3.0,3.0,5.0,1473.0,226.0,Tashkent,Port Lisa,
71,Robert Hayes,,Male,,+1-780-408-5623,Tabithafurt,teresa05@collins.biz,2021-12-02 18:05:32,Python,63,pending,,excellent,103.0,1996-09-27 00:00:00,"Benitezmouth 14-kv, dom 38, Tashkent","lead, toward",laptop,HP,2018.0,"['resource', 'late']",5.0,4.0,3.0,3.0,945.0,632.0,Tashkent,Benitezmouth,
71,Robert Hayes,,Male,,+1-780-408-5623,Tabithafurt,teresa05@collins.biz,2021-12-02 18:05:32,Python,63,pending,,excellent,103.0,1996-09-27 00:00:00,"Benitezmouth 14-kv, dom 38, Tashkent","lead, toward",phone,Xiaomi,2019.0,"['front', 'change']",4.0,3.0,1.0,2.0,1402.0,1448.0,Tashkent,Benitezmouth,
72,William Weiss,,Female,78,+1-336-187-5307,Williamfort,Incorrect email format,2022-05-11 09:28:45,Data science,,active,,,57.0,1977-11-15 00:00:00,"313 Ayala Point, East Nicholas",,,,,,,,,,,,East Nicholas,,
73,Unknown,18,Female,90,Unknown,Smithville,scampbell@mendez.biz,1993-12-18 00:00:00,Data science,,inactive,3.19,good,117.0,2001-05-06 00:00:00,"BROKEN,ADDRESS,DATA,,,",,,,,"['care', 'fly']",4.0,4.0,2.0,3.0,330.0,788.0,,,
74,Brandi Reed,18,Male,90,Unknown,Port Randallberg,Incorrect email format,1990-09-05 00:00:00,Python,89,pending,3.7,excellent,176.0,2013-07-28 22:26:51,"BROKEN,ADDRESS,DATA,,,",,,,,"['simple', 'fire']",4.0,2.0,4.0,1.0,993.0,869.0,,,
75,Unknown,22,Female,98,+1-993-695-0828,East Shelly,lsmith@gmail.com,2023-03-06 03:01:15,Data science,,active,2.71,average,200.0,2006-03-02 10:39:00,"BROKEN,ADDRESS,DATA,,,","dark, exist",laptop,Lenovo,2021.0,"['recently', 'her']",5.0,4.0,3.0,4.0,1157.0,606.0,,,
75,Unknown,22,Female,98,+1-993-695-0828,East Shelly,lsmith@gmail.com,2023-03-06 03:01:15,Data science,,active,2.71,average,200.0,2006-03-02 10:39:00,"BROKEN,ADDRESS,DATA,,,","dark, exist",phone,Samsung,2019.0,"['stop', 'modern']",2.0,2.0,2.0,2.0,335.0,1288.0,,,
76,Anthony Hendricks,,Unknown,,+1-795-616-6147,Figueroamouth,Incorrect email format,2000-07-19 00:00:00,Data science,100,inactive,,,117.0,2023-04-14 02:02:02,UZ 100760 Tashkent Millermouth,,,,,"['foot', 'town']",2.0,1.0,5.0,5.0,593.0,527.0,Tashkent,Millermouth,100760
77,Alexa Sanders,21,Male,73,+1-347-747-5643,Lake Randymouth,johnsonchelsea@yahoo.com,1986-12-20 00:00:00,Data science,,active,0.0,excellent,256.0,2021-07-18 00:00:00,"034 Cooley Way, East Ian",,,,,,,,,,,,East Ian,,
78,Unknown,18,Male,95,Unknown,Romeroville,Incorrect email format,2017-12-25 12:00:00,Python,,active,4.5,good,217.0,1989-02-04 00:00:00,"BROKEN,ADDRESS,DATA,,,",,,,,"['artist', 'bit']",1.0,1.0,3.0,4.0,1201.0,902.0,,,
79,Garrett Taylor,20,Female,,+1-768-865-5394,Martinezfort,Incorrect email format,2005-11-18 17:34:28,Data science,89,active,0.0,excellent,225.0,1974-11-07 16:09:00,UZ 100510 Tashkent Andrewmouth,,,,,,,,,,,,Tashkent,Andrewmouth,100510
80,Brandy Gray,19,Male,90,+1-294-780-6766,Andrewborough,ballen@barber-saunders.com,1986-04-11 00:00:00,Data science,100,active,4.49,average,266.0,2025-07-12 00:00:00,UZ 100622 Tashkent Aarontown,,,,,,,,,,,,Tashkent,Aarontown,100622
81,Donna Scott,19,Female,,+1-607-536-6003,Lake Timfort,alicia71@robles.com,1996-11-30 17:12:35,Data science,100,active,2.0,excellent,65.0,2015-03-29 18:51:00,UZ 100720 Tashkent Lake Hollytown,,,,,"['debate', 'chair']",4.0,2.0,4.0,4.0,668.0,1032.0,Tashkent,Lake Hollytown,100720
82,Karen Baker MD,,Female,60,Unknown,Kristinabury,paul48@brown.com,1974-09-10 00:00:00,Data science,100,active,3.7,average,68.0,2022-12-26 17:00:20,UZ 100855 Tashkent Lake Tyler,"garden, possible",laptop,Dell,2019.0,"['town', 'expect']",2.0,1.0,1.0,4.0,431.0,751.0,Tashkent,Lake Tyler,100855
82,Karen Baker MD,,Female,60,Unknown,Kristinabury,paul48@brown.com,1974-09-10 00:00:00,Data science,100,active,3.7,average,68.0,2022-12-26 17:00:20,UZ 100855 Tashkent Lake Tyler,"garden, possible",phone,Samsung,2022.0,,,,,,,,Tashkent,Lake Tyler,100855
83,Unknown,18,Female,90,+1-976-833-8760,Ayershaven,Incorrect email format,1995-04-15 05:21:46,Data science,100,inactive,,good,172.0,2000-09-03 00:00:00,"Apartment 18, Tarafurt district, Tashkent, UZ, 100739","actually, commercial",laptop,HP,2023.0,"['coach', 'support']",1.0,2.0,4.0,3.0,676.0,844.0,Tashkent,Tarafurt,100739
83,Unknown,18,Female,90,+1-976-833-8760,Ayershaven,Incorrect email format,1995-04-15 05:21:46,Data science,100,inactive,,good,172.0,2000-09-03 00:00:00,"Apartment 18, Tarafurt district, Tashkent, UZ, 100739","actually, commercial",phone,Apple,2023.0,,,,,,,,Tashkent,Tarafurt,100739
84,Michael Jenkins,18,Female,68,+1-864-413-5870,New Brenda,mcolon@gmail.com,2002-11-25 00:00:00,Data science,100,inactive,2.0,average,284.0,2008-04-09 00:00:00,"BROKEN,ADDRESS,DATA,,,","collection, single",laptop,Dell,2020.0,,,,,,,,,,
84,Michael Jenkins,18,Female,68,+1-864-413-5870,New Brenda,mcolon@gmail.com,2002-11-25 00:00:00,Data science,100,inactive,2.0,average,284.0,2008-04-09 00:00:00,"BROKEN,ADDRESS,DATA,,,","collection, single",phone,Apple,2019.0,,,,,,,,,,
85,Unknown,21,Male,75,+1-092-547-7688,New Nicoleside,Incorrect email format,1996-10-08 21:47:00,Data science,,inactive,2.0,excellent,95.0,1994-05-31 00:00:00,"33084 Williams Point, Jesusborough",,,,,"['far', 'safe']",4.0,4.0,2.0,1.0,961.0,1331.0,Jesusborough,,
86,Mario Ramirez,22,Unknown,90,Unknown,Deannachester,Incorrect email format,2022-04-22 21:23:10,Python,100,pending,0.0,,111.0,1984-03-09 07:06:32,"BROKEN,ADDRESS,DATA,,,",,,,,,,,,,,,,,
87,Kyle Doyle,20,Female,,Unknown,Powersland,Incorrect email format,2001-11-27 00:00:00,Data science,,inactive,,,66.0,2016-05-02 00:00:00,"South Jacobview 25-kv, dom 42, Tashkent","example, break",laptop,Lenovo,2024.0,,,,,,,,Tashkent,South Jacobview,
87,Kyle Doyle,20,Female,,Unknown,Powersland,Incorrect email format,2001-11-27 00:00:00,Data science,,inactive,,,66.0,2016-05-02 00:00:00,"South Jacobview 25-kv, dom 42, Tashkent","example, break",phone,Xiaomi,2018.0,"['environment', 'understand']",5.0,2.0,2.0,0.0,1007.0,1457.0,Tashkent,South Jacobview,
88,Hannah Montes,21,Unknown,,Unknown,South Thomas,Incorrect email format,2008-07-18 06:10:35,Python,68,active,3.81,,110.0,2022-01-30 22:39:47,UZ 100240 Tashkent Charlesshire,"dream, forward",laptop,Dell,2018.0,"['positive', 'shoulder']",3.0,1.0,3.0,1.0,1346.0,1186.0,Tashkent,Charlesshire,100240
88,Hannah Montes,21,Unknown,,Unknown,South Thomas,Incorrect email format,2008-07-18 06:10:35,Python,68,active,3.81,,110.0,2022-01-30 22:39:47,UZ 100240 Tashkent Charlesshire,"dream, forward",phone,Apple,2023.0,"['various', 'son']",5.0,1.0,4.0,4.0,1009.0,1110.0,Tashkent,Charlesshire,100240
89,James Weaver,22,Female,,+1-480-026-9976,West Jonathan,Incorrect email format,2000-04-09 11:39:29,Python,100,pending,,,149.0,2022-02-19 15:21:07,"Apartment 8, South Christina district, Tashkent, UZ, 100031","anything, catch",laptop,Dell,2019.0,"['past', 'during']",4.0,5.0,2.0,4.0,1344.0,1336.0,Tashkent,South Christina,100031
89,James Weaver,22,Female,,+1-480-026-9976,West Jonathan,Incorrect email format,2000-04-09 11:39:29,Python,100,pending,,,149.0,2022-02-19 15:21:07,"Apartment 8, South Christina district, Tashkent, UZ, 100031","anything, catch",phone,Apple,2020.0,"['green', 'there']",3.0,2.0,5.0,4.0,496.0,1240.0,Tashkent,South Christina,100031
90,Johnny Nguyen,20,Male,,Unknown,West Henrymouth,sherrimanning@gmail.com,2004-08-30 00:00:00,Python,,inactive,4.5,excellent,288.0,2003-03-15 05:06:48,"BROKEN,ADDRESS,DATA,,,",,,,,,,,,,,,,,
91,Barry Cooper,,Female,82,+1-676-017-8005,Georgeshire,Incorrect email format,2018-05-23 00:00:00,Python,,active,2.48,excellent,283.0,1997-11-24 00:00:00,"Apartment 15, North Nicholas district, Tashkent, UZ, 100716",,,,,"['smile', 'check']",5.0,4.0,1.0,1.0,903.0,373.0,Tashkent,North Nicholas,100716
92,Peter Rogers,18,Female,,Unknown,Tonytown,Incorrect email format,1971-12-22 21:02:00,Python,,active,4.5,excellent,260.0,1997-07-15 00:00:00,"East Joshuaton 6-kv, dom 44, Tashkent",,,,,,,,,,,,Tashkent,East Joshuaton,
93,Samantha Garcia,20,Female,,Unknown,Port Jeremyburgh,Incorrect email format,2023-08-07 14:22:18,Data science,89,pending,,excellent,195.0,2017-01-31 00:00:00,"BROKEN,ADDRESS,DATA,,,",,,,,,,,,,,,,,
94,Unknown,21,Female,,Unknown,West Bryanburgh,Incorrect email format,2015-09-14 00:00:00,Data science,100,pending,3.72,good,51.0,1995-10-29 00:00:00,"3646 Micheal Place, Port Douglas","fly, me",laptop,HP,2022.0,,,,,,,,Port Douglas,,
94,Unknown,21,Female,,Unknown,West Bryanburgh,Incorrect email format,2015-09-14 00:00:00,Data science,100,pending,3.72,good,51.0,1995-10-29 00:00:00,"3646 Micheal Place, Port Douglas","fly, me",phone,Xiaomi,2020.0,,,,,,,,Port Douglas,,
95,Unknown,19,Male,82,Unknown,Leechester,Incorrect email format,2012-11-23 00:00:00,Data science,,pending,4.44,good,144.0,1987-03-21 11:08:51,"BROKEN,ADDRESS,DATA,,,",,,,,,,,,,,,,,
96,Joel Cantrell,18,Female,91,+1-699-868-7229,Duncanshire,john55@cox-horne.org,1984-10-14 00:00:00,Data science,100,inactive,,average,295.0,1971-02-21 00:00:00,"902 Wiggins Mill, East Susan","skill, continue",laptop,HP,2023.0,,,,,,,,East Susan,,
96,Joel Cantrell,18,Female,91,+1-699-868-7229,Duncanshire,john55@cox-horne.org,1984-10-14 00:00:00,Data science,100,inactive,,average,295.0,1971-02-21 00:00:00,"902 Wiggins Mill, East Susan","skill, continue",phone,Apple,2020.0,"['line', 'dream']",4.0,4.0,2.0,4.0,1056.0,1038.0,East Susan,,
97,Unknown,19,Female,,Unknown,Port Donald,Incorrect email format,1985-11-17 11:43:00,Python,,pending,3.7,excellent,106.0,1973-10-17 05:45:10,UZ 100535 Tashkent South Jasonfurt,,,,,"['public', 'soldier']",1.0,4.0,5.0,5.0,1435.0,1303.0,Tashkent,South Jasonfurt,100535
98,Kathy Massey,20,Female,,+1-943-484-4684,Eddiefort,Incorrect email format,1978-04-22 07:43:00,Other,100,inactive,3.7,average,251.0,2002-05-04 00:00:00,UZ 100126 Tashkent South Teresafurt,,,,,,,,,,,,Tashkent,South Teresafurt,100126
99,Christopher Williams,22,Male,,+1-136-313-7124,Meganfort,Incorrect email format,2022-05-16 14:15:24,Data science,100,active,2.0,average,265.0,1992-01-07 00:00:00,"BROKEN,ADDRESS,DATA,,,","never, agent",laptop,Lenovo,2024.0,,,,,,,,,,
99,Christopher Williams,22,Male,,+1-136-313-7124,Meganfort,Incorrect email format,2022-05-16 14:15:24,Data science,100,active,2.0,average,265.0,1992-01-07 00:00:00,"BROKEN,ADDRESS,DATA,,,","never, agent",phone,Xiaomi,2024.0,"['way', 'level']",1.0,2.0,3.0,1.0,367.0,1052.0,,,
100,Unknown,18,Female,91,+1-211-768-8641,West Jacqueline,Incorrect email format,2023-09-03 00:43:26,Data science,100,pending,3.7,excellent,145.0,2021-04-10 10:50:17,UZ 100196 Tashkent West Dawnport,"Mrs, director",laptop,Dell,2015.0,,,,,,,,Tashkent,West Dawnport,100196
100,Unknown,18,Female,91,+1-211-768-8641,West Jacqueline,Incorrect email format,2023-09-03 00:43:26,Data science,100,pending,3.7,excellent,145.0,2021-04-10 10:50:17,UZ 100196 Tashkent West Dawnport,"Mrs, director",phone,Xiaomi,2022.0,"['right', 'land']",3.0,1.0,3.0,2.0,1296.0,574.0,Tashkent,West Dawnport,100196
101,Sharon Rodriguez,18,Male,93,Unknown,Tammytown,Incorrect email format,1990-05-01 02:46:14,Data science,100,pending,4.5,excellent,169.0,2009-11-18 03:15:00,"4414 Jessica Mountains Apt. 231, Evansfort","watch, movement",laptop,HP,2018.0,"['meet', 'site']",4.0,3.0,2.0,3.0,851.0,1191.0,Evansfort,,
101,Sharon Rodriguez,18,Male,93,Unknown,Tammytown,Incorrect email format,1990-05-01 02:46:14,Data science,100,pending,4.5,excellent,169.0,2009-11-18 03:15:00,"4414 Jessica Mountains Apt. 231, Evansfort","watch, movement",phone,Samsung,2022.0,"['example', 'finish']",4.0,2.0,5.0,3.0,314.0,1066.0,Evansfort,,
102,Gary Allison,18,Female,,+1-052-639-0071,Michaelmouth,Incorrect email format,1985-09-26 10:21:00,Python,100,pending,2.0,good,261.0,2007-12-22 20:55:40,"BROKEN,ADDRESS,DATA,,,","always, wife",laptop,Dell,2016.0,"['company', 'everything']",4.0,4.0,1.0,4.0,730.0,1199.0,,,
102,Gary Allison,18,Female,,+1-052-639-0071,Michaelmouth,Incorrect email format,1985-09-26 10:21:00,Python,100,pending,2.0,good,261.0,2007-12-22 20:55:40,"BROKEN,ADDRESS,DATA,,,","always, wife",phone,Samsung,2020.0,"['catch', 'action']",4.0,4.0,4.0,5.0,461.0,1135.0,,,
103,Barbara Goodman,20,Female,90,Unknown,West Sergiochester,emilycarson@hotmail.com,2023-06-13 16:16:20,Data science,,pending,0.0,excellent,189.0,1986-05-30 00:00:00,"BROKEN,ADDRESS,DATA,,,","final, son",laptop,Lenovo,2018.0,,,,,,,,,,
103,Barbara Goodman,20,Female,90,Unknown,West Sergiochester,emilycarson@hotmail.com,2023-06-13 16:16:20,Data science,,pending,0.0,excellent,189.0,1986-05-30 00:00:00,"BROKEN,ADDRESS,DATA,,,","final, son",phone,Samsung,2019.0,"['heavy', 'during']",4.0,1.0,5.0,4.0,420.0,723.0,,,
104,Melissa Crane,20,Female,81,+1-409-036-3015,Colemanland,Incorrect email format,1970-12-20 00:00:00,Python,,active,,good,198.0,2004-04-12 23:36:00,UZ 100349 Tashkent New Heather,"none, child",laptop,HP,2016.0,"['until', 'prepare']",1.0,2.0,3.0,4.0,1060.0,1281.0,Tashkent,New Heather,100349
104,Melissa Crane,20,Female,81,+1-409-036-3015,Colemanland,Incorrect email format,1970-12-20 00:00:00,Python,,active,,good,198.0,2004-04-12 23:36:00,UZ 100349 Tashkent New Heather,"none, child",phone,Xiaomi,2023.0,,,,,,,,Tashkent,New Heather,100349
105,Unknown,19,Female,77,Unknown,Lake Jerry,davidsavage@yahoo.com,2021-02-04 07:16:10,Python,,inactive,2.0,average,85.0,2021-09-25 12:30:13,"West Billy 17-kv, dom 10, Tashkent","plan, why",laptop,Dell,2022.0,"['suggest', 'question']",1.0,4.0,4.0,2.0,225.0,1014.0,Tashkent,West Billy,
105,Unknown,19,Female,77,Unknown,Lake Jerry,davidsavage@yahoo.com,2021-02-04 07:16:10,Python,,inactive,2.0,average,85.0,2021-09-25 12:30:13,"West Billy 17-kv, dom 10, Tashkent","plan, why",phone,Samsung,2022.0,,,,,,,,Tashkent,West Billy,
106,Jeanette Harmon,20,Female,81,+1-295-618-2527,Bowerschester,Incorrect email format,2020-11-28 07:41:47,Data science,82,active,2.0,excellent,235.0,2021-08-12 20:55:45,"Apartment 32, Port Kyleburgh district, Tashkent, UZ, 100452",,,,,,,,,,,,Tashkent,Port Kyleburgh,100452
107,Unknown,20,Female,89,Unknown,Port Bonniestad,christinaclark@hotmail.com,1982-02-17 00:00:00,Other,,inactive,4.5,excellent,192.0,2023-06-06 04:29:33,"New Amber 19-kv, dom 4, Tashkent",,,,,,,,,,,,Tashkent,New Amber,
108,Jennifer Phelps,21,Female,90,+1-313-992-0889,Toddstad,Incorrect email format,1997-03-27 20:53:00,Python,,inactive,2.0,good,183.0,1972-01-20 22:38:21,"30197 Mary Fork, South Brittany",,,,,,,,,,,,South Brittany,,
109,Toni Mcdonald,22,Female,61,+1-362-522-6895,New Paulton,Incorrect email format,1982-01-02 00:00:00,Other,100,pending,3.7,excellent,220.0,2018-02-18 00:00:00,UZ 100223 Tashkent Port David,,,,,"['performance', 'company']",4.0,5.0,2.0,0.0,375.0,914.0,Tashkent,Port David,100223
110,Unknown,19,Male,,+1-661-235-1246,West Justinborough,Incorrect email format,1990-07-16 00:00:00,Data science,,inactive,3.19,good,210.0,1993-07-15 00:00:00,"BROKEN,ADDRESS,DATA,,,",,,,,"['sort', 'pay']",2.0,4.0,2.0,2.0,953.0,266.0,,,
111,Justin Bell,21,Male,70,+1-502-707-7552,Fullerland,Incorrect email format,2011-06-29 05:58:09,Python,,inactive,4.5,good,252.0,2021-07-05 20:20:00,"BROKEN,ADDRESS,DATA,,,","despite, result",laptop,Dell,2024.0,"['care', 'who']",3.0,4.0,1.0,4.0,344.0,963.0,,,
111,Justin Bell,21,Male,70,+1-502-707-7552,Fullerland,Incorrect email format,2011-06-29 05:58:09,Python,,inactive,4.5,good,252.0,2021-07-05 20:20:00,"BROKEN,ADDRESS,DATA,,,","despite, result",phone,Xiaomi,2018.0,"['woman', 'eye']",3.0,3.0,3.0,3.0,997.0,540.0,,,
112,Unknown,20,Female,81,Unknown,New Emilytown,Incorrect email format,2020-11-29 01:22:56,Data science,100,pending,3.56,good,200.0,2020-06-15 00:00:00,"BROKEN,ADDRESS,DATA,,,","song, chance",laptop,Lenovo,2017.0,,,,,,,,,,
112,Unknown,20,Female,81,Unknown,New Emilytown,Incorrect email format,2020-11-29 01:22:56,Data science,100,pending,3.56,good,200.0,2020-06-15 00:00:00,"BROKEN,ADDRESS,DATA,,,","song, chance",phone,Samsung,2022.0,"['story', 'with']",5.0,4.0,2.0,5.0,605.0,297.0,,,
113,Joseph Burton,21,Unknown,90,Unknown,East Saraville,shannon36@york-vargas.com,1989-02-18 05:14:00,Data science,100,pending,,good,270.0,1984-08-15 00:00:00,"Apartment 19, Scotthaven district, Tashkent, UZ, 100170","he, magazine",laptop,HP,2022.0,,,,,,,,Tashkent,Scotthaven,100170
113,Joseph Burton,21,Unknown,90,Unknown,East Saraville,shannon36@york-vargas.com,1989-02-18 05:14:00,Data science,100,pending,,good,270.0,1984-08-15 00:00:00,"Apartment 19, Scotthaven district, Tashkent, UZ, 100170","he, magazine",phone,Samsung,2018.0,"['sense', 'firm']",3.0,2.0,4.0,3.0,502.0,341.0,Tashkent,Scotthaven,100170
114,Unknown,22,Unknown,78,+1-540-492-9940,Hallton,Incorrect email format,1982-01-17 06:40:00,Data science,100,inactive,3.72,,289.0,2005-07-24 00:00:00,UZ 100075 Tashkent Boothtown,"degree, two",laptop,Dell,2023.0,"['computer', 'ten']",3.0,3.0,2.0,4.0,1069.0,1374.0,Tashkent,Boothtown,100075
114,Unknown,22,Unknown,78,+1-540-492-9940,Hallton,Incorrect email format,1982-01-17 06:40:00,Data science,100,inactive,3.72,,289.0,2005-07-24 00:00:00,UZ 100075 Tashkent Boothtown,"degree, two",phone,Xiaomi,2024.0,"['fly', 'method']",2.0,3.0,3.0,4.0,1008.0,416.0,Tashkent,Boothtown,100075
115,Thomas Meyer,20,Female,76,Unknown,East Robert,pparker@peters-hall.com,2004-06-19 00:00:00,Python,100,pending,0.0,,148.0,1993-12-03 04:42:51,"Apartment 5, Fosterside district, Tashkent, UZ, 100730",,,,,"['dark', 'PM']",4.0,5.0,5.0,4.0,1246.0,745.0,Tashkent,Fosterside,100730
116,Susan Bowen,20,Female,50,+1-306-319-8751,Port Traceyton,Incorrect email format,2021-12-17 12:00:11,Data science,100,pending,4.5,excellent,170.0,2018-04-19 07:18:46,"9072 Pratt Summit Suite 990, South Jason","send, parent",laptop,HP,2022.0,"['think', 'entire']",5.0,1.0,3.0,0.0,673.0,599.0,South Jason,,
116,Susan Bowen,20,Female,50,+1-306-319-8751,Port Traceyton,Incorrect email format,2021-12-17 12:00:11,Data science,100,pending,4.5,excellent,170.0,2018-04-19 07:18:46,"9072 Pratt Summit Suite 990, South Jason","send, parent",phone,Xiaomi,2024.0,"['alone', 'thousand']",3.0,5.0,1.0,5.0,1346.0,952.0,South Jason,,
117,Richard Burton,21,Unknown,90,Unknown,Catherineview,Incorrect email format,1978-06-06 00:00:00,Python,100,inactive,,good,172.0,2021-07-25 00:00:00,"BROKEN,ADDRESS,DATA,,,","although, at",laptop,Lenovo,2016.0,"['hotel', 'company']",1.0,2.0,1.0,1.0,928.0,683.0,,,
117,Richard Burton,21,Unknown,90,Unknown,Catherineview,Incorrect email format,1978-06-06 00:00:00,Python,100,inactive,,good,172.0,2021-07-25 00:00:00,"BROKEN,ADDRESS,DATA,,,","although, at",phone,Apple,2018.0,,,,,,,,,,
118,Andrew Taylor,,Unknown,80,+1-844-841-3465,Marvinmouth,Incorrect email format,2010-06-30 00:00:00,Python,100,pending,,,79.0,2021-01-25 14:45:10,"392 Christopher Center, Port Lindseyfort","research, keep",laptop,Lenovo,2021.0,,,,,,,,Port Lindseyfort,,
118,Andrew Taylor,,Unknown,80,+1-844-841-3465,Marvinmouth,Incorrect email format,2010-06-30 00:00:00,Python,100,pending,,,79.0,2021-01-25 14:45:10,"392 Christopher Center, Port Lindseyfort","research, keep",phone,Samsung,2022.0,,,,,,,,Port Lindseyfort,,
119,Unknown,22,Female,,+1-621-354-6546,Port Andrew,sharonbrooks@hotmail.com,1995-01-18 00:00:00,Python,100,active,0.0,excellent,61.0,2020-10-11 10:46:14,"Barryborough 13-kv, dom 6, Tashkent","think, establish",laptop,Dell,2019.0,"['movement', 'knowledge']",4.0,1.0,2.0,2.0,674.0,715.0,Tashkent,Barryborough,
119,Unknown,22,Female,,+1-621-354-6546,Port Andrew,sharonbrooks@hotmail.com,1995-01-18 00:00:00,Python,100,active,0.0,excellent,61.0,2020-10-11 10:46:14,"Barryborough 13-kv, dom 6, Tashkent","think, establish",phone,Apple,2024.0,"['themselves', 'medical']",1.0,2.0,1.0,5.0,1007.0,565.0,Tashkent,Barryborough,
120,Raymond Stewart,18,Unknown,76,Unknown,Alexanderhaven,Incorrect email format,2015-01-01 19:00:00,Data science,,active,4.5,good,73.0,1990-08-02 00:00:00,"BROKEN,ADDRESS,DATA,,,","loss, own",laptop,Lenovo,2016.0,"['pay', 'field']",1.0,2.0,1.0,4.0,396.0,566.0,,,
120,Raymond Stewart,18,Unknown,76,Unknown,Alexanderhaven,Incorrect email format,2015-01-01 19:00:00,Data science,,active,4.5,good,73.0,1990-08-02 00:00:00,"BROKEN,ADDRESS,DATA,,,","loss, own",phone,Apple,2018.0,"['employee', 'face']",1.0,2.0,2.0,1.0,766.0,743.0,,,
121,Andrew Mcdowell,18,Unknown,,+1-651-907-3802,Isaacshire,Incorrect email format,2022-10-05 00:00:00,Data science,100,pending,2.0,,194.0,1970-06-16 00:00:00,"BROKEN,ADDRESS,DATA,,,",,,,,,,,,,,,,,
122,Glenn Jordan,21,Female,90,+1-246-161-8310,Jonesbury,Incorrect email format,1975-08-05 14:03:00,Data science,100,inactive,1.55,,152.0,1970-05-11 00:00:00,"BROKEN,ADDRESS,DATA,,,","manage, senior",laptop,HP,2020.0,"['create', 'have']",5.0,2.0,5.0,2.0,419.0,744.0,,,
122,Glenn Jordan,21,Female,90,+1-246-161-8310,Jonesbury,Incorrect email format,1975-08-05 14:03:00,Data science,100,inactive,1.55,,152.0,1970-05-11 00:00:00,"BROKEN,ADDRESS,DATA,,,","manage, senior",phone,Samsung,2019.0,,,,,,,,,,
123,Chelsea Thomas,18,Female,71,Unknown,New Hayleymouth,Incorrect email format,1973-06-16 00:00:00,Data science,,pending,4.5,good,58.0,1979-02-26 00:00:00,"55540 Wilson Islands, West Steventon",,,,,"['become', 'run']",4.0,4.0,4.0,1.0,339.0,584.0,West Steventon,,
124,Unknown,20,Male,,Unknown,Lake Denisemouth,Incorrect email format,1994-04-23 00:00:00,Data science,,pending,2.0,average,199.0,2024-11-01 00:00:00,"East Andrewshire 1-kv, dom 31, Tashkent",,,,,"['forget', 'space']",4.0,2.0,3.0,2.0,1211.0,701.0,Tashkent,East Andrewshire,
125,Unknown,,Female,90,+1-844-581-8285,Joneston,Incorrect email format,2004-06-24 00:00:00,Python,100,active,,excellent,174.0,1977-02-20 00:00:00,UZ 100418 Tashkent West Angelafort,"worker, rise",laptop,Lenovo,2023.0,"['himself', 'those']",5.0,4.0,4.0,4.0,487.0,978.0,Tashkent,West Angelafort,100418
125,Unknown,,Female,90,+1-844-581-8285,Joneston,Incorrect email format,2004-06-24 00:00:00,Python,100,active,,excellent,174.0,1977-02-20 00:00:00,UZ 100418 Tashkent West Angelafort,"worker, rise",phone,Xiaomi,2019.0,"['reach', 'white']",2.0,5.0,4.0,0.0,874.0,1078.0,Tashkent,West Angelafort,100418
126,Mark Scott,21,Unknown,79,+1-359-996-1128,Port Carolyn,Incorrect email format,2008-05-21 00:00:00,Data science,87,pending,0.0,excellent,299.0,1993-10-25 10:56:20,"BROKEN,ADDRESS,DATA,,,","bed, agree",laptop,HP,2024.0,"['our', 'many']",1.0,2.0,4.0,0.0,975.0,1213.0,,,
126,Mark Scott,21,Unknown,79,+1-359-996-1128,Port Carolyn,Incorrect email format,2008-05-21 00:00:00,Data science,87,pending,0.0,excellent,299.0,1993-10-25 10:56:20,"BROKEN,ADDRESS,DATA,,,","bed, agree",phone,Xiaomi,2023.0,,,,,,,,,,
127,Lindsey Jacobs,20,Unknown,81,Unknown,Bushmouth,Incorrect email format,1993-07-10 00:00:00,Data science,87,pending,4.5,excellent,293.0,2023-03-29 08:13:59,"Apartment 41, Lake Patriciaborough district, Tashkent, UZ, 100625",,,,,,,,,,,,Tashkent,Lake Patriciaborough,100625
128,Michael Gay,20,Male,83,+1-580-047-6884,East Carlaville,Incorrect email format,2017-02-19 00:00:00,Data science,100,active,0.0,,286.0,1983-09-03 00:00:00,UZ 100183 Tashkent Padillaborough,"campaign, create",laptop,HP,2022.0,"['rather', 'reflect']",5.0,2.0,2.0,0.0,1178.0,319.0,Tashkent,Padillaborough,100183
128,Michael Gay,20,Male,83,+1-580-047-6884,East Carlaville,Incorrect email format,2017-02-19 00:00:00,Data science,100,active,0.0,,286.0,1983-09-03 00:00:00,UZ 100183 Tashkent Padillaborough,"campaign, create",phone,Xiaomi,2023.0,"['dog', 'red']",5.0,1.0,2.0,3.0,832.0,485.0,Tashkent,Padillaborough,100183
129,Jeffrey Murphy,19,Female,88,+1-771-685-3844,North Jessica,Incorrect email format,2004-03-22 15:35:33,Python,100,pending,3.7,good,222.0,2007-02-01 00:00:00,"1902 William Causeway Apt. 941, South Melissa",,,,,,,,,,,,South Melissa,,
130,Tamara Nguyen,22,Female,90,Unknown,South Nathanberg,Incorrect email format,2001-10-10 09:28:00,Python,63,inactive,2.0,,228.0,2023-04-22 01:12:38,"Apartment 22, Gillside district, Tashkent, UZ, 100582",,,,,"['capital', 'note']",4.0,4.0,5.0,5.0,709.0,492.0,Tashkent,Gillside,100582
131,Maxwell Dickson,18,Female,100,+1-566-503-6519,West Ricardo,Incorrect email format,2001-11-14 05:57:00,Python,100,pending,2.0,excellent,205.0,1974-11-13 00:00:00,"BROKEN,ADDRESS,DATA,,,",,,,,"['reflect', 'ready']",1.0,4.0,1.0,0.0,230.0,298.0,,,
132,Unknown,19,Female,,+1-795-817-1695,West Jacobmouth,Incorrect email format,1981-03-22 00:00:00,Python,87,pending,0.0,good,290.0,1974-05-24 00:00:00,"BROKEN,ADDRESS,DATA,,,","vote, poor",laptop,Dell,2016.0,,,,,,,,,,
132,Unknown,19,Female,,+1-795-817-1695,West Jacobmouth,Incorrect email format,1981-03-22 00:00:00,Python,87,pending,0.0,good,290.0,1974-05-24 00:00:00,"BROKEN,ADDRESS,DATA,,,","vote, poor",phone,Apple,2021.0,"['performance', 'shoulder']",1.0,1.0,1.0,4.0,958.0,999.0,,,
133,Unknown,20,Female,79,+1-294-133-8991,Whiteburgh,Incorrect email format,1995-02-20 00:05:00,Python,,inactive,0.0,excellent,142.0,2023-09-27 02:09:07,UZ 100829 Tashkent Robertton,,,,,"['half', 'address']",4.0,4.0,4.0,0.0,260.0,371.0,Tashkent,Robertton,100829
134,Unknown,21,Female,77,Unknown,Woodmouth,Incorrect email format,1987-08-24 07:42:43,Data science,100,pending,2.0,good,94.0,2010-04-14 10:07:00,"Apartment 50, North Daniel district, Tashkent, UZ, 100874",,,,,"['threat', 'off']",2.0,5.0,2.0,5.0,824.0,1000.0,Tashkent,North Daniel,100874
135,Victoria Davidson,20,Female,92,+1-499-948-2352,Jessicatown,Incorrect email format,1981-11-05 00:00:00,Data science,100,inactive,2.0,average,129.0,1974-02-15 00:00:00,"Apartment 10, Port Brittney district, Tashkent, UZ, 100582","catch, interesting",laptop,Lenovo,2021.0,,,,,,,,Tashkent,Port Brittney,100582
135,Victoria Davidson,20,Female,92,+1-499-948-2352,Jessicatown,Incorrect email format,1981-11-05 00:00:00,Data science,100,inactive,2.0,average,129.0,1974-02-15 00:00:00,"Apartment 10, Port Brittney district, Tashkent, UZ, 100582","catch, interesting",phone,Samsung,2019.0,,,,,,,,Tashkent,Port Brittney,100582
136,Thomas Dillon,20,Female,50,+1-229-125-3095,Zhangbury,Incorrect email format,2022-10-23 00:00:00,Python,77,inactive,,excellent,126.0,2023-09-22 11:14:57,UZ 100820 Tashkent West John,"born, quality",laptop,HP,2017.0,"['author', 'join']",5.0,5.0,5.0,3.0,667.0,864.0,Tashkent,West John,100820
136,Thomas Dillon,20,Female,50,+1-229-125-3095,Zhangbury,Incorrect email format,2022-10-23 00:00:00,Python,77,inactive,,excellent,126.0,2023-09-22 11:14:57,UZ 100820 Tashkent West John,"born, quality",phone,Samsung,2022.0,,,,,,,,Tashkent,West John,100820
137,Dylan Rodriguez,20,Unknown,75,Unknown,North Luketown,Incorrect email format,2001-04-21 22:30:00,Other,100,inactive,0.0,,154.0,2022-10-30 17:18:51,"Apartment 40, Jonesborough district, Tashkent, UZ, 100895","bed, customer",laptop,Lenovo,2020.0,"['after', 'production']",2.0,2.0,2.0,3.0,763.0,642.0,Tashkent,Jonesborough,100895
137,Dylan Rodriguez,20,Unknown,75,Unknown,North Luketown,Incorrect email format,2001-04-21 22:30:00,Other,100,inactive,0.0,,154.0,2022-10-30 17:18:51,"Apartment 40, Jonesborough district, Tashkent, UZ, 100895","bed, customer",phone,Apple,2019.0,"['today', 'interesting']",2.0,5.0,4.0,0.0,221.0,973.0,Tashkent,Jonesborough,100895
138,Brianna Wong,,Unknown,87,Unknown,Sototon,Incorrect email format,2021-03-18 12:44:57,Python,100,inactive,2.0,excellent,111.0,1998-09-03 00:00:00,"BROKEN,ADDRESS,DATA,,,","sea, guy",laptop,Dell,2024.0,"['arrive', 'total']",4.0,4.0,5.0,5.0,551.0,642.0,,,
138,Brianna Wong,,Unknown,87,Unknown,Sototon,Incorrect email format,2021-03-18 12:44:57,Python,100,inactive,2.0,excellent,111.0,1998-09-03 00:00:00,"BROKEN,ADDRESS,DATA,,,","sea, guy",phone,Samsung,2019.0,,,,,,,,,,
139,Unknown,22,Unknown,90,+1-474-641-3490,Georgestad,kgreen@ortega.com,2015-08-19 00:00:00,Python,,inactive,2.0,,86.0,1975-03-29 00:00:00,UZ 100502 Tashkent West Jennifer,"every, small",laptop,Dell,2017.0,"['morning', 'coach']",2.0,4.0,3.0,5.0,653.0,949.0,Tashkent,West Jennifer,100502
139,Unknown,22,Unknown,90,+1-474-641-3490,Georgestad,kgreen@ortega.com,2015-08-19 00:00:00,Python,,inactive,2.0,,86.0,1975-03-29 00:00:00,UZ 100502 Tashkent West Jennifer,"every, small",phone,Samsung,2021.0,"['fear', 'sell']",2.0,2.0,1.0,2.0,1291.0,814.0,Tashkent,West Jennifer,100502
140,Ann Young,20,Unknown,90,+1-305-690-1742,North Leestad,Incorrect email format,2022-02-05 12:58:07,Python,,active,,excellent,171.0,1984-02-01 14:56:00,"Apartment 50, Kimberlychester district, Tashkent, UZ, 100258",,,,,,,,,,,,Tashkent,Kimberlychester,100258
141,Zachary Thornton,20,Unknown,,+1-462-273-5066,Stephensonfurt,Incorrect email format,1981-01-03 19:15:00,Data science,,pending,4.5,,218.0,1994-11-04 00:00:00,UZ 100077 Tashkent Aguilarmouth,"order, hour",laptop,Lenovo,2017.0,"['study', 'share']",5.0,2.0,5.0,2.0,579.0,254.0,Tashkent,Aguilarmouth,100077
141,Zachary Thornton,20,Unknown,,+1-462-273-5066,Stephensonfurt,Incorrect email format,1981-01-03 19:15:00,Data science,,pending,4.5,,218.0,1994-11-04 00:00:00,UZ 100077 Tashkent Aguilarmouth,"order, hour",phone,Apple,2023.0,"['region', 'officer']",2.0,3.0,5.0,2.0,616.0,983.0,Tashkent,Aguilarmouth,100077
142,David Graves,20,Female,90,+1-596-627-3929,South Johnshire,Incorrect email format,2020-09-30 11:04:41,Data science,100,active,,,162.0,1982-10-27 00:00:00,"Martinmouth 11-kv, dom 16, Tashkent",,,,,,,,,,,,Tashkent,Martinmouth,
143,Unknown,20,Female,91,+1-311-382-4273,Byrdmouth,johnsamy@hotmail.com,2003-09-11 17:40:42,Python,,pending,3.69,excellent,112.0,2022-04-11 12:18:00,"Apartment 39, Tylerland district, Tashkent, UZ, 100293",,,,,,,,,,,,Tashkent,Tylerland,100293
144,Unknown,21,Female,63,+1-707-530-9445,Paulchester,Incorrect email format,2009-02-04 10:55:08,Data science,100,pending,,,298.0,1975-05-14 09:25:00,"Lake Matthew 4-kv, dom 24, Tashkent",,,,,"['suddenly', 'opportunity']",5.0,3.0,1.0,0.0,671.0,230.0,Tashkent,Lake Matthew,
145,Unknown,18,Unknown,90,+1-948-234-5778,South Thomasfort,walkerlisa@hotmail.com,2006-01-10 00:00:00,Data science,69,active,4.5,average,203.0,2022-09-18 00:00:00,"6231 Patrick Inlet, North Robertfurt",,,,,"['point', 'foot']",3.0,4.0,3.0,3.0,1469.0,306.0,North Robertfurt,,
146,Theresa Compton,22,Female,90,+1-703-528-0200,New Andrew,Incorrect email format,1985-08-23 00:00:00,Data science,100,inactive,,excellent,146.0,1992-05-30 00:00:00,"East Michaelport 23-kv, dom 49, Tashkent",,,,,,,,,,,,Tashkent,East Michaelport,
147,Unknown,18,Male,90,+1-547-067-4434,Mitchellton,Incorrect email format,2022-11-13 00:00:00,Other,,inactive,,good,89.0,1973-04-30 00:00:00,"Robertville 11-kv, dom 22, Tashkent",,,,,,,,,,,,Tashkent,Robertville,
148,Louis Gillespie,20,Female,90,Unknown,Port Marymouth,Incorrect email format,2025-08-20 06:01:00,Python,,inactive,3.7,average,175.0,1982-06-16 00:00:00,"Pamelaborough 22-kv, dom 11, Tashkent","point, product",laptop,Dell,2016.0,"['a', 'physical']",5.0,2.0,2.0,2.0,563.0,739.0,Tashkent,Pamelaborough,
148,Louis Gillespie,20,Female,90,Unknown,Port Marymouth,Incorrect email format,2025-08-20 06:01:00,Python,,inactive,3.7,average,175.0,1982-06-16 00:00:00,"Pamelaborough 22-kv, dom 11, Tashkent","point, product",phone,Samsung,2021.0,,,,,,,,Tashkent,Pamelaborough,
149,Unknown,18,Male,,+1-266-209-7518,Shannonhaven,Incorrect email format,2005-08-23 00:00:00,Data science,100,active,4.5,,297.0,1980-01-05 00:00:00,"Ewingview 29-kv, dom 16, Tashkent","possible, should",laptop,Lenovo,2022.0,"['dream', 'summer']",5.0,3.0,2.0,1.0,975.0,1317.0,Tashkent,Ewingview,
149,Unknown,18,Male,,+1-266-209-7518,Shannonhaven,Incorrect email format,2005-08-23 00:00:00,Data science,100,active,4.5,,297.0,1980-01-05 00:00:00,"Ewingview 29-kv, dom 16, Tashkent","possible, should",phone,Apple,2021.0,"['democratic', 'themselves']",2.0,5.0,1.0,5.0,296.0,1311.0,Tashkent,Ewingview,
150,Unknown,,Unknown,91,+1-396-796-4477,Jessicaview,Incorrect email format,2023-08-04 04:14:23,Data science,69,inactive,4.5,excellent,273.0,1992-08-10 16:01:00,"Port Beth 17-kv, dom 5, Tashkent",,,,,,,,,,,,Tashkent,Port Beth,
151,Natasha Mayer,20,Male,90,+1-053-853-2569,Millermouth,Incorrect email format,2011-06-11 00:00:00,Data science,,active,,good,173.0,2007-06-07 11:04:00,"579 Alyssa Lake, Port Sarah",,,,,"['even', 'career']",1.0,4.0,4.0,5.0,1142.0,1384.0,Port Sarah,,
152,Andrew Ramirez,20,Unknown,90,+1-075-578-5425,Alicialand,Incorrect email format,2000-07-25 00:00:00,Data science,100,inactive,2.0,excellent,163.0,1991-08-10 03:06:00,"815 Maxwell Pike Apt. 262, Eddiemouth","morning, chair",laptop,Lenovo,2021.0,"['part', 'size']",2.0,4.0,4.0,2.0,759.0,1025.0,Eddiemouth,,
152,Andrew Ramirez,20,Unknown,90,+1-075-578-5425,Alicialand,Incorrect email format,2000-07-25 00:00:00,Data science,100,inactive,2.0,excellent,163.0,1991-08-10 03:06:00,"815 Maxwell Pike Apt. 262, Eddiemouth","morning, chair",phone,Xiaomi,2020.0,"['area', 'standard']",5.0,5.0,3.0,2.0,1191.0,1458.0,Eddiemouth,,
153,Unknown,20,Male,90,Unknown,Lake Nathanport,Incorrect email format,2015-05-12 00:00:00,Data science,,active,,,128.0,1982-07-06 04:56:00,"Frankport 5-kv, dom 9, Tashkent",,,,,,,,,,,,Tashkent,Frankport,
154,Heather Meyers,21,Female,86,+1-398-124-9448,East Donaldview,beverly27@martinez.com,2002-02-23 00:00:00,Other,87,pending,3.7,,175.0,2002-12-06 00:00:00,"BROKEN,ADDRESS,DATA,,,","represent, statement",laptop,HP,2020.0,"['trouble', 'perform']",1.0,1.0,1.0,3.0,1255.0,1029.0,,,
154,Heather Meyers,21,Female,86,+1-398-124-9448,East Donaldview,beverly27@martinez.com,2002-02-23 00:00:00,Other,87,pending,3.7,,175.0,2002-12-06 00:00:00,"BROKEN,ADDRESS,DATA,,,","represent, statement",phone,Apple,2023.0,"['talk', 'phone']",4.0,5.0,2.0,3.0,1314.0,816.0,,,
155,John Blevins,20,Female,,+1-061-017-6352,West Alicia,Incorrect email format,2001-02-08 19:22:00,Python,100,pending,,,152.0,1970-04-12 00:00:00,"Apartment 14, East Catherinechester district, Tashkent, UZ, 100015","herself, long",laptop,Dell,2021.0,"['live', 'garden']",1.0,3.0,1.0,3.0,490.0,1088.0,Tashkent,East Catherinechester,100015
155,John Blevins,20,Female,,+1-061-017-6352,West Alicia,Incorrect email format,2001-02-08 19:22:00,Python,100,pending,,,152.0,1970-04-12 00:00:00,"Apartment 14, East Catherinechester district, Tashkent, UZ, 100015","herself, long",phone,Apple,2022.0,"['term', 'light']",4.0,3.0,5.0,1.0,1398.0,576.0,Tashkent,East Catherinechester,100015
156,Unknown,,Unknown,83,+1-446-779-3909,Davidshire,Incorrect email format,2025-01-10 00:00:00,Data science,,active,,average,114.0,2023-07-15 00:00:00,"Andersonfort 14-kv, dom 48, Tashkent","economic, art",laptop,HP,2022.0,"['life', 'only']",4.0,1.0,1.0,4.0,1231.0,1351.0,Tashkent,Andersonfort,
156,Unknown,,Unknown,83,+1-446-779-3909,Davidshire,Incorrect email format,2025-01-10 00:00:00,Data science,,active,,average,114.0,2023-07-15 00:00:00,"Andersonfort 14-kv, dom 48, Tashkent","economic, art",phone,Apple,2020.0,"['though', 'less']",5.0,3.0,4.0,2.0,1115.0,1223.0,Tashkent,Andersonfort,
157,Unknown,20,Unknown,87,+1-475-032-5706,Jacksonmouth,Incorrect email format,1974-01-13 22:52:00,Data science,100,pending,,excellent,248.0,1988-07-20 00:00:00,"19489 Bradford Hill, North Ericchester","summer, go",laptop,Dell,2017.0,"['dream', 'each']",1.0,5.0,1.0,2.0,1337.0,794.0,North Ericchester,,
157,Unknown,20,Unknown,87,+1-475-032-5706,Jacksonmouth,Incorrect email format,1974-01-13 22:52:00,Data science,100,pending,,excellent,248.0,1988-07-20 00:00:00,"19489 Bradford Hill, North Ericchester","summer, go",phone,Samsung,2024.0,"['among', 'list']",1.0,4.0,4.0,0.0,833.0,904.0,North Ericchester,,
158,Sara Arnold,22,Male,73,+1-385-631-7821,Wilsonborough,Incorrect email format,1977-10-05 16:43:00,Data science,93,inactive,0.0,excellent,238.0,2021-01-20 20:37:54,"BROKEN,ADDRESS,DATA,,,","southern, various",laptop,Lenovo,2019.0,"['do', 'question']",5.0,3.0,2.0,0.0,667.0,969.0,,,
158,Sara Arnold,22,Male,73,+1-385-631-7821,Wilsonborough,Incorrect email format,1977-10-05 16:43:00,Data science,93,inactive,0.0,excellent,238.0,2021-01-20 20:37:54,"BROKEN,ADDRESS,DATA,,,","southern, various",phone,Samsung,2021.0,"['course', 'hear']",3.0,2.0,4.0,0.0,1496.0,514.0,,,
159,Unknown,20,Unknown,90,+1-383-353-6956,North Michael,Incorrect email format,2021-03-17 06:27:21,Python,70,pending,3.7,average,259.0,1992-07-18 18:26:00,"Apartment 29, New Hannahton district, Tashkent, UZ, 100981",,,,,"['show', 'matter']",4.0,2.0,1.0,5.0,220.0,1384.0,Tashkent,New Hannahton,100981
160,Eric Smith,21,Female,87,Unknown,Maryshire,Incorrect email format,1983-04-08 10:45:00,Other,96,inactive,3.7,good,113.0,1975-04-28 00:00:00,"BROKEN,ADDRESS,DATA,,,","identify, bag",laptop,Lenovo,2024.0,"['natural', 'general']",5.0,4.0,3.0,5.0,1218.0,434.0,,,
160,Eric Smith,21,Female,87,Unknown,Maryshire,Incorrect email format,1983-04-08 10:45:00,Other,96,inactive,3.7,good,113.0,1975-04-28 00:00:00,"BROKEN,ADDRESS,DATA,,,","identify, bag",phone,Samsung,2024.0,"['offer', 'grow']",5.0,5.0,4.0,0.0,965.0,1315.0,,,
161,Unknown,20,Male,50,Unknown,Davenportshire,Incorrect email format,2010-04-18 00:00:00,Python,84,pending,2.92,,223.0,2008-12-09 00:00:00,"Apartment 21, Thomasfurt district, Tashkent, UZ, 100606","campaign, and",laptop,Lenovo,2020.0,,,,,,,,Tashkent,Thomasfurt,100606
161,Unknown,20,Male,50,Unknown,Davenportshire,Incorrect email format,2010-04-18 00:00:00,Python,84,pending,2.92,,223.0,2008-12-09 00:00:00,"Apartment 21, Thomasfurt district, Tashkent, UZ, 100606","campaign, and",phone,Apple,2022.0,,,,,,,,Tashkent,Thomasfurt,100606
162,Ryan Jones,20,Female,67,Unknown,West Saraborough,Incorrect email format,2021-10-27 21:48:12,Other,,active,4.35,excellent,231.0,2019-12-21 00:00:00,"795 Martinez Springs, Edwardsshire",,,,,"['strategy', 'country']",4.0,2.0,4.0,0.0,760.0,239.0,Edwardsshire,,
163,Ana Ruiz,,Male,92,+1-056-003-2424,Andrewston,Incorrect email format,2022-11-22 08:34:11,Data science,,pending,3.96,,141.0,1976-12-20 15:53:18,"3281 Kathleen Court, Port Stephenview","animal, wind",laptop,Lenovo,2016.0,,,,,,,,Port Stephenview,,
163,Ana Ruiz,,Male,92,+1-056-003-2424,Andrewston,Incorrect email format,2022-11-22 08:34:11,Data science,,pending,3.96,,141.0,1976-12-20 15:53:18,"3281 Kathleen Court, Port Stephenview","animal, wind",phone,Xiaomi,2019.0,"['international', 'this']",4.0,3.0,3.0,2.0,1229.0,429.0,Port Stephenview,,
164,Thomas Cohen,21,Male,,+1-762-960-2831,Merrittport,ashleywoodard@roberts-reynolds.biz,1976-04-18 00:00:00,Data science,100,pending,4.5,average,287.0,1984-01-04 00:00:00,UZ 100220 Tashkent Lake Ronaldshire,,,,,"['run', 'sister']",3.0,1.0,1.0,3.0,952.0,643.0,Tashkent,Lake Ronaldshire,100220
165,Donald Shields,20,Unknown,85,Unknown,South Katelynberg,ucaldwell@yahoo.com,2019-11-15 16:17:37,Python,,inactive,0.0,good,277.0,2014-02-22 00:00:00,"Apartment 9, New Mariahton district, Tashkent, UZ, 100768",,,,,,,,,,,,Tashkent,New Mariahton,100768
166,Kathleen Taylor,18,Male,90,+1-516-297-5629,Lake Jason,theresa17@sanchez.com,2015-02-16 17:12:41,Data science,,active,0.0,excellent,226.0,1995-02-08 00:00:00,"Apartment 6, South Thomas district, Tashkent, UZ, 100972",,,,,"['that', 'walk']",2.0,4.0,1.0,3.0,282.0,1017.0,Tashkent,South Thomas,100972
167,Michael Ho,20,Female,73,Unknown,West Timothyburgh,Incorrect email format,2020-11-20 15:35:17,Other,100,inactive,4.5,average,266.0,2023-07-21 02:12:29,"BROKEN,ADDRESS,DATA,,,",,,,,,,,,,,,,,
168,Heather Peterson,19,Male,90,Unknown,Cooperside,meyerjean@hotmail.com,1998-07-28 00:00:00,Python,98,inactive,0.0,excellent,262.0,2023-09-14 12:56:04,"Apartment 10, Tracyborough district, Tashkent, UZ, 100253","real, only",laptop,Dell,2020.0,"['yes', 'available']",2.0,1.0,5.0,4.0,340.0,633.0,Tashkent,Tracyborough,100253
168,Heather Peterson,19,Male,90,Unknown,Cooperside,meyerjean@hotmail.com,1998-07-28 00:00:00,Python,98,inactive,0.0,excellent,262.0,2023-09-14 12:56:04,"Apartment 10, Tracyborough district, Tashkent, UZ, 100253","real, only",phone,Samsung,2019.0,"['face', 'response']",2.0,2.0,3.0,5.0,1300.0,1048.0,Tashkent,Tracyborough,100253
169,Jacob Joyce,,Female,90,+1-761-758-0551,East Kristin,mitchellamy@hotmail.com,1981-02-09 00:00:00,Python,100,pending,3.7,,201.0,2019-01-29 00:00:00,UZ 100234 Tashkent West Michelle,"according, particularly",laptop,Dell,2023.0,,,,,,,,Tashkent,West Michelle,100234
169,Jacob Joyce,,Female,90,+1-761-758-0551,East Kristin,mitchellamy@hotmail.com,1981-02-09 00:00:00,Python,100,pending,3.7,,201.0,2019-01-29 00:00:00,UZ 100234 Tashkent West Michelle,"according, particularly",phone,Apple,2024.0,"['would', 'after']",1.0,3.0,4.0,2.0,518.0,607.0,Tashkent,West Michelle,100234
170,Ronnie Campbell,20,Female,90,+1-424-938-2701,North Kathryn,Incorrect email format,1992-04-30 00:00:00,Other,78,active,,good,91.0,1997-08-08 00:00:00,UZ 100959 Tashkent Jamesfurt,"thought, shoulder",laptop,Lenovo,2017.0,"['say', 'do']",4.0,3.0,3.0,1.0,1464.0,1493.0,Tashkent,Jamesfurt,100959
170,Ronnie Campbell,20,Female,90,+1-424-938-2701,North Kathryn,Incorrect email format,1992-04-30 00:00:00,Other,78,active,,good,91.0,1997-08-08 00:00:00,UZ 100959 Tashkent Jamesfurt,"thought, shoulder",phone,Apple,2020.0,"['successful', 'product']",4.0,4.0,3.0,2.0,913.0,1267.0,Tashkent,Jamesfurt,100959
171,Mark Torres,22,Female,90,Unknown,Phelpsberg,riveraalexis@lynch.com,1990-10-08 00:00:00,Data science,,active,3.7,,278.0,1988-03-15 09:52:29,"New Cheryl 19-kv, dom 6, Tashkent","sure, clearly",laptop,HP,2021.0,"['society', 'next']",2.0,1.0,2.0,3.0,1161.0,228.0,Tashkent,New Cheryl,
171,Mark Torres,22,Female,90,Unknown,Phelpsberg,riveraalexis@lynch.com,1990-10-08 00:00:00,Data science,,active,3.7,,278.0,1988-03-15 09:52:29,"New Cheryl 19-kv, dom 6, Tashkent","sure, clearly",phone,Apple,2020.0,"['common', 'resource']",1.0,1.0,2.0,3.0,422.0,1398.0,Tashkent,New Cheryl,
172,Dr. Michael Macias,22,Male,83,+1-894-375-7373,New Paul,Incorrect email format,1975-12-18 00:00:00,Data science,100,inactive,4.5,,154.0,1988-07-25 00:00:00,"Apartment 12, Lake Michael district, Tashkent, UZ, 100053",,,,,"['trade', 'least']",3.0,4.0,5.0,5.0,1310.0,604.0,Tashkent,Lake Michael,100053
173,Allison Dyer,20,Female,64,Unknown,Josephchester,Incorrect email format,2022-08-15 00:00:00,Data science,,inactive,,excellent,262.0,1982-04-08 13:38:01,UZ 100683 Tashkent Valentinestad,"commercial, war",laptop,HP,2021.0,"['form', 'mean']",2.0,3.0,5.0,3.0,335.0,1183.0,Tashkent,Valentinestad,100683
173,Allison Dyer,20,Female,64,Unknown,Josephchester,Incorrect email format,2022-08-15 00:00:00,Data science,,inactive,,excellent,262.0,1982-04-08 13:38:01,UZ 100683 Tashkent Valentinestad,"commercial, war",phone,Xiaomi,2024.0,,,,,,,,Tashkent,Valentinestad,100683
174,Teresa Smith,18,Unknown,90,Unknown,New Shane,williamsdavid@woods.info,2023-01-23 06:53:44,Python,100,inactive,4.06,excellent,220.0,2022-12-31 01:23:09,"BROKEN,ADDRESS,DATA,,,",,,,,"['several', 'consider']",1.0,3.0,4.0,5.0,280.0,1029.0,,,
175,Unknown,18,Female,,+1-448-850-9283,Port Dana,Incorrect email format,2021-02-15 08:18:04,Data science,,inactive,4.5,excellent,167.0,1972-04-19 00:00:00,"BROKEN,ADDRESS,DATA,,,","begin, certain",laptop,HP,2022.0,"['idea', 'cut']",1.0,3.0,2.0,2.0,618.0,407.0,,,
175,Unknown,18,Female,,+1-448-850-9283,Port Dana,Incorrect email format,2021-02-15 08:18:04,Data science,,inactive,4.5,excellent,167.0,1972-04-19 00:00:00,"BROKEN,ADDRESS,DATA,,,","begin, certain",phone,Apple,2021.0,"['coach', 'decision']",2.0,5.0,2.0,4.0,1043.0,1206.0,,,
176,Brian Mcknight,20,Female,,+1-773-196-7777,South Sandra,Incorrect email format,1998-12-14 00:00:00,Data science,,pending,,good,280.0,2007-04-16 02:24:43,"South Paul 12-kv, dom 34, Tashkent","none, guess",laptop,HP,2021.0,"['age', 'police']",3.0,1.0,1.0,5.0,586.0,1160.0,Tashkent,South Paul,
176,Brian Mcknight,20,Female,,+1-773-196-7777,South Sandra,Incorrect email format,1998-12-14 00:00:00,Data science,,pending,,good,280.0,2007-04-16 02:24:43,"South Paul 12-kv, dom 34, Tashkent","none, guess",phone,Samsung,2023.0,,,,,,,,Tashkent,South Paul,
177,Carlos Frazier,18,Unknown,,+1-969-965-2517,Port Gracemouth,zrobinson@russell.biz,1999-11-28 00:00:00,Data science,86,pending,2.0,excellent,60.0,2014-07-30 00:00:00,"Greeneton 2-kv, dom 50, Tashkent","relationship, newspaper",laptop,Lenovo,2019.0,,,,,,,,Tashkent,Greeneton,
177,Carlos Frazier,18,Unknown,,+1-969-965-2517,Port Gracemouth,zrobinson@russell.biz,1999-11-28 00:00:00,Data science,86,pending,2.0,excellent,60.0,2014-07-30 00:00:00,"Greeneton 2-kv, dom 50, Tashkent","relationship, newspaper",phone,Samsung,2018.0,"['may', 'suddenly']",1.0,2.0,1.0,3.0,850.0,388.0,Tashkent,Greeneton,
178,Angela Kim,20,Female,90,Unknown,South Crystalland,Incorrect email format,1971-03-12 16:19:11,Data science,100,active,4.19,,183.0,2021-01-18 10:54:08,"7357 Kimberly Walks Suite 508, Port Kaylee","require, administration",laptop,Lenovo,2024.0,"['find', 'kind']",5.0,2.0,5.0,2.0,612.0,1374.0,Port Kaylee,,
178,Angela Kim,20,Female,90,Unknown,South Crystalland,Incorrect email format,1971-03-12 16:19:11,Data science,100,active,4.19,,183.0,2021-01-18 10:54:08,"7357 Kimberly Walks Suite 508, Port Kaylee","require, administration",phone,Samsung,2022.0,"['which', 'actually']",5.0,4.0,4.0,3.0,1415.0,828.0,Port Kaylee,,
179,Unknown,19,Unknown,69,+1-406-528-1696,Port Tammy,krobertson@butler.info,2016-06-03 00:00:00,Python,100,pending,3.7,good,122.0,2009-07-10 00:00:00,"Apartment 40, Peterberg district, Tashkent, UZ, 100026","second, their",laptop,HP,2020.0,,,,,,,,Tashkent,Peterberg,100026
179,Unknown,19,Unknown,69,+1-406-528-1696,Port Tammy,krobertson@butler.info,2016-06-03 00:00:00,Python,100,pending,3.7,good,122.0,2009-07-10 00:00:00,"Apartment 40, Peterberg district, Tashkent, UZ, 100026","second, their",phone,Samsung,2018.0,"['end', 'collection']",3.0,5.0,5.0,0.0,1095.0,1133.0,Tashkent,Peterberg,100026
180,Unknown,,Unknown,,+1-796-484-7132,Janetstad,Incorrect email format,1975-03-08 00:00:00,Python,100,inactive,,good,157.0,2023-02-13 11:39:13,"Apartment 15, West Brian district, Tashkent, UZ, 100756","kid, mention",laptop,HP,2017.0,"['conference', 'commercial']",3.0,1.0,3.0,4.0,1499.0,861.0,Tashkent,West Brian,100756
180,Unknown,,Unknown,,+1-796-484-7132,Janetstad,Incorrect email format,1975-03-08 00:00:00,Python,100,inactive,,good,157.0,2023-02-13 11:39:13,"Apartment 15, West Brian district, Tashkent, UZ, 100756","kid, mention",phone,Xiaomi,2018.0,,,,,,,,Tashkent,West Brian,100756
181,Unknown,22,Female,,+1-378-349-3526,Christophermouth,ssmall@reynolds-miller.com,1972-04-07 07:17:00,Python,,active,4.5,excellent,276.0,2011-04-22 00:00:00,"Apartment 12, Davidtown district, Tashkent, UZ, 100617","letter, many",laptop,Lenovo,2023.0,,,,,,,,Tashkent,Davidtown,100617
181,Unknown,22,Female,,+1-378-349-3526,Christophermouth,ssmall@reynolds-miller.com,1972-04-07 07:17:00,Python,,active,4.5,excellent,276.0,2011-04-22 00:00:00,"Apartment 12, Davidtown district, Tashkent, UZ, 100617","letter, many",phone,Samsung,2021.0,"['hand', 'room']",3.0,2.0,4.0,5.0,709.0,1412.0,Tashkent,Davidtown,100617
182,Unknown,,Unknown,69,+1-286-874-2963,Joshuaborough,zrodriguez@briggs.com,1999-03-11 00:47:27,Python,100,pending,0.0,average,294.0,2022-06-13 08:47:01,"Apartment 14, Jenniferview district, Tashkent, UZ, 100408",,,,,,,,,,,,Tashkent,Jenniferview,100408
183,Larry Pierce,20,Female,,+1-685-006-5058,Tinafurt,Incorrect email format,1981-08-01 20:54:00,Data science,,pending,0.0,average,74.0,2005-07-31 01:53:09,"Apartment 14, North Jose district, Tashkent, UZ, 100999",,,,,,,,,,,,Tashkent,North Jose,100999
184,Unknown,22,Female,,Unknown,North Nancy,Incorrect email format,2013-10-24 00:00:00,Python,,inactive,,,207.0,2022-08-24 21:44:32,"Reevesside 25-kv, dom 20, Tashkent",,,,,,,,,,,,Tashkent,Reevesside,
185,Unknown,18,Unknown,64,+1-886-548-7868,Brownchester,Incorrect email format,2021-03-29 23:45:46,Data science,100,pending,0.0,excellent,95.0,1977-07-30 00:00:00,"BROKEN,ADDRESS,DATA,,,","partner, smile",laptop,HP,2021.0,"['information', 'available']",5.0,4.0,1.0,3.0,567.0,233.0,,,
185,Unknown,18,Unknown,64,+1-886-548-7868,Brownchester,Incorrect email format,2021-03-29 23:45:46,Data science,100,pending,0.0,excellent,95.0,1977-07-30 00:00:00,"BROKEN,ADDRESS,DATA,,,","partner, smile",phone,Samsung,2023.0,,,,,,,,,,
186,Michael Taylor,19,Unknown,95,+1-917-224-8049,South Jamie,Incorrect email format,2024-06-13 01:04:00,Data science,95,active,1.46,average,81.0,2023-10-26 10:29:45,"2870 Gamble Fall, Fordview","foreign, foot",laptop,HP,2021.0,,,,,,,,Fordview,,
186,Michael Taylor,19,Unknown,95,+1-917-224-8049,South Jamie,Incorrect email format,2024-06-13 01:04:00,Data science,95,active,1.46,average,81.0,2023-10-26 10:29:45,"2870 Gamble Fall, Fordview","foreign, foot",phone,Samsung,2021.0,"['artist', 'process']",4.0,5.0,2.0,3.0,1367.0,1013.0,Fordview,,
187,Unknown,19,Female,75,+1-969-133-8568,Castromouth,trevor37@jordan.com,2021-08-12 15:28:09,Data science,,active,3.7,,104.0,1980-04-19 00:00:00,"Apartment 13, Marymouth district, Tashkent, UZ, 100299","population, instead",laptop,Lenovo,2017.0,"['myself', 'seven']",3.0,1.0,3.0,5.0,906.0,1438.0,Tashkent,Marymouth,100299
187,Unknown,19,Female,75,+1-969-133-8568,Castromouth,trevor37@jordan.com,2021-08-12 15:28:09,Data science,,active,3.7,,104.0,1980-04-19 00:00:00,"Apartment 13, Marymouth district, Tashkent, UZ, 100299","population, instead",phone,Xiaomi,2018.0,,,,,,,,Tashkent,Marymouth,100299
188,Gregory Duffy,20,Female,77,+1-934-223-9510,New Ashleyburgh,Incorrect email format,2002-07-06 00:00:00,Data science,,active,2.0,average,291.0,2021-03-02 00:56:44,"540 Gonzalez Junction Apt. 632, Nelsonview","series, really",laptop,Lenovo,2021.0,"['sign', 'throughout']",2.0,3.0,5.0,2.0,486.0,1054.0,Nelsonview,,
188,Gregory Duffy,20,Female,77,+1-934-223-9510,New Ashleyburgh,Incorrect email format,2002-07-06 00:00:00,Data science,,active,2.0,average,291.0,2021-03-02 00:56:44,"540 Gonzalez Junction Apt. 632, Nelsonview","series, really",phone,Xiaomi,2023.0,"['produce', 'page']",1.0,3.0,5.0,3.0,1047.0,811.0,Nelsonview,,
189,Jennifer Delgado,20,Unknown,66,+1-928-832-2978,Robinsonchester,Incorrect email format,2003-02-21 14:59:00,Data science,,pending,3.7,excellent,108.0,2000-03-27 21:34:00,"New Sean 1-kv, dom 18, Tashkent",,,,,,,,,,,,Tashkent,New Sean,
190,Kurt Price,18,Female,85,+1-956-082-1206,Ashleyburgh,peter22@gmail.com,2022-08-08 10:00:00,Data science,,inactive,2.0,good,256.0,1970-05-16 20:54:00,"Jonesstad 28-kv, dom 20, Tashkent","teach, federal",laptop,Lenovo,2023.0,"['field', 'fast']",5.0,1.0,3.0,2.0,1303.0,1219.0,Tashkent,Jonesstad,
190,Kurt Price,18,Female,85,+1-956-082-1206,Ashleyburgh,peter22@gmail.com,2022-08-08 10:00:00,Data science,,inactive,2.0,good,256.0,1970-05-16 20:54:00,"Jonesstad 28-kv, dom 20, Tashkent","teach, federal",phone,Apple,2024.0,"['create', 'word']",5.0,1.0,3.0,3.0,524.0,1494.0,Tashkent,Jonesstad,
191,John West,18,Unknown,90,Unknown,New Charles,carterjeffrey@sullivan.com,1982-11-03 11:02:00,Data science,100,inactive,,good,117.0,1987-09-05 00:00:00,"BROKEN,ADDRESS,DATA,,,",,,,,,,,,,,,,,
192,Scott Bradley,21,Female,82,Unknown,New Patriciaborough,smallrachel@yahoo.com,1994-09-19 00:00:00,Data science,100,inactive,3.7,good,100.0,2012-03-26 04:33:00,"5846 Erin Glens, Port Kristen","them, clear",laptop,Lenovo,2017.0,"['stop', 'enough']",2.0,1.0,1.0,5.0,1419.0,1065.0,Port Kristen,,
192,Scott Bradley,21,Female,82,Unknown,New Patriciaborough,smallrachel@yahoo.com,1994-09-19 00:00:00,Data science,100,inactive,3.7,good,100.0,2012-03-26 04:33:00,"5846 Erin Glens, Port Kristen","them, clear",phone,Xiaomi,2018.0,"['win', 'fall']",3.0,1.0,4.0,4.0,1342.0,1266.0,Port Kristen,,
193,Mrs. Kelly Turner,20,Male,92,+1-512-365-9050,East Willie,Incorrect email format,1993-09-24 00:00:00,Other,100,pending,1.12,excellent,214.0,1984-07-12 09:27:50,"Apartment 28, Jillianview district, Tashkent, UZ, 100658","inside, become",laptop,Lenovo,2023.0,"['analysis', 'respond']",2.0,3.0,3.0,0.0,642.0,773.0,Tashkent,Jillianview,100658
193,Mrs. Kelly Turner,20,Male,92,+1-512-365-9050,East Willie,Incorrect email format,1993-09-24 00:00:00,Other,100,pending,1.12,excellent,214.0,1984-07-12 09:27:50,"Apartment 28, Jillianview district, Tashkent, UZ, 100658","inside, become",phone,Samsung,2021.0,,,,,,,,Tashkent,Jillianview,100658
194,Kristen Mercer,20,Female,86,+1-786-428-6152,Frankmouth,Incorrect email format,2018-03-29 03:18:03,Data science,100,inactive,,,97.0,2007-09-16 16:23:00,UZ 100904 Tashkent Xavierton,"sport, office",laptop,HP,2015.0,"['continue', 'modern']",4.0,4.0,3.0,3.0,1134.0,809.0,Tashkent,Xavierton,100904
194,Kristen Mercer,20,Female,86,+1-786-428-6152,Frankmouth,Incorrect email format,2018-03-29 03:18:03,Data science,100,inactive,,,97.0,2007-09-16 16:23:00,UZ 100904 Tashkent Xavierton,"sport, office",phone,Samsung,2021.0,"['table', 'someone']",4.0,4.0,4.0,1.0,856.0,1449.0,Tashkent,Xavierton,100904
195,Unknown,20,Female,62,+1-154-591-9657,South Christopherbury,Incorrect email format,2025-03-18 00:00:00,Python,100,active,3.69,excellent,166.0,2023-03-29 23:18:22,"8258 Kristin Place, Allenview","base, either",laptop,HP,2019.0,"['put', 'central']",4.0,5.0,3.0,0.0,1331.0,223.0,Allenview,,
195,Unknown,20,Female,62,+1-154-591-9657,South Christopherbury,Incorrect email format,2025-03-18 00:00:00,Python,100,active,3.69,excellent,166.0,2023-03-29 23:18:22,"8258 Kristin Place, Allenview","base, either",phone,Xiaomi,2018.0,"['safe', 'manager']",5.0,2.0,5.0,5.0,363.0,462.0,Allenview,,
196,Unknown,,Female,65,+1-708-629-3145,New Virginiamouth,Incorrect email format,2022-01-28 11:05:20,Data science,100,pending,4.5,,160.0,2020-12-22 13:41:32,UZ 100451 Tashkent North Stephanieborough,"again, wish",laptop,HP,2020.0,,,,,,,,Tashkent,North Stephanieborough,100451
196,Unknown,,Female,65,+1-708-629-3145,New Virginiamouth,Incorrect email format,2022-01-28 11:05:20,Data science,100,pending,4.5,,160.0,2020-12-22 13:41:32,UZ 100451 Tashkent North Stephanieborough,"again, wish",phone,Samsung,2018.0,"['outside', 'ball']",3.0,5.0,1.0,5.0,951.0,988.0,Tashkent,North Stephanieborough,100451
197,Unknown,20,Unknown,51,+1-405-325-5445,Bradfordborough,Incorrect email format,2024-10-13 19:41:04,Data science,100,pending,,good,209.0,2022-12-24 14:58:19,"BROKEN,ADDRESS,DATA,,,",,,,,,,,,,,,,,
198,Kayla Graham,20,Female,58,+1-953-363-8192,Lake Christinehaven,Incorrect email format,1994-10-17 00:00:00,Python,80,active,3.7,excellent,65.0,2005-03-19 00:00:00,"BROKEN,ADDRESS,DATA,,,",,,,,"['head', 'old']",1.0,3.0,5.0,3.0,526.0,1121.0,,,
199,Sheila Stafford,18,Unknown,66,Unknown,Hamiltonstad,Incorrect email format,1979-10-12 03:48:35,Data science,,inactive,0.0,excellent,146.0,1974-12-28 00:00:00,"New Josephville 1-kv, dom 23, Tashkent","will, prove",laptop,Lenovo,2022.0,,,,,,,,Tashkent,New Josephville,
199,Sheila Stafford,18,Unknown,66,Unknown,Hamiltonstad,Incorrect email format,1979-10-12 03:48:35,Data science,,inactive,0.0,excellent,146.0,1974-12-28 00:00:00,"New Josephville 1-kv, dom 23, Tashkent","will, prove",phone,Apple,2023.0,"['sure', 'son']",2.0,1.0,3.0,3.0,1378.0,513.0,Tashkent,New Josephville,
200,Tyler Ramos,20,Female,,Unknown,New Christina,michael32@williams.com,1985-02-05 00:00:00,Python,,active,3.91,average,111.0,2021-06-25 20:03:57,"Michaelborough 6-kv, dom 31, Tashkent","media, bill",laptop,Dell,2015.0,"['specific', 'reduce']",4.0,2.0,1.0,3.0,508.0,1273.0,Tashkent,Michaelborough,
200,Tyler Ramos,20,Female,,Unknown,New Christina,michael32@williams.com,1985-02-05 00:00:00,Python,,active,3.91,average,111.0,2021-06-25 20:03:57,"Michaelborough 6-kv, dom 31, Tashkent","media, bill",phone,Xiaomi,2018.0,,,,,,,,Tashkent,Michaelborough,
201,Unknown,20,Female,,Unknown,Matthewtown,jamie54@patel-carter.biz,2016-02-19 00:00:00,Data science,100,active,2.45,good,264.0,1981-10-17 06:37:28,"BROKEN,ADDRESS,DATA,,,",,,,,,,,,,,,,,
202,Hayley Martinez,18,Female,90,+1-928-592-7556,Port Paulville,Incorrect email format,2023-10-11 02:36:48,Other,,inactive,,excellent,299.0,1988-01-27 00:00:00,UZ 100922 Tashkent East Nicholas,"skin, once",laptop,Lenovo,2016.0,"['performance', 'building']",1.0,2.0,4.0,3.0,869.0,375.0,Tashkent,East Nicholas,100922
202,Hayley Martinez,18,Female,90,+1-928-592-7556,Port Paulville,Incorrect email format,2023-10-11 02:36:48,Other,,inactive,,excellent,299.0,1988-01-27 00:00:00,UZ 100922 Tashkent East Nicholas,"skin, once",phone,Samsung,2024.0,"['over', 'condition']",3.0,5.0,3.0,3.0,1137.0,881.0,Tashkent,East Nicholas,100922
203,Unknown,20,Female,90,+1-249-342-8347,Lake Robertbury,Incorrect email format,2016-12-30 00:00:00,Python,,inactive,0.0,good,93.0,2000-03-16 00:00:00,"094 Mark Fork, Matthewmouth","south, address",laptop,Dell,2021.0,"['meeting', 'parent']",4.0,4.0,1.0,5.0,824.0,1340.0,Matthewmouth,,
203,Unknown,20,Female,90,+1-249-342-8347,Lake Robertbury,Incorrect email format,2016-12-30 00:00:00,Python,,inactive,0.0,good,93.0,2000-03-16 00:00:00,"094 Mark Fork, Matthewmouth","south, address",phone,Xiaomi,2018.0,"['civil', 'shoulder']",3.0,3.0,1.0,1.0,319.0,400.0,Matthewmouth,,
204,Unknown,,Female,90,Unknown,Port Laurenborough,Incorrect email format,1981-02-01 00:00:00,Other,,inactive,2.0,good,160.0,2011-03-28 01:47:28,"Charlesburgh 23-kv, dom 41, Tashkent",,,,,"['sometimes', 'president']",3.0,4.0,3.0,0.0,635.0,304.0,Tashkent,Charlesburgh,
205,Kathryn Allen,20,Female,95,+1-361-770-0621,New Kevinton,Incorrect email format,1977-02-10 00:00:00,Python,77,pending,3.7,excellent,145.0,2019-08-10 00:00:00,"BROKEN,ADDRESS,DATA,,,","ground, whether",laptop,Lenovo,2024.0,"['page', 'woman']",3.0,1.0,1.0,3.0,1288.0,465.0,,,
205,Kathryn Allen,20,Female,95,+1-361-770-0621,New Kevinton,Incorrect email format,1977-02-10 00:00:00,Python,77,pending,3.7,excellent,145.0,2019-08-10 00:00:00,"BROKEN,ADDRESS,DATA,,,","ground, whether",phone,Xiaomi,2021.0,"['heart', 'thank']",4.0,2.0,3.0,3.0,721.0,564.0,,,
206,Tyler Wright,20,Unknown,95,Unknown,Lucasland,Incorrect email format,1972-02-09 04:43:00,Python,100,pending,2.0,,69.0,1979-09-20 09:03:00,"Apartment 42, Smithborough district, Tashkent, UZ, 100017","child, yard",laptop,Lenovo,2017.0,"['operation', 'pretty']",5.0,3.0,1.0,4.0,471.0,1028.0,Tashkent,Smithborough,100017
206,Tyler Wright,20,Unknown,95,Unknown,Lucasland,Incorrect email format,1972-02-09 04:43:00,Python,100,pending,2.0,,69.0,1979-09-20 09:03:00,"Apartment 42, Smithborough district, Tashkent, UZ, 100017","child, yard",phone,Samsung,2024.0,,,,,,,,Tashkent,Smithborough,100017
207,Stephen Gordon,21,Female,90,+1-890-179-1407,East Monicastad,tdonovan@hall.biz,1975-08-14 00:00:00,Data science,,pending,2.0,good,131.0,1982-08-05 00:00:00,"00705 Terrance Street Apt. 121, Christinaport","training, while",laptop,HP,2016.0,,,,,,,,Christinaport,,
207,Stephen Gordon,21,Female,90,+1-890-179-1407,East Monicastad,tdonovan@hall.biz,1975-08-14 00:00:00,Data science,,pending,2.0,good,131.0,1982-08-05 00:00:00,"00705 Terrance Street Apt. 121, Christinaport","training, while",phone,Apple,2022.0,"['call', 'per']",5.0,1.0,5.0,3.0,1235.0,1300.0,Christinaport,,
208,Pedro Mcdaniel,,Male,72,+1-898-114-0950,Lake Linda,garciapamela@gmail.com,2018-03-09 00:00:00,Python,,pending,1.08,average,87.0,1983-12-01 00:00:00,UZ 100020 Tashkent South Anthony,,,,,"['serious', 'onto']",1.0,1.0,3.0,1.0,1218.0,581.0,Tashkent,South Anthony,100020
209,Margaret Peters,19,Female,90,+1-790-556-3076,Lake Jenniferville,melissajohnston@gmail.com,2013-09-23 09:00:00,Data science,,inactive,3.7,excellent,239.0,1979-10-30 00:00:00,UZ 100583 Tashkent Robertmouth,,,,,,,,,,,,Tashkent,Robertmouth,100583
210,Unknown,,Male,90,+1-917-265-1917,New Christopher,Incorrect email format,2022-04-12 21:36:00,Python,100,inactive,,average,184.0,2010-12-22 04:56:00,"Meaganchester 4-kv, dom 34, Tashkent","sound, respond",laptop,Dell,2024.0,"['go', 'prepare']",5.0,3.0,4.0,1.0,1324.0,1202.0,Tashkent,Meaganchester,
210,Unknown,,Male,90,+1-917-265-1917,New Christopher,Incorrect email format,2022-04-12 21:36:00,Python,100,inactive,,average,184.0,2010-12-22 04:56:00,"Meaganchester 4-kv, dom 34, Tashkent","sound, respond",phone,Apple,2019.0,"['region', 'court']",1.0,5.0,4.0,0.0,574.0,1222.0,Tashkent,Meaganchester,
211,Thomas Spence,20,Unknown,,Unknown,Baileymouth,Incorrect email format,2011-09-27 21:52:14,Python,100,inactive,0.0,good,257.0,2008-01-27 00:00:00,"8175 Davis Mountains, Lake James",,,,,,,,,,,,Lake James,,
212,Ashley Fuller,21,Male,70,+1-079-229-5034,Timothyborough,Incorrect email format,2023-07-08 23:11:13,Python,100,active,0.0,excellent,54.0,2021-01-10 04:22:02,"Apartment 38, Rachelport district, Tashkent, UZ, 100706","baby, age",laptop,Lenovo,2022.0,"['traditional', 'security']",3.0,1.0,3.0,2.0,843.0,1477.0,Tashkent,Rachelport,100706
212,Ashley Fuller,21,Male,70,+1-079-229-5034,Timothyborough,Incorrect email format,2023-07-08 23:11:13,Python,100,active,0.0,excellent,54.0,2021-01-10 04:22:02,"Apartment 38, Rachelport district, Tashkent, UZ, 100706","baby, age",phone,Apple,2018.0,,,,,,,,Tashkent,Rachelport,100706
213,Megan Lambert,18,Male,75,+1-355-954-5695,New Michael,Incorrect email format,2022-11-28 22:39:46,Python,100,pending,2.0,,151.0,2018-07-17 00:00:00,"Apartment 27, New Brianshire district, Tashkent, UZ, 100123","avoid, action",laptop,HP,2019.0,,,,,,,,Tashkent,New Brianshire,100123
213,Megan Lambert,18,Male,75,+1-355-954-5695,New Michael,Incorrect email format,2022-11-28 22:39:46,Python,100,pending,2.0,,151.0,2018-07-17 00:00:00,"Apartment 27, New Brianshire district, Tashkent, UZ, 100123","avoid, action",phone,Apple,2019.0,"['for', 'mission']",2.0,5.0,2.0,2.0,433.0,628.0,Tashkent,New Brianshire,100123
214,Nancy Zimmerman,22,Male,90,+1-010-980-7400,Matthewburgh,Incorrect email format,2008-10-03 00:00:00,Data science,100,active,2.0,,166.0,1985-09-02 00:00:00,UZ 100413 Tashkent Perryhaven,"force, half",laptop,HP,2015.0,,,,,,,,Tashkent,Perryhaven,100413
214,Nancy Zimmerman,22,Male,90,+1-010-980-7400,Matthewburgh,Incorrect email format,2008-10-03 00:00:00,Data science,100,active,2.0,,166.0,1985-09-02 00:00:00,UZ 100413 Tashkent Perryhaven,"force, half",phone,Xiaomi,2019.0,,,,,,,,Tashkent,Perryhaven,100413
215,Joshua Miller,20,Female,,Unknown,Port Cynthiashire,Incorrect email format,1977-05-17 01:23:29,Data science,100,inactive,0.0,average,182.0,2002-10-07 17:41:44,"3347 Huff Flats Suite 397, South Juliantown",,,,,,,,,,,,South Juliantown,,
216,Unknown,20,Male,82,+1-117-222-4793,New Austinhaven,evansdaniel@hotmail.com,2018-08-06 08:30:00,Python,60,pending,0.0,excellent,242.0,2003-10-18 17:09:00,"31066 Alejandro Terrace Apt. 105, Faithhaven","bar, offer",laptop,HP,2018.0,"['upon', 'relate']",4.0,5.0,3.0,3.0,1156.0,1047.0,Faithhaven,,
216,Unknown,20,Male,82,+1-117-222-4793,New Austinhaven,evansdaniel@hotmail.com,2018-08-06 08:30:00,Python,60,pending,0.0,excellent,242.0,2003-10-18 17:09:00,"31066 Alejandro Terrace Apt. 105, Faithhaven","bar, offer",phone,Samsung,2021.0,,,,,,,,Faithhaven,,
217,Unknown,21,Female,73,+1-249-104-1545,Jarvisview,kylerichardson@dyer.com,1985-01-31 17:46:59,Data science,83,inactive,4.5,,162.0,2022-12-05 12:41:59,UZ 100852 Tashkent Lake Samantha,"everybody, there",laptop,HP,2023.0,"['thing', 'several']",4.0,1.0,5.0,1.0,1251.0,799.0,Tashkent,Lake Samantha,100852
217,Unknown,21,Female,73,+1-249-104-1545,Jarvisview,kylerichardson@dyer.com,1985-01-31 17:46:59,Data science,83,inactive,4.5,,162.0,2022-12-05 12:41:59,UZ 100852 Tashkent Lake Samantha,"everybody, there",phone,Apple,2019.0,"['black', 'in']",4.0,5.0,2.0,3.0,324.0,1139.0,Tashkent,Lake Samantha,100852
218,Unknown,19,Female,,+1-468-427-7504,Jonathanton,Incorrect email format,1990-06-20 07:38:18,Python,100,pending,,excellent,133.0,2014-03-11 00:21:00,"Apartment 27, West Pamelafurt district, Tashkent, UZ, 100776",,,,,,,,,,,,Tashkent,West Pamelafurt,100776
219,John Crosby,20,Female,90,+1-953-626-3866,Lake Micheleside,moorebrooke@gmail.com,1994-03-16 00:00:00,Data science,,inactive,4.5,good,169.0,1979-11-20 20:58:00,"Apartment 47, South Joshuabury district, Tashkent, UZ, 100368","theory, go",laptop,HP,2023.0,,,,,,,,Tashkent,South Joshuabury,100368
219,John Crosby,20,Female,90,+1-953-626-3866,Lake Micheleside,moorebrooke@gmail.com,1994-03-16 00:00:00,Data science,,inactive,4.5,good,169.0,1979-11-20 20:58:00,"Apartment 47, South Joshuabury district, Tashkent, UZ, 100368","theory, go",phone,Apple,2022.0,"['place', 'debate']",4.0,1.0,5.0,2.0,290.0,315.0,Tashkent,South Joshuabury,100368
220,Lance Jackson,22,Male,81,Unknown,Caitlinville,Incorrect email format,2004-02-02 19:24:00,Data science,80,pending,2.0,excellent,127.0,1980-06-02 00:00:00,"BROKEN,ADDRESS,DATA,,,","source, laugh",laptop,Lenovo,2016.0,"['whether', 'rock']",3.0,1.0,2.0,5.0,381.0,899.0,,,
220,Lance Jackson,22,Male,81,Unknown,Caitlinville,Incorrect email format,2004-02-02 19:24:00,Data science,80,pending,2.0,excellent,127.0,1980-06-02 00:00:00,"BROKEN,ADDRESS,DATA,,,","source, laugh",phone,Xiaomi,2018.0,"['always', 'order']",4.0,2.0,2.0,1.0,740.0,774.0,,,
221,Karen Smith,,Female,85,Unknown,Sarahview,Incorrect email format,1998-06-02 00:00:00,Python,,pending,3.11,excellent,141.0,2023-01-24 03:23:46,UZ 100054 Tashkent Munozshire,,,,,"['trouble', 'effect']",2.0,4.0,4.0,2.0,363.0,669.0,Tashkent,Munozshire,100054
222,Mr. Aaron Murphy,22,Female,73,Unknown,North Scottmouth,Incorrect email format,1982-05-12 00:00:00,Python,66,inactive,,excellent,106.0,2023-07-12 00:00:00,"Apartment 27, South Lauren district, Tashkent, UZ, 100652",,,,,"['fire', 'ability']",1.0,3.0,3.0,3.0,449.0,549.0,Tashkent,South Lauren,100652
223,Juan Bailey,20,Unknown,77,Unknown,North Joshuachester,Incorrect email format,1999-06-11 00:00:00,Data science,85,active,3.7,,251.0,1974-01-21 00:00:00,"New Jason 27-kv, dom 49, Tashkent","open, full",laptop,HP,2015.0,"['thank', 'current']",4.0,1.0,1.0,2.0,1220.0,1488.0,Tashkent,New Jason,
223,Juan Bailey,20,Unknown,77,Unknown,North Joshuachester,Incorrect email format,1999-06-11 00:00:00,Data science,85,active,3.7,,251.0,1974-01-21 00:00:00,"New Jason 27-kv, dom 49, Tashkent","open, full",phone,Xiaomi,2022.0,"['share', 'force']",4.0,2.0,2.0,0.0,1394.0,719.0,Tashkent,New Jason,
224,Randy Diaz,20,Female,,Unknown,Butlerhaven,Incorrect email format,1992-01-03 00:00:00,Data science,100,pending,4.5,excellent,77.0,2008-12-04 12:38:00,"388 Jonathan Tunnel, Claytontown","bar, improve",laptop,Lenovo,2015.0,,,,,,,,Claytontown,,
224,Randy Diaz,20,Female,,Unknown,Butlerhaven,Incorrect email format,1992-01-03 00:00:00,Data science,100,pending,4.5,excellent,77.0,2008-12-04 12:38:00,"388 Jonathan Tunnel, Claytontown","bar, improve",phone,Xiaomi,2020.0,,,,,,,,Claytontown,,
225,Unknown,18,Female,,+1-908-591-6827,Daltonmouth,ismith@yahoo.com,2018-03-16 00:00:00,Python,100,pending,,excellent,148.0,2005-08-24 00:00:00,"1104 Sanchez Locks Apt. 466, Jonesberg",,,,,"['like', 'speech']",5.0,3.0,1.0,3.0,625.0,271.0,Jonesberg,,
226,Brett Newman,20,Female,73,+1-308-314-9187,Port Michelle,Incorrect email format,2023-04-25 06:52:07,Data science,100,active,4.5,average,251.0,1986-01-05 00:00:00,UZ 100469 Tashkent Samanthaborough,,,,,"['main', 'soon']",4.0,5.0,4.0,0.0,1434.0,1280.0,Tashkent,Samanthaborough,100469
227,Stacie Hawkins,18,Unknown,84,Unknown,Gregoryfurt,sarah04@davis.com,2023-11-02 02:28:03,Data science,79,pending,3.7,excellent,292.0,2011-12-25 00:00:00,"BROKEN,ADDRESS,DATA,,,","he, go",laptop,Lenovo,2015.0,"['design', 'arrive']",3.0,2.0,1.0,1.0,1391.0,1437.0,,,
227,Stacie Hawkins,18,Unknown,84,Unknown,Gregoryfurt,sarah04@davis.com,2023-11-02 02:28:03,Data science,79,pending,3.7,excellent,292.0,2011-12-25 00:00:00,"BROKEN,ADDRESS,DATA,,,","he, go",phone,Xiaomi,2024.0,,,,,,,,,,
228,Ann Patterson,,Female,90,Unknown,East Kristopherbury,Incorrect email format,2013-12-10 04:01:20,Data science,,pending,4.5,average,95.0,1992-04-30 00:00:00,UZ 100020 Tashkent New Danaburgh,,,,,"['century', 'seven']",1.0,1.0,4.0,4.0,440.0,727.0,Tashkent,New Danaburgh,100020
229,Unknown,21,Male,90,+1-835-539-0341,New Michele,Incorrect email format,2008-05-20 02:19:39,Python,100,inactive,,good,259.0,1996-06-08 00:00:00,"Apartment 1, Webbburgh district, Tashkent, UZ, 100201","chance, later",laptop,HP,2019.0,,,,,,,,Tashkent,Webbburgh,100201
229,Unknown,21,Male,90,+1-835-539-0341,New Michele,Incorrect email format,2008-05-20 02:19:39,Python,100,inactive,,good,259.0,1996-06-08 00:00:00,"Apartment 1, Webbburgh district, Tashkent, UZ, 100201","chance, later",phone,Samsung,2018.0,"['strategy', 'unit']",5.0,4.0,1.0,4.0,773.0,1127.0,Tashkent,Webbburgh,100201
230,Cesar Carr,19,Unknown,70,Unknown,Port Alvin,Incorrect email format,2022-01-08 06:25:49,Python,100,inactive,3.7,excellent,97.0,2014-12-04 00:00:00,"BROKEN,ADDRESS,DATA,,,","goal, green",laptop,Dell,2015.0,"['personal', 'before']",3.0,5.0,5.0,5.0,676.0,1252.0,,,
230,Cesar Carr,19,Unknown,70,Unknown,Port Alvin,Incorrect email format,2022-01-08 06:25:49,Python,100,inactive,3.7,excellent,97.0,2014-12-04 00:00:00,"BROKEN,ADDRESS,DATA,,,","goal, green",phone,Samsung,2018.0,,,,,,,,,,
231,Unknown,22,Unknown,90,+1-504-243-8948,Espinozamouth,ewilliams@turner-rhodes.org,1995-08-18 00:00:00,Python,,inactive,,excellent,70.0,1980-02-12 00:00:00,"685 Tiffany Island Apt. 341, Adamhaven",,,,,,,,,,,,Adamhaven,,
232,Unknown,21,Unknown,90,+1-947-543-3841,Crystalmouth,Incorrect email format,2024-12-12 01:37:12,Data science,100,inactive,1.22,excellent,226.0,1982-03-18 22:20:00,"7335 Alex Parks Apt. 827, Gordontown","television, guess",laptop,Dell,2015.0,,,,,,,,Gordontown,,
232,Unknown,21,Unknown,90,+1-947-543-3841,Crystalmouth,Incorrect email format,2024-12-12 01:37:12,Data science,100,inactive,1.22,excellent,226.0,1982-03-18 22:20:00,"7335 Alex Parks Apt. 827, Gordontown","television, guess",phone,Xiaomi,2022.0,,,,,,,,Gordontown,,
233,Shannon Floyd,18,Female,90,+1-462-427-5971,South Heather,ytran@knapp.org,2014-02-28 00:00:00,Data science,100,inactive,,excellent,287.0,2001-06-14 22:43:00,"Port Bradleyfurt 3-kv, dom 15, Tashkent","parent, might",laptop,Lenovo,2021.0,,,,,,,,Tashkent,Port Bradleyfurt,
233,Shannon Floyd,18,Female,90,+1-462-427-5971,South Heather,ytran@knapp.org,2014-02-28 00:00:00,Data science,100,inactive,,excellent,287.0,2001-06-14 22:43:00,"Port Bradleyfurt 3-kv, dom 15, Tashkent","parent, might",phone,Xiaomi,2019.0,"['child', 'staff']",5.0,5.0,3.0,5.0,1398.0,413.0,Tashkent,Port Bradleyfurt,
234,Kenneth Frye,19,Male,90,Unknown,North Juanborough,sydney04@keith-roberson.net,2021-01-27 00:00:00,Data science,100,pending,1.08,excellent,141.0,2019-12-02 00:00:00,"BROKEN,ADDRESS,DATA,,,","nothing, senior",laptop,Dell,2021.0,"['recently', 'ground']",5.0,3.0,4.0,0.0,643.0,773.0,,,
234,Kenneth Frye,19,Male,90,Unknown,North Juanborough,sydney04@keith-roberson.net,2021-01-27 00:00:00,Data science,100,pending,1.08,excellent,141.0,2019-12-02 00:00:00,"BROKEN,ADDRESS,DATA,,,","nothing, senior",phone,Samsung,2023.0,"['customer', 'forward']",1.0,3.0,1.0,0.0,1019.0,1024.0,,,
235,Unknown,21,Female,90,+1-788-244-1970,North Tracy,patriciajones@hancock.com,2015-10-29 00:00:00,Data science,100,active,,excellent,72.0,2007-07-09 00:00:00,"BROKEN,ADDRESS,DATA,,,",,,,,,,,,,,,,,
236,Unknown,,Male,,+1-815-089-5710,Melindaport,Incorrect email format,1991-10-25 21:50:00,Data science,,pending,3.7,good,154.0,1983-03-23 00:00:00,"2195 Hamilton Turnpike Apt. 662, Gutierrezchester","society, kitchen",laptop,HP,2020.0,"['market', 'rise']",4.0,5.0,1.0,2.0,479.0,532.0,Gutierrezchester,,
236,Unknown,,Male,,+1-815-089-5710,Melindaport,Incorrect email format,1991-10-25 21:50:00,Data science,,pending,3.7,good,154.0,1983-03-23 00:00:00,"2195 Hamilton Turnpike Apt. 662, Gutierrezchester","society, kitchen",phone,Xiaomi,2022.0,"['nearly', 'thank']",3.0,3.0,4.0,3.0,1305.0,1060.0,Gutierrezchester,,
237,Leonard Reyes,19,Unknown,64,+1-257-402-4229,South Lorrainetown,Incorrect email format,1995-10-08 00:00:00,Data science,100,active,,,277.0,1993-04-08 00:00:00,"BROKEN,ADDRESS,DATA,,,","sense, create",laptop,Lenovo,2020.0,"['million', 'standard']",3.0,2.0,3.0,3.0,1096.0,1164.0,,,
237,Leonard Reyes,19,Unknown,64,+1-257-402-4229,South Lorrainetown,Incorrect email format,1995-10-08 00:00:00,Data science,100,active,,,277.0,1993-04-08 00:00:00,"BROKEN,ADDRESS,DATA,,,","sense, create",phone,Apple,2018.0,"['work', 'high']",3.0,5.0,4.0,5.0,660.0,1327.0,,,
238,Unknown,21,Male,90,+1-533-404-3317,Lake Ryanhaven,Incorrect email format,1997-05-18 03:49:00,Data science,100,inactive,3.7,excellent,123.0,1977-12-20 00:00:00,"Apartment 4, Riddleshire district, Tashkent, UZ, 100048","hundred, music",laptop,HP,2015.0,"['to', 'several']",4.0,3.0,1.0,2.0,786.0,645.0,Tashkent,Riddleshire,100048
238,Unknown,21,Male,90,+1-533-404-3317,Lake Ryanhaven,Incorrect email format,1997-05-18 03:49:00,Data science,100,inactive,3.7,excellent,123.0,1977-12-20 00:00:00,"Apartment 4, Riddleshire district, Tashkent, UZ, 100048","hundred, music",phone,Samsung,2019.0,"['require', 'to']",2.0,1.0,5.0,0.0,1411.0,853.0,Tashkent,Riddleshire,100048
239,Daniel King,,Female,,+1-201-451-8492,Russellmouth,Incorrect email format,2022-03-30 16:59:53,Python,,inactive,0.0,excellent,174.0,1981-10-05 00:00:00,"BROKEN,ADDRESS,DATA,,,","cold, deep",laptop,HP,2015.0,"['tree', 'understand']",2.0,1.0,2.0,3.0,785.0,1178.0,,,
239,Daniel King,,Female,,+1-201-451-8492,Russellmouth,Incorrect email format,2022-03-30 16:59:53,Python,,inactive,0.0,excellent,174.0,1981-10-05 00:00:00,"BROKEN,ADDRESS,DATA,,,","cold, deep",phone,Apple,2023.0,"['above', 'make']",4.0,5.0,5.0,4.0,1366.0,1367.0,,,
240,Claire Smith,20,Unknown,62,Unknown,Leebury,Incorrect email format,2003-10-17 10:01:07,Data science,100,active,0.0,,250.0,2009-12-28 21:57:36,"BROKEN,ADDRESS,DATA,,,","close, ground",laptop,Lenovo,2021.0,,,,,,,,,,
240,Claire Smith,20,Unknown,62,Unknown,Leebury,Incorrect email format,2003-10-17 10:01:07,Data science,100,active,0.0,,250.0,2009-12-28 21:57:36,"BROKEN,ADDRESS,DATA,,,","close, ground",phone,Xiaomi,2019.0,"['husband', 'contain']",2.0,4.0,2.0,4.0,1057.0,1225.0,,,
241,David Grimes,20,Male,65,+1-382-474-5618,East Nancymouth,ckoch@gmail.com,2021-01-27 02:43:16,Data science,100,active,3.11,good,120.0,2023-03-29 02:45:11,"Apartment 24, East Pamelafurt district, Tashkent, UZ, 100917","mean, that",laptop,Dell,2021.0,"['poor', 'little']",2.0,2.0,1.0,1.0,1286.0,1196.0,Tashkent,East Pamelafurt,100917
241,David Grimes,20,Male,65,+1-382-474-5618,East Nancymouth,ckoch@gmail.com,2021-01-27 02:43:16,Data science,100,active,3.11,good,120.0,2023-03-29 02:45:11,"Apartment 24, East Pamelafurt district, Tashkent, UZ, 100917","mean, that",phone,Xiaomi,2020.0,"['class', 'party']",5.0,4.0,1.0,0.0,371.0,941.0,Tashkent,East Pamelafurt,100917
242,Unknown,19,Female,76,+1-132-243-9130,Port Lauren,Incorrect email format,2023-05-18 00:04:33,Data science,100,inactive,0.0,good,162.0,1993-03-10 00:00:00,"BROKEN,ADDRESS,DATA,,,","evidence, tonight",laptop,HP,2020.0,,,,,,,,,,
242,Unknown,19,Female,76,+1-132-243-9130,Port Lauren,Incorrect email format,2023-05-18 00:04:33,Data science,100,inactive,0.0,good,162.0,1993-03-10 00:00:00,"BROKEN,ADDRESS,DATA,,,","evidence, tonight",phone,Xiaomi,2018.0,"['available', 'growth']",5.0,5.0,4.0,0.0,715.0,1431.0,,,
243,Barbara Richardson,22,Unknown,,+1-724-823-3305,North James,Incorrect email format,1994-06-08 00:00:00,Data science,,pending,,excellent,106.0,1982-10-15 06:48:59,"Apartment 38, Lake Amychester district, Tashkent, UZ, 100854","its, join",laptop,Lenovo,2020.0,,,,,,,,Tashkent,Lake Amychester,100854
243,Barbara Richardson,22,Unknown,,+1-724-823-3305,North James,Incorrect email format,1994-06-08 00:00:00,Data science,,pending,,excellent,106.0,1982-10-15 06:48:59,"Apartment 38, Lake Amychester district, Tashkent, UZ, 100854","its, join",phone,Samsung,2018.0,,,,,,,,Tashkent,Lake Amychester,100854
244,Unknown,18,Female,90,+1-434-105-9394,Kevinland,Incorrect email format,2020-11-26 13:53:26,Data science,,inactive,3.7,good,299.0,2019-12-05 10:39:00,"55355 Lucero Manors Suite 542, East Michaelhaven","moment, always",laptop,HP,2024.0,,,,,,,,East Michaelhaven,,
244,Unknown,18,Female,90,+1-434-105-9394,Kevinland,Incorrect email format,2020-11-26 13:53:26,Data science,,inactive,3.7,good,299.0,2019-12-05 10:39:00,"55355 Lucero Manors Suite 542, East Michaelhaven","moment, always",phone,Apple,2021.0,"['time', 'always']",4.0,4.0,1.0,0.0,1470.0,637.0,East Michaelhaven,,
245,Linda Castro,19,Female,90,+1-149-124-0868,North Amanda,Incorrect email format,2023-02-20 06:33:38,Data science,84,pending,0.0,,231.0,1997-09-30 06:56:34,"Apartment 35, West Ericborough district, Tashkent, UZ, 100678","least, environment",laptop,Lenovo,2020.0,"['thought', 'free']",1.0,5.0,4.0,5.0,247.0,1018.0,Tashkent,West Ericborough,100678
245,Linda Castro,19,Female,90,+1-149-124-0868,North Amanda,Incorrect email format,2023-02-20 06:33:38,Data science,84,pending,0.0,,231.0,1997-09-30 06:56:34,"Apartment 35, West Ericborough district, Tashkent, UZ, 100678","least, environment",phone,Samsung,2019.0,,,,,,,,Tashkent,West Ericborough,100678
246,Unknown,20,Unknown,73,+1-921-067-8157,Lisatown,Incorrect email format,2007-11-13 00:00:00,Data science,93,inactive,,average,179.0,2020-10-19 15:53:33,"Johntown 7-kv, dom 50, Tashkent","final, young",laptop,Lenovo,2017.0,,,,,,,,Tashkent,Johntown,
246,Unknown,20,Unknown,73,+1-921-067-8157,Lisatown,Incorrect email format,2007-11-13 00:00:00,Data science,93,inactive,,average,179.0,2020-10-19 15:53:33,"Johntown 7-kv, dom 50, Tashkent","final, young",phone,Samsung,2021.0,,,,,,,,Tashkent,Johntown,
247,Unknown,21,Unknown,57,+1-474-733-4676,West Margaret,Incorrect email format,2022-10-03 06:44:25,Data science,100,pending,,excellent,195.0,1982-10-12 00:00:00,"Allisonfurt 7-kv, dom 13, Tashkent","book, wind",laptop,HP,2019.0,,,,,,,,Tashkent,Allisonfurt,
247,Unknown,21,Unknown,57,+1-474-733-4676,West Margaret,Incorrect email format,2022-10-03 06:44:25,Data science,100,pending,,excellent,195.0,1982-10-12 00:00:00,"Allisonfurt 7-kv, dom 13, Tashkent","book, wind",phone,Samsung,2018.0,"['station', 'suddenly']",3.0,2.0,5.0,0.0,496.0,1494.0,Tashkent,Allisonfurt,
248,Eddie Ross,22,Female,90,+1-984-804-9442,Hallburgh,Incorrect email format,1972-12-05 00:00:00,Python,100,inactive,,excellent,70.0,1993-11-12 00:00:00,"Joseborough 23-kv, dom 30, Tashkent","threat, usually",laptop,Lenovo,2020.0,"['TV', 'church']",2.0,3.0,4.0,4.0,293.0,1109.0,Tashkent,Joseborough,
248,Eddie Ross,22,Female,90,+1-984-804-9442,Hallburgh,Incorrect email format,1972-12-05 00:00:00,Python,100,inactive,,excellent,70.0,1993-11-12 00:00:00,"Joseborough 23-kv, dom 30, Tashkent","threat, usually",phone,Samsung,2024.0,"['factor', 'art']",1.0,4.0,4.0,1.0,752.0,398.0,Tashkent,Joseborough,
249,Timothy Mcdonald,22,Unknown,,+1-876-918-6415,East Ashleyland,david26@hotmail.com,1985-06-09 18:30:20,Data science,100,active,2.62,excellent,74.0,2022-07-19 00:00:00,"East Taylor 8-kv, dom 23, Tashkent",,,,,"['understand', 'two']",5.0,5.0,5.0,5.0,346.0,1429.0,Tashkent,East Taylor,
250,Cassie Roberts,18,Male,,Unknown,South Stanley,lgarcia@hotmail.com,2024-09-14 00:00:00,Python,,pending,2.0,excellent,100.0,1977-06-21 00:00:00,UZ 100410 Tashkent Adkinsborough,,,,,"['human', 'front']",4.0,2.0,5.0,0.0,967.0,253.0,Tashkent,Adkinsborough,100410
251,Unknown,21,Unknown,,+1-039-827-5197,Gutierrezport,Incorrect email format,1970-11-12 20:17:17,Python,68,active,3.7,,193.0,2010-10-17 00:00:00,"87498 Haynes Wall Suite 838, South Rachel","about, ball",laptop,Lenovo,2017.0,"['thus', 'state']",1.0,5.0,4.0,2.0,979.0,784.0,South Rachel,,
251,Unknown,21,Unknown,,+1-039-827-5197,Gutierrezport,Incorrect email format,1970-11-12 20:17:17,Python,68,active,3.7,,193.0,2010-10-17 00:00:00,"87498 Haynes Wall Suite 838, South Rachel","about, ball",phone,Apple,2021.0,"['final', 'very']",4.0,5.0,1.0,0.0,1250.0,614.0,South Rachel,,
252,Unknown,,Unknown,,+1-708-953-5365,Danielsport,Incorrect email format,2001-04-19 00:00:00,Data science,100,inactive,,excellent,174.0,2025-05-30 00:00:00,"Apartment 25, New John district, Tashkent, UZ, 100658",,,,,"['word', 'start']",3.0,1.0,3.0,4.0,773.0,214.0,Tashkent,New John,100658
253,Jeffrey White,21,Female,90,+1-537-420-7791,Moraport,Incorrect email format,2014-01-23 13:27:35,Other,82,inactive,3.7,excellent,233.0,1970-12-03 00:00:00,"BROKEN,ADDRESS,DATA,,,","follow, job",laptop,Lenovo,2020.0,,,,,,,,,,
253,Jeffrey White,21,Female,90,+1-537-420-7791,Moraport,Incorrect email format,2014-01-23 13:27:35,Other,82,inactive,3.7,excellent,233.0,1970-12-03 00:00:00,"BROKEN,ADDRESS,DATA,,,","follow, job",phone,Apple,2019.0,,,,,,,,,,
254,William Washington,,Unknown,90,+1-915-056-1418,West Alison,nicholashoward@arellano-hart.com,2021-03-18 14:19:31,Data science,100,inactive,3.02,excellent,75.0,2022-05-17 00:00:00,"Andersonland 15-kv, dom 10, Tashkent","read, leg",laptop,HP,2020.0,,,,,,,,Tashkent,Andersonland,
254,William Washington,,Unknown,90,+1-915-056-1418,West Alison,nicholashoward@arellano-hart.com,2021-03-18 14:19:31,Data science,100,inactive,3.02,excellent,75.0,2022-05-17 00:00:00,"Andersonland 15-kv, dom 10, Tashkent","read, leg",phone,Apple,2024.0,"['democratic', 'blood']",1.0,5.0,4.0,3.0,1243.0,1258.0,Tashkent,Andersonland,
255,Unknown,22,Female,99,Unknown,Amandabury,Incorrect email format,2020-11-10 09:09:22,Data science,,pending,0.0,average,156.0,2020-10-26 12:05:26,"BROKEN,ADDRESS,DATA,,,",,,,,"['leader', 'mission']",4.0,4.0,2.0,2.0,350.0,517.0,,,
256,Ann Burns,22,Unknown,100,Unknown,Lake Ashley,Incorrect email format,2006-05-27 00:00:00,Python,100,active,3.7,excellent,227.0,2019-08-14 00:00:00,"BROKEN,ADDRESS,DATA,,,","about, city",laptop,Lenovo,2016.0,"['five', 'body']",5.0,4.0,4.0,4.0,1087.0,516.0,,,
256,Ann Burns,22,Unknown,100,Unknown,Lake Ashley,Incorrect email format,2006-05-27 00:00:00,Python,100,active,3.7,excellent,227.0,2019-08-14 00:00:00,"BROKEN,ADDRESS,DATA,,,","about, city",phone,Xiaomi,2018.0,,,,,,,,,,
257,Unknown,20,Female,77,+1-287-328-8674,North Chelseaview,Incorrect email format,1984-07-07 22:59:00,Python,,inactive,1.27,average,181.0,1984-02-20 00:00:00,"Apartment 27, New Mark district, Tashkent, UZ, 100999",,,,,"['space', 'across']",5.0,2.0,4.0,4.0,310.0,1129.0,Tashkent,New Mark,100999
258,Mrs. Dana Cole,,Female,,+1-182-594-2720,Andersonville,Incorrect email format,2022-05-24 00:00:00,Data science,100,active,,average,126.0,2023-03-11 00:00:00,"Johnview 8-kv, dom 27, Tashkent","me, sister",laptop,HP,2021.0,,,,,,,,Tashkent,Johnview,
258,Mrs. Dana Cole,,Female,,+1-182-594-2720,Andersonville,Incorrect email format,2022-05-24 00:00:00,Data science,100,active,,average,126.0,2023-03-11 00:00:00,"Johnview 8-kv, dom 27, Tashkent","me, sister",phone,Samsung,2022.0,"['pull', 'form']",3.0,4.0,1.0,0.0,1252.0,483.0,Tashkent,Johnview,
259,Dean Lozano,20,Female,,Unknown,Brandonfurt,Incorrect email format,1974-11-27 05:57:07,Python,,pending,,good,216.0,1972-03-07 06:41:17,"BROKEN,ADDRESS,DATA,,,","this, trouble",laptop,HP,2019.0,,,,,,,,,,
259,Dean Lozano,20,Female,,Unknown,Brandonfurt,Incorrect email format,1974-11-27 05:57:07,Python,,pending,,good,216.0,1972-03-07 06:41:17,"BROKEN,ADDRESS,DATA,,,","this, trouble",phone,Apple,2020.0,"['ago', 'expert']",1.0,4.0,3.0,2.0,1459.0,839.0,,,
260,Tyler Mueller,20,Female,61,Unknown,Port Jeffreyside,Incorrect email format,2021-02-05 09:47:55,Data science,,inactive,,excellent,124.0,1995-04-08 00:00:00,"Apartment 43, Sarahstad district, Tashkent, UZ, 100781",,,,,,,,,,,,Tashkent,Sarahstad,100781
261,Charles Smith,20,Unknown,89,+1-737-407-8314,Lake Josephtown,xthomas@lambert-collins.com,1984-12-16 11:44:14,Other,86,inactive,,average,152.0,2002-01-01 00:00:00,UZ 100304 Tashkent Jonesfurt,"anyone, bed",laptop,HP,2015.0,,,,,,,,Tashkent,Jonesfurt,100304
261,Charles Smith,20,Unknown,89,+1-737-407-8314,Lake Josephtown,xthomas@lambert-collins.com,1984-12-16 11:44:14,Other,86,inactive,,average,152.0,2002-01-01 00:00:00,UZ 100304 Tashkent Jonesfurt,"anyone, bed",phone,Samsung,2020.0,,,,,,,,Tashkent,Jonesfurt,100304
262,Michele Johnson,18,Female,76,+1-370-768-5363,Hillchester,Incorrect email format,2023-06-08 21:49:21,Data science,97,active,,good,194.0,1989-07-12 03:27:46,"North Alicia 20-kv, dom 35, Tashkent","firm, everybody",laptop,HP,2017.0,,,,,,,,Tashkent,North Alicia,
262,Michele Johnson,18,Female,76,+1-370-768-5363,Hillchester,Incorrect email format,2023-06-08 21:49:21,Data science,97,active,,good,194.0,1989-07-12 03:27:46,"North Alicia 20-kv, dom 35, Tashkent","firm, everybody",phone,Xiaomi,2024.0,,,,,,,,Tashkent,North Alicia,
263,Unknown,21,Female,65,+1-642-192-1575,Kellyborough,zjohnson@miller-weaver.net,2002-08-30 15:04:12,Other,100,inactive,,average,220.0,1995-09-08 00:00:00,"BROKEN,ADDRESS,DATA,,,","third, prepare",laptop,HP,2019.0,"['body', 'husband']",2.0,3.0,2.0,1.0,908.0,489.0,,,
263,Unknown,21,Female,65,+1-642-192-1575,Kellyborough,zjohnson@miller-weaver.net,2002-08-30 15:04:12,Other,100,inactive,,average,220.0,1995-09-08 00:00:00,"BROKEN,ADDRESS,DATA,,,","third, prepare",phone,Samsung,2024.0,"['very', 'thing']",2.0,4.0,1.0,5.0,1232.0,1067.0,,,
264,James Griffin,,Female,90,+1-635-914-0072,West Marieland,Incorrect email format,1989-05-11 00:00:00,Data science,92,active,4.46,,219.0,2018-01-14 08:03:10,"Apartment 29, North Tyroneville district, Tashkent, UZ, 100883","green, box",laptop,HP,2024.0,"['marriage', 'help']",3.0,3.0,5.0,4.0,413.0,910.0,Tashkent,North Tyroneville,100883
264,James Griffin,,Female,90,+1-635-914-0072,West Marieland,Incorrect email format,1989-05-11 00:00:00,Data science,92,active,4.46,,219.0,2018-01-14 08:03:10,"Apartment 29, North Tyroneville district, Tashkent, UZ, 100883","green, box",phone,Samsung,2024.0,"['group', 'public']",1.0,3.0,1.0,1.0,1475.0,731.0,Tashkent,North Tyroneville,100883
265,Justin Arnold,18,Female,81,+1-712-835-3547,West Victoriastad,Incorrect email format,1972-03-11 00:00:00,Python,,inactive,,excellent,92.0,2000-11-24 00:00:00,UZ 100588 Tashkent West Elizabeth,"maintain, hard",laptop,Lenovo,2016.0,"['actually', 'talk']",4.0,5.0,5.0,3.0,1335.0,205.0,Tashkent,West Elizabeth,100588
265,Justin Arnold,18,Female,81,+1-712-835-3547,West Victoriastad,Incorrect email format,1972-03-11 00:00:00,Python,,inactive,,excellent,92.0,2000-11-24 00:00:00,UZ 100588 Tashkent West Elizabeth,"maintain, hard",phone,Xiaomi,2022.0,"['wide', 'exactly']",2.0,2.0,2.0,3.0,588.0,652.0,Tashkent,West Elizabeth,100588
266,Unknown,19,Female,90,+1-174-850-2428,Jamesburgh,Incorrect email format,1999-03-19 00:00:00,Data science,,pending,,average,195.0,2017-02-10 08:53:00,"Apartment 17, North Raymond district, Tashkent, UZ, 100376","guy, test",laptop,Dell,2015.0,"['possible', 'kitchen']",3.0,3.0,2.0,2.0,889.0,505.0,Tashkent,North Raymond,100376
266,Unknown,19,Female,90,+1-174-850-2428,Jamesburgh,Incorrect email format,1999-03-19 00:00:00,Data science,,pending,,average,195.0,2017-02-10 08:53:00,"Apartment 17, North Raymond district, Tashkent, UZ, 100376","guy, test",phone,Xiaomi,2023.0,,,,,,,,Tashkent,North Raymond,100376
267,Unknown,21,Male,90,Unknown,Josephbury,marcus14@thomas-wong.biz,2023-06-26 19:20:47,Data science,100,active,2.0,excellent,203.0,2018-03-23 00:00:00,"63287 Donna Walk, Savageborough","week, group",laptop,Lenovo,2022.0,"['allow', 'condition']",1.0,2.0,2.0,0.0,628.0,514.0,Savageborough,,
267,Unknown,21,Male,90,Unknown,Josephbury,marcus14@thomas-wong.biz,2023-06-26 19:20:47,Data science,100,active,2.0,excellent,203.0,2018-03-23 00:00:00,"63287 Donna Walk, Savageborough","week, group",phone,Apple,2019.0,"['assume', 'matter']",5.0,4.0,5.0,4.0,1339.0,1067.0,Savageborough,,
268,Adam Bowman,20,Female,90,Unknown,North Brentport,Incorrect email format,2020-10-31 14:05:24,Python,84,inactive,,average,239.0,2023-02-16 17:15:43,"Apartment 20, Lake Stacy district, Tashkent, UZ, 100919",,,,,"['add', 'hot']",1.0,2.0,5.0,0.0,795.0,317.0,Tashkent,Lake Stacy,100919
269,Unknown,19,Female,,+1-485-944-9082,Lake Amberstad,Incorrect email format,2023-11-03 06:30:07,Data science,100,inactive,2.0,,128.0,2022-12-10 16:21:33,"42654 Obrien Stream Apt. 484, North Ianberg","why, up",laptop,Lenovo,2016.0,"['away', 'south']",5.0,1.0,5.0,1.0,749.0,540.0,North Ianberg,,
269,Unknown,19,Female,,+1-485-944-9082,Lake Amberstad,Incorrect email format,2023-11-03 06:30:07,Data science,100,inactive,2.0,,128.0,2022-12-10 16:21:33,"42654 Obrien Stream Apt. 484, North Ianberg","why, up",phone,Samsung,2022.0,"['fund', 'main']",3.0,3.0,2.0,3.0,1115.0,932.0,North Ianberg,,
270,Unknown,,Unknown,96,Unknown,Patrickhaven,Incorrect email format,2021-09-08 06:19:22,Data science,,active,2.0,average,216.0,1986-04-14 20:33:44,"0553 Joseph Crest, Port Stephenchester","watch, step",laptop,Dell,2015.0,,,,,,,,Port Stephenchester,,
270,Unknown,,Unknown,96,Unknown,Patrickhaven,Incorrect email format,2021-09-08 06:19:22,Data science,,active,2.0,average,216.0,1986-04-14 20:33:44,"0553 Joseph Crest, Port Stephenchester","watch, step",phone,Samsung,2020.0,,,,,,,,Port Stephenchester,,
271,Unknown,,Female,,+1-267-917-6512,Rachelstad,Incorrect email format,1991-11-03 00:00:00,Python,,active,4.5,excellent,227.0,1988-04-19 11:33:00,UZ 100416 Tashkent Lake John,"word, move",laptop,Dell,2015.0,"['left', 'picture']",2.0,4.0,4.0,5.0,1045.0,610.0,Tashkent,Lake John,100416
271,Unknown,,Female,,+1-267-917-6512,Rachelstad,Incorrect email format,1991-11-03 00:00:00,Python,,active,4.5,excellent,227.0,1988-04-19 11:33:00,UZ 100416 Tashkent Lake John,"word, move",phone,Xiaomi,2023.0,,,,,,,,Tashkent,Lake John,100416
272,Unknown,20,Female,73,+1-140-799-2436,Davidside,pricesamuel@young.com,2010-08-23 18:40:24,Data science,100,inactive,,good,234.0,2009-02-28 00:00:00,"Apartment 20, Rileyside district, Tashkent, UZ, 100580","anything, hospital",laptop,HP,2024.0,"['issue', 'performance']",3.0,1.0,3.0,0.0,1070.0,873.0,Tashkent,Rileyside,100580
272,Unknown,20,Female,73,+1-140-799-2436,Davidside,pricesamuel@young.com,2010-08-23 18:40:24,Data science,100,inactive,,good,234.0,2009-02-28 00:00:00,"Apartment 20, Rileyside district, Tashkent, UZ, 100580","anything, hospital",phone,Apple,2018.0,"['whatever', 'his']",3.0,5.0,3.0,3.0,1029.0,217.0,Tashkent,Rileyside,100580
273,Unknown,,Unknown,90,Unknown,Rayfurt,Incorrect email format,1982-01-08 00:00:00,Data science,93,inactive,3.51,average,214.0,2023-03-27 12:29:50,"2917 Connie Motorway, West Jamie",,,,,,,,,,,,West Jamie,,
274,April Sharp,20,Male,79,+1-132-149-7176,Guzmanbury,Incorrect email format,2007-01-26 08:08:12,Data science,100,active,4.24,average,127.0,1977-10-29 00:00:00,"BROKEN,ADDRESS,DATA,,,",,,,,"['speech', 'environment']",4.0,2.0,3.0,3.0,381.0,811.0,,,
275,Jessica Leon,20,Female,78,+1-712-921-9367,West Toddside,Incorrect email format,1973-01-13 00:00:00,Data science,100,inactive,1.35,average,85.0,1971-12-26 00:00:00,"BROKEN,ADDRESS,DATA,,,","group, great",laptop,Dell,2019.0,"['anyone', 'space']",2.0,3.0,5.0,4.0,513.0,1090.0,,,
275,Jessica Leon,20,Female,78,+1-712-921-9367,West Toddside,Incorrect email format,1973-01-13 00:00:00,Data science,100,inactive,1.35,average,85.0,1971-12-26 00:00:00,"BROKEN,ADDRESS,DATA,,,","group, great",phone,Xiaomi,2024.0,"['present', 'standard']",1.0,3.0,3.0,1.0,438.0,1473.0,,,
276,Christopher Cruz,20,Female,77,Unknown,Obrienshire,Incorrect email format,2022-05-02 23:19:02,Other,,active,2.66,excellent,135.0,1987-05-27 00:00:00,UZ 100679 Tashkent Maryport,"television, serve",laptop,HP,2019.0,"['as', 'work']",1.0,1.0,5.0,3.0,956.0,612.0,Tashkent,Maryport,100679
276,Christopher Cruz,20,Female,77,Unknown,Obrienshire,Incorrect email format,2022-05-02 23:19:02,Other,,active,2.66,excellent,135.0,1987-05-27 00:00:00,UZ 100679 Tashkent Maryport,"television, serve",phone,Samsung,2018.0,"['green', 'again']",1.0,3.0,3.0,0.0,883.0,1290.0,Tashkent,Maryport,100679
277,Hunter Smith,19,Male,,+1-131-876-7285,Robinsonton,Incorrect email format,2007-04-03 20:56:59,Python,100,active,0.0,excellent,299.0,1974-06-11 00:00:00,"Apartment 8, Ashleyborough district, Tashkent, UZ, 100060","those, partner",laptop,HP,2016.0,"['public', 'level']",5.0,4.0,5.0,4.0,1489.0,423.0,Tashkent,Ashleyborough,100060
277,Hunter Smith,19,Male,,+1-131-876-7285,Robinsonton,Incorrect email format,2007-04-03 20:56:59,Python,100,active,0.0,excellent,299.0,1974-06-11 00:00:00,"Apartment 8, Ashleyborough district, Tashkent, UZ, 100060","those, partner",phone,Apple,2018.0,"['dinner', 'where']",2.0,4.0,2.0,4.0,720.0,814.0,Tashkent,Ashleyborough,100060
278,Tracy Martin,21,Unknown,86,+1-485-034-8428,Lake Hunter,Incorrect email format,2001-12-01 18:40:00,Data science,100,inactive,0.0,excellent,100.0,1971-04-21 00:00:00,"4741 Phillips Course Apt. 019, Lake Theresafurt",,,,,"['call', 'edge']",3.0,1.0,1.0,3.0,1085.0,1135.0,Lake Theresafurt,,
279,Erica Myers,18,Unknown,85,Unknown,West Olivia,Incorrect email format,1983-03-18 00:00:00,Data science,,inactive,2.0,,140.0,1993-10-30 00:00:00,"BROKEN,ADDRESS,DATA,,,","support, support",laptop,Dell,2024.0,"['still', 'piece']",3.0,4.0,4.0,4.0,669.0,732.0,,,
279,Erica Myers,18,Unknown,85,Unknown,West Olivia,Incorrect email format,1983-03-18 00:00:00,Data science,,inactive,2.0,,140.0,1993-10-30 00:00:00,"BROKEN,ADDRESS,DATA,,,","support, support",phone,Apple,2020.0,,,,,,,,,,
280,Audrey Moran,,Unknown,88,Unknown,West Shawnabury,Incorrect email format,1994-03-14 00:00:00,Data science,100,pending,2.0,good,218.0,1975-12-08 00:00:00,"BROKEN,ADDRESS,DATA,,,","exist, politics",laptop,Lenovo,2022.0,"['the', 'front']",5.0,5.0,5.0,0.0,976.0,689.0,,,
280,Audrey Moran,,Unknown,88,Unknown,West Shawnabury,Incorrect email format,1994-03-14 00:00:00,Data science,100,pending,2.0,good,218.0,1975-12-08 00:00:00,"BROKEN,ADDRESS,DATA,,,","exist, politics",phone,Samsung,2024.0,"['personal', 'long']",5.0,3.0,2.0,1.0,491.0,799.0,,,
281,Unknown,18,Female,94,Unknown,Brittneyburgh,dgreen@henry-marshall.com,2023-03-23 18:03:51,Data science,72,pending,1.52,excellent,69.0,1992-08-16 19:39:00,"BROKEN,ADDRESS,DATA,,,",,,,,"['once', 'general']",1.0,5.0,1.0,4.0,693.0,444.0,,,
282,Unknown,20,Female,90,Unknown,Marciastad,Incorrect email format,2023-05-11 19:10:41,Data science,100,active,4.5,excellent,148.0,2014-09-06 00:00:00,"BROKEN,ADDRESS,DATA,,,",,,,,,,,,,,,,,
283,William Torres,21,Female,,+1-562-270-5245,Suzanneland,khantricia@swanson.com,1977-12-04 00:00:00,Data science,100,pending,2.0,,53.0,1993-12-20 16:18:00,"978 Allison Loop Apt. 882, Whitemouth","specific, me",laptop,HP,2023.0,,,,,,,,Whitemouth,,
283,William Torres,21,Female,,+1-562-270-5245,Suzanneland,khantricia@swanson.com,1977-12-04 00:00:00,Data science,100,pending,2.0,,53.0,1993-12-20 16:18:00,"978 Allison Loop Apt. 882, Whitemouth","specific, me",phone,Apple,2019.0,,,,,,,,Whitemouth,,
284,Vicki Morales,21,Female,,Unknown,North Jacqueline,harveydaniel@grimes.com,2014-08-11 06:04:00,Data science,,inactive,4.5,excellent,216.0,2007-05-22 00:00:00,"BROKEN,ADDRESS,DATA,,,",,,,,"['wife', 'mouth']",5.0,2.0,4.0,0.0,1386.0,1411.0,,,
285,Laura Bates,21,Female,86,Unknown,Michaelfurt,Incorrect email format,2023-10-17 18:20:34,Data science,,active,,good,85.0,1986-05-17 19:24:00,"South David 8-kv, dom 24, Tashkent",,,,,,,,,,,,Tashkent,South David,
286,Vincent Huffman,20,Female,83,+1-323-312-8254,Lake Robin,Incorrect email format,1972-06-07 00:00:00,Data science,100,active,2.15,excellent,218.0,1992-12-30 00:00:00,UZ 100578 Tashkent New Davidmouth,,,,,,,,,,,,Tashkent,New Davidmouth,100578
287,Jeffrey Lowe,19,Female,90,+1-619-096-5066,North Erikbury,qparker@hotmail.com,1983-12-25 05:25:00,Data science,,inactive,3.91,,212.0,1970-06-14 00:00:00,"Curryhaven 5-kv, dom 5, Tashkent","candidate, rate",laptop,Dell,2020.0,"['ten', 'safe']",4.0,2.0,5.0,1.0,819.0,1374.0,Tashkent,Curryhaven,
287,Jeffrey Lowe,19,Female,90,+1-619-096-5066,North Erikbury,qparker@hotmail.com,1983-12-25 05:25:00,Data science,,inactive,3.91,,212.0,1970-06-14 00:00:00,"Curryhaven 5-kv, dom 5, Tashkent","candidate, rate",phone,Apple,2021.0,"['identify', 'network']",2.0,2.0,4.0,5.0,1179.0,918.0,Tashkent,Curryhaven,
288,Hannah Roberts,20,Male,90,+1-990-984-2557,West Virginia,wrightalexis@lopez.biz,1970-02-27 00:00:00,Python,100,pending,2.0,excellent,58.0,2020-11-12 04:44:50,"86909 Nguyen Views, Hernandezchester",,,,,"['fall', 'nor']",1.0,2.0,3.0,4.0,769.0,1087.0,Hernandezchester,,
289,Joshua Guerrero,19,Unknown,,+1-797-279-5514,Watersberg,Incorrect email format,2007-03-04 00:00:00,Data science,100,inactive,,excellent,261.0,2020-10-16 10:39:21,UZ 100382 Tashkent Morenoview,,,,,"['argue', 'establish']",5.0,1.0,3.0,3.0,1233.0,1205.0,Tashkent,Morenoview,100382
290,Unknown,18,Female,,Unknown,West Richardbury,Incorrect email format,1972-02-16 11:00:00,Data science,100,pending,0.0,good,283.0,2022-07-30 14:22:02,"96315 Annette Rest, Port Charlesport","nation, right",laptop,Dell,2022.0,,,,,,,,Port Charlesport,,
290,Unknown,18,Female,,Unknown,West Richardbury,Incorrect email format,1972-02-16 11:00:00,Data science,100,pending,0.0,good,283.0,2022-07-30 14:22:02,"96315 Annette Rest, Port Charlesport","nation, right",phone,Samsung,2022.0,"['front', 'get']",5.0,2.0,3.0,3.0,844.0,1300.0,Port Charlesport,,
291,Dennis Bishop,20,Female,,+1-054-548-1713,South Sandra,Incorrect email format,2022-11-14 16:48:13,Data science,100,active,0.0,,237.0,2006-01-26 00:00:00,"Apartment 35, Huffburgh district, Tashkent, UZ, 100573","various, value",laptop,HP,2022.0,"['gas', 'eye']",2.0,1.0,2.0,5.0,335.0,260.0,Tashkent,Huffburgh,100573
291,Dennis Bishop,20,Female,,+1-054-548-1713,South Sandra,Incorrect email format,2022-11-14 16:48:13,Data science,100,active,0.0,,237.0,2006-01-26 00:00:00,"Apartment 35, Huffburgh district, Tashkent, UZ, 100573","various, value",phone,Xiaomi,2020.0,"['the', 'appear']",3.0,2.0,1.0,2.0,1376.0,1310.0,Tashkent,Huffburgh,100573
292,Lynn Gordon,21,Female,90,+1-157-468-6959,Johnsonchester,henry44@craig.com,1974-10-28 00:11:00,Python,100,inactive,0.0,excellent,105.0,2022-11-23 00:00:00,"Port Karenborough 15-kv, dom 2, Tashkent",,,,,,,,,,,,Tashkent,Port Karenborough,
293,Unknown,,Male,59,+1-521-756-7290,North Vanessaberg,Incorrect email format,2020-06-02 06:08:23,Data science,,inactive,,average,114.0,2009-08-04 00:00:00,"West Josephville 28-kv, dom 45, Tashkent","floor, notice",laptop,Lenovo,2017.0,"['difficult', 'gas']",4.0,4.0,4.0,4.0,1262.0,379.0,Tashkent,West Josephville,
293,Unknown,,Male,59,+1-521-756-7290,North Vanessaberg,Incorrect email format,2020-06-02 06:08:23,Data science,,inactive,,average,114.0,2009-08-04 00:00:00,"West Josephville 28-kv, dom 45, Tashkent","floor, notice",phone,Xiaomi,2018.0,"['increase', 'where']",4.0,4.0,2.0,1.0,508.0,811.0,Tashkent,West Josephville,
294,Wendy Dunn,20,Female,,Unknown,Stewarttown,Incorrect email format,1986-05-29 00:00:00,Data science,,active,4.5,good,176.0,2022-09-16 05:31:23,UZ 100431 Tashkent Garciafort,"make, area",laptop,Dell,2021.0,"['economy', 'life']",4.0,5.0,5.0,1.0,815.0,517.0,Tashkent,Garciafort,100431
294,Wendy Dunn,20,Female,,Unknown,Stewarttown,Incorrect email format,1986-05-29 00:00:00,Data science,,active,4.5,good,176.0,2022-09-16 05:31:23,UZ 100431 Tashkent Garciafort,"make, area",phone,Apple,2020.0,"['listen', 'news']",2.0,2.0,5.0,0.0,614.0,506.0,Tashkent,Garciafort,100431
295,Elizabeth Nelson,20,Female,84,Unknown,West Kenneth,Incorrect email format,1986-11-02 00:00:00,Python,100,inactive,0.0,excellent,151.0,2010-07-21 00:00:00,"Apartment 31, Lake Karen district, Tashkent, UZ, 100697",,,,,"['know', 'himself']",1.0,2.0,5.0,1.0,901.0,1349.0,Tashkent,Lake Karen,100697
296,Unknown,19,Female,90,+1-942-993-4964,East Robinstad,Incorrect email format,2020-11-24 23:10:21,Python,,pending,4.5,,284.0,1980-03-07 15:28:05,"36436 Gamble Freeway Suite 098, Jeanstad","anything, long",laptop,Lenovo,2021.0,,,,,,,,Jeanstad,,
296,Unknown,19,Female,90,+1-942-993-4964,East Robinstad,Incorrect email format,2020-11-24 23:10:21,Python,,pending,4.5,,284.0,1980-03-07 15:28:05,"36436 Gamble Freeway Suite 098, Jeanstad","anything, long",phone,Apple,2024.0,"['the', 'house']",5.0,2.0,3.0,0.0,1484.0,354.0,Jeanstad,,
297,Tiffany Reyes,18,Male,91,+1-899-991-8816,South Pamela,sanchezkevin@yahoo.com,1975-09-06 21:44:00,Python,100,inactive,3.7,good,111.0,1970-12-04 00:00:00,"BROKEN,ADDRESS,DATA,,,","half, wind",laptop,Dell,2023.0,"['hit', 'ok']",5.0,4.0,1.0,0.0,391.0,1386.0,,,
297,Tiffany Reyes,18,Male,91,+1-899-991-8816,South Pamela,sanchezkevin@yahoo.com,1975-09-06 21:44:00,Python,100,inactive,3.7,good,111.0,1970-12-04 00:00:00,"BROKEN,ADDRESS,DATA,,,","half, wind",phone,Apple,2019.0,,,,,,,,,,
298,Unknown,18,Male,78,Unknown,Port Hayleyport,Incorrect email format,2019-06-20 00:00:00,Data science,76,active,,good,219.0,2022-04-19 00:00:00,"5327 Anthony Rest, Russellfort",,,,,,,,,,,,Russellfort,,
299,Vincent Collins,18,Male,90,+1-143-955-0610,West Jamie,Incorrect email format,1999-03-25 00:00:00,Python,,pending,2.0,average,206.0,2023-03-16 09:08:26,"780 William Summit Apt. 320, Shawnstad","million, over",laptop,Dell,2023.0,"['subject', 'kind']",2.0,4.0,3.0,0.0,1007.0,1042.0,Shawnstad,,
299,Vincent Collins,18,Male,90,+1-143-955-0610,West Jamie,Incorrect email format,1999-03-25 00:00:00,Python,,pending,2.0,average,206.0,2023-03-16 09:08:26,"780 William Summit Apt. 320, Shawnstad","million, over",phone,Samsung,2024.0,"['if', 'eye']",1.0,1.0,1.0,1.0,213.0,255.0,Shawnstad,,
300,Jared Mckinney,18,Unknown,,+1-513-637-7267,Jacksonbury,elizabeth02@hotmail.com,1973-09-09 00:00:00,Data science,100,inactive,,,258.0,2021-02-09 00:00:00,"Apartment 19, North Teresaberg district, Tashkent, UZ, 100009","finish, age",laptop,HP,2017.0,"['growth', 'member']",2.0,1.0,1.0,1.0,226.0,559.0,Tashkent,North Teresaberg,100009
300,Jared Mckinney,18,Unknown,,+1-513-637-7267,Jacksonbury,elizabeth02@hotmail.com,1973-09-09 00:00:00,Data science,100,inactive,,,258.0,2021-02-09 00:00:00,"Apartment 19, North Teresaberg district, Tashkent, UZ, 100009","finish, age",phone,Samsung,2021.0,,,,,,,,Tashkent,North Teresaberg,100009
301,Andrew Andrews,18,Male,74,Unknown,Aprilberg,gcastillo@bishop.info,1995-05-03 21:16:50,Python,100,pending,2.0,,244.0,1981-04-20 15:02:00,"410 Baker Cliffs, South Ian","remain, management",laptop,Lenovo,2024.0,"['effort', 'condition']",3.0,1.0,1.0,3.0,1277.0,466.0,South Ian,,
301,Andrew Andrews,18,Male,74,Unknown,Aprilberg,gcastillo@bishop.info,1995-05-03 21:16:50,Python,100,pending,2.0,,244.0,1981-04-20 15:02:00,"410 Baker Cliffs, South Ian","remain, management",phone,Samsung,2018.0,"['east', 'while']",3.0,3.0,2.0,0.0,463.0,839.0,South Ian,,
302,Leah Taylor,18,Unknown,94,Unknown,Richardmouth,Incorrect email format,1986-09-17 03:10:31,Python,100,active,4.5,excellent,121.0,2009-04-05 17:03:17,"Apartment 50, Johnsonfurt district, Tashkent, UZ, 100029",,,,,"['fall', 'inside']",3.0,1.0,1.0,1.0,685.0,1114.0,Tashkent,Johnsonfurt,100029
303,Lawrence Smith,,Female,,+1-004-288-8164,South Erinville,Incorrect email format,2007-07-07 00:00:00,Python,,active,0.0,good,94.0,1974-04-22 00:00:00,"663 Cook Lodge Apt. 565, Yustad","part, according",laptop,HP,2018.0,,,,,,,,Yustad,,
303,Lawrence Smith,,Female,,+1-004-288-8164,South Erinville,Incorrect email format,2007-07-07 00:00:00,Python,,active,0.0,good,94.0,1974-04-22 00:00:00,"663 Cook Lodge Apt. 565, Yustad","part, according",phone,Xiaomi,2020.0,"['main', 'serve']",1.0,1.0,3.0,1.0,432.0,1046.0,Yustad,,
304,John Collier,18,Unknown,90,+1-457-743-1966,Mathewsland,Incorrect email format,2019-07-01 14:27:24,Python,98,pending,2.0,excellent,223.0,2015-06-08 17:05:00,UZ 100024 Tashkent West Jessicafurt,"lose, reach",laptop,Dell,2017.0,,,,,,,,Tashkent,West Jessicafurt,100024
304,John Collier,18,Unknown,90,+1-457-743-1966,Mathewsland,Incorrect email format,2019-07-01 14:27:24,Python,98,pending,2.0,excellent,223.0,2015-06-08 17:05:00,UZ 100024 Tashkent West Jessicafurt,"lose, reach",phone,Xiaomi,2019.0,,,,,,,,Tashkent,West Jessicafurt,100024
305,Kenneth Mcdonald,18,Male,,+1-152-786-4631,Aliciaton,Incorrect email format,1983-01-27 00:00:00,Other,,pending,2.0,excellent,146.0,2003-03-06 00:00:00,"BROKEN,ADDRESS,DATA,,,","modern, exactly",laptop,HP,2020.0,"['concern', 'unit']",4.0,5.0,2.0,5.0,1457.0,1225.0,,,
305,Kenneth Mcdonald,18,Male,,+1-152-786-4631,Aliciaton,Incorrect email format,1983-01-27 00:00:00,Other,,pending,2.0,excellent,146.0,2003-03-06 00:00:00,"BROKEN,ADDRESS,DATA,,,","modern, exactly",phone,Samsung,2024.0,,,,,,,,,,
306,Kayla Martinez,18,Female,,Unknown,Nelsonshire,singhmicheal@gmail.com,2023-09-16 06:01:07,Data science,100,active,0.0,,243.0,1997-11-20 20:49:58,"Christopherhaven 7-kv, dom 45, Tashkent","cost, computer",laptop,Lenovo,2015.0,"['data', 'question']",2.0,4.0,1.0,4.0,1122.0,940.0,Tashkent,Christopherhaven,
306,Kayla Martinez,18,Female,,Unknown,Nelsonshire,singhmicheal@gmail.com,2023-09-16 06:01:07,Data science,100,active,0.0,,243.0,1997-11-20 20:49:58,"Christopherhaven 7-kv, dom 45, Tashkent","cost, computer",phone,Samsung,2019.0,"['firm', 'reflect']",1.0,5.0,5.0,2.0,250.0,889.0,Tashkent,Christopherhaven,
307,Ruth Edwards,21,Male,65,+1-739-105-6737,Johnmouth,Incorrect email format,2003-04-17 14:53:03,Data science,,pending,4.47,excellent,133.0,1980-08-28 01:19:06,"Apartment 44, Jonesmouth district, Tashkent, UZ, 100100",,,,,,,,,,,,Tashkent,Jonesmouth,100100
308,Kyle Brown,,Female,,+1-723-892-5634,West Jennifer,Incorrect email format,2021-07-08 05:29:06,Python,100,pending,2.0,excellent,56.0,1985-05-22 00:00:00,"1120 Brittany Cliffs Suite 826, New Jordan","conference, citizen",laptop,Dell,2023.0,,,,,,,,New Jordan,,
308,Kyle Brown,,Female,,+1-723-892-5634,West Jennifer,Incorrect email format,2021-07-08 05:29:06,Python,100,pending,2.0,excellent,56.0,1985-05-22 00:00:00,"1120 Brittany Cliffs Suite 826, New Jordan","conference, citizen",phone,Apple,2021.0,,,,,,,,New Jordan,,
309,Unknown,18,Female,68,+1-792-197-1892,Lake Andreaburgh,Incorrect email format,2005-11-26 00:49:43,Data science,71,inactive,2.0,good,131.0,1976-06-21 23:43:21,"10040 West Lakes Suite 279, East Samanthaland",,,,,,,,,,,,East Samanthaland,,
310,Rachel Parker,21,Male,65,Unknown,Jordanberg,Incorrect email format,1974-01-07 00:00:00,Python,100,inactive,4.5,,149.0,2015-02-09 14:36:27,UZ 100076 Tashkent Port Lauren,"suddenly, culture",laptop,Dell,2020.0,"['about', 'this']",4.0,2.0,3.0,2.0,1109.0,913.0,Tashkent,Port Lauren,100076
310,Rachel Parker,21,Male,65,Unknown,Jordanberg,Incorrect email format,1974-01-07 00:00:00,Python,100,inactive,4.5,,149.0,2015-02-09 14:36:27,UZ 100076 Tashkent Port Lauren,"suddenly, culture",phone,Xiaomi,2021.0,"['realize', 'company']",3.0,5.0,5.0,3.0,818.0,495.0,Tashkent,Port Lauren,100076
311,Katherine Clark,20,Female,97,Unknown,East Gabriellamouth,Incorrect email format,2025-04-24 20:11:00,Data science,100,active,,good,197.0,1999-06-26 03:58:13,"Michaelburgh 6-kv, dom 30, Tashkent",,,,,"['nice', 'line']",5.0,5.0,5.0,3.0,530.0,583.0,Tashkent,Michaelburgh,
312,Unknown,18,Male,90,+1-207-457-8185,Lake Jasmine,Incorrect email format,2001-06-10 19:42:00,Other,100,active,4.29,excellent,298.0,1997-01-05 00:00:00,"Sharonland 2-kv, dom 45, Tashkent","far, officer",laptop,Dell,2022.0,"['according', 'race']",2.0,1.0,4.0,5.0,463.0,998.0,Tashkent,Sharonland,
312,Unknown,18,Male,90,+1-207-457-8185,Lake Jasmine,Incorrect email format,2001-06-10 19:42:00,Other,100,active,4.29,excellent,298.0,1997-01-05 00:00:00,"Sharonland 2-kv, dom 45, Tashkent","far, officer",phone,Xiaomi,2020.0,,,,,,,,Tashkent,Sharonland,
313,Willie Hoover,20,Female,,+1-903-025-6001,Fullermouth,holmessteven@hotmail.com,2009-12-25 00:00:00,Python,,inactive,2.0,average,248.0,1980-05-04 00:00:00,"Murraymouth 19-kv, dom 29, Tashkent","pass, staff",laptop,Lenovo,2015.0,"['hope', 'cut']",4.0,1.0,1.0,2.0,983.0,1182.0,Tashkent,Murraymouth,
313,Willie Hoover,20,Female,,+1-903-025-6001,Fullermouth,holmessteven@hotmail.com,2009-12-25 00:00:00,Python,,inactive,2.0,average,248.0,1980-05-04 00:00:00,"Murraymouth 19-kv, dom 29, Tashkent","pass, staff",phone,Apple,2023.0,,,,,,,,Tashkent,Murraymouth,
314,Jennifer Johnson,18,Female,,+1-149-210-2553,Turnerberg,Incorrect email format,2002-02-04 04:27:49,Python,66,pending,3.7,excellent,154.0,2024-06-23 00:00:00,"Apartment 15, Pittmanchester district, Tashkent, UZ, 100280",,,,,"['collection', 'difference']",3.0,2.0,4.0,0.0,531.0,391.0,Tashkent,Pittmanchester,100280
315,Joanne Lopez,20,Male,90,+1-979-439-5549,Adrianabury,Incorrect email format,2024-04-05 00:00:00,Python,100,inactive,,average,98.0,1973-10-08 00:00:00,"02174 Jennifer Greens Apt. 839, Morenomouth",,,,,,,,,,,,Morenomouth,,
316,Michele Hogan,20,Male,,+1-807-995-5165,Burgessside,ssmith@hotmail.com,1980-05-22 02:05:36,Data science,100,active,,average,128.0,1982-12-24 00:00:00,"BROKEN,ADDRESS,DATA,,,","operation, toward",laptop,Dell,2023.0,"['opportunity', 'maintain']",3.0,2.0,1.0,1.0,870.0,934.0,,,
316,Michele Hogan,20,Male,,+1-807-995-5165,Burgessside,ssmith@hotmail.com,1980-05-22 02:05:36,Data science,100,active,,average,128.0,1982-12-24 00:00:00,"BROKEN,ADDRESS,DATA,,,","operation, toward",phone,Apple,2023.0,,,,,,,,,,
317,Mackenzie Haas,19,Female,64,Unknown,New Bruce,Incorrect email format,1976-09-05 17:43:53,Data science,100,pending,2.0,,128.0,1988-02-06 00:00:00,"New Charles 14-kv, dom 1, Tashkent","capital, produce",laptop,Dell,2019.0,,,,,,,,Tashkent,New Charles,
317,Mackenzie Haas,19,Female,64,Unknown,New Bruce,Incorrect email format,1976-09-05 17:43:53,Data science,100,pending,2.0,,128.0,1988-02-06 00:00:00,"New Charles 14-kv, dom 1, Tashkent","capital, produce",phone,Samsung,2022.0,"['it', 'listen']",2.0,2.0,1.0,5.0,1343.0,1340.0,Tashkent,New Charles,
318,Sarah Perez MD,19,Male,75,Unknown,East Erik,Incorrect email format,2023-02-07 23:33:04,Data science,,pending,0.0,good,216.0,2021-07-16 13:41:46,"BROKEN,ADDRESS,DATA,,,","stand, father",laptop,Dell,2017.0,"['writer', 'huge']",1.0,2.0,1.0,3.0,363.0,751.0,,,
318,Sarah Perez MD,19,Male,75,Unknown,East Erik,Incorrect email format,2023-02-07 23:33:04,Data science,,pending,0.0,good,216.0,2021-07-16 13:41:46,"BROKEN,ADDRESS,DATA,,,","stand, father",phone,Xiaomi,2024.0,,,,,,,,,,
319,Carolyn Moreno,22,Male,82,Unknown,West Randy,williamslarry@hotmail.com,1986-08-30 00:00:00,Python,100,pending,,excellent,230.0,2022-10-29 02:24:24,"BROKEN,ADDRESS,DATA,,,","responsibility, read",laptop,HP,2023.0,,,,,,,,,,
319,Carolyn Moreno,22,Male,82,Unknown,West Randy,williamslarry@hotmail.com,1986-08-30 00:00:00,Python,100,pending,,excellent,230.0,2022-10-29 02:24:24,"BROKEN,ADDRESS,DATA,,,","responsibility, read",phone,Apple,2021.0,"['east', 'opportunity']",2.0,3.0,4.0,2.0,392.0,1135.0,,,
320,Joshua Ross,20,Unknown,67,+1-676-885-1567,Stanleymouth,Incorrect email format,2023-08-04 00:00:00,Python,97,pending,4.5,average,175.0,2012-12-04 00:00:00,"6771 Miller Crescent, Port Sarah","great, necessary",laptop,HP,2017.0,,,,,,,,Port Sarah,,
320,Joshua Ross,20,Unknown,67,+1-676-885-1567,Stanleymouth,Incorrect email format,2023-08-04 00:00:00,Python,97,pending,4.5,average,175.0,2012-12-04 00:00:00,"6771 Miller Crescent, Port Sarah","great, necessary",phone,Apple,2024.0,"['wide', 'month']",2.0,3.0,5.0,3.0,475.0,947.0,Port Sarah,,
321,Shawn Collins,22,Female,,Unknown,Brittanyburgh,Incorrect email format,1985-01-05 00:00:00,Data science,,pending,3.7,excellent,193.0,2020-09-15 15:09:36,"Apartment 25, New Dawnburgh district, Tashkent, UZ, 100666","evening, animal",laptop,HP,2017.0,"['international', 'some']",5.0,3.0,1.0,5.0,352.0,1182.0,Tashkent,New Dawnburgh,100666
321,Shawn Collins,22,Female,,Unknown,Brittanyburgh,Incorrect email format,1985-01-05 00:00:00,Data science,,pending,3.7,excellent,193.0,2020-09-15 15:09:36,"Apartment 25, New Dawnburgh district, Tashkent, UZ, 100666","evening, animal",phone,Apple,2023.0,,,,,,,,Tashkent,New Dawnburgh,100666
322,Antonio Bryan,22,Female,90,Unknown,Lake Helen,adavis@hotmail.com,2010-04-14 00:00:00,Data science,87,inactive,4.5,good,221.0,2025-05-15 00:00:00,"Apartment 19, East Connie district, Tashkent, UZ, 100047","bring, sea",laptop,Dell,2017.0,"['know', 'how']",3.0,4.0,2.0,3.0,807.0,408.0,Tashkent,East Connie,100047
322,Antonio Bryan,22,Female,90,Unknown,Lake Helen,adavis@hotmail.com,2010-04-14 00:00:00,Data science,87,inactive,4.5,good,221.0,2025-05-15 00:00:00,"Apartment 19, East Connie district, Tashkent, UZ, 100047","bring, sea",phone,Samsung,2022.0,"['then', 'but']",3.0,2.0,1.0,0.0,1006.0,1059.0,Tashkent,East Connie,100047
323,Barry Oneill,22,Female,87,Unknown,East Emilyport,Incorrect email format,1991-03-26 00:00:00,Data science,,active,,excellent,279.0,2011-07-28 00:00:00,"316 Elizabeth Run, South Jamesport","moment, also",laptop,Lenovo,2017.0,"['go', 'age']",4.0,5.0,4.0,3.0,742.0,455.0,South Jamesport,,
323,Barry Oneill,22,Female,87,Unknown,East Emilyport,Incorrect email format,1991-03-26 00:00:00,Data science,,active,,excellent,279.0,2011-07-28 00:00:00,"316 Elizabeth Run, South Jamesport","moment, also",phone,Apple,2020.0,"['agent', 'history']",4.0,5.0,2.0,4.0,236.0,1113.0,South Jamesport,,
324,Unknown,,Female,65,+1-786-048-2231,Jillside,Incorrect email format,2013-10-16 00:00:00,Other,100,pending,2.0,,187.0,2023-08-16 21:29:44,"BROKEN,ADDRESS,DATA,,,",,,,,"['black', 'step']",5.0,1.0,5.0,3.0,438.0,1056.0,,,
325,Nicholas Bell,20,Female,90,Unknown,Bowenfort,Incorrect email format,2000-07-12 00:00:00,Data science,100,pending,,excellent,223.0,1979-03-19 08:45:49,UZ 100190 Tashkent North Miranda,,,,,"['if', 'boy']",4.0,3.0,4.0,4.0,339.0,655.0,Tashkent,North Miranda,100190
326,Micheal Knapp,20,Female,87,+1-544-113-4366,Lauraport,Incorrect email format,2022-10-05 20:05:25,Other,64,active,4.5,excellent,229.0,2011-03-25 07:47:00,"West Robertburgh 4-kv, dom 9, Tashkent","evidence, start",laptop,HP,2017.0,"['crime', 'common']",1.0,5.0,5.0,0.0,423.0,622.0,Tashkent,West Robertburgh,
326,Micheal Knapp,20,Female,87,+1-544-113-4366,Lauraport,Incorrect email format,2022-10-05 20:05:25,Other,64,active,4.5,excellent,229.0,2011-03-25 07:47:00,"West Robertburgh 4-kv, dom 9, Tashkent","evidence, start",phone,Apple,2020.0,,,,,,,,Tashkent,West Robertburgh,
327,Unknown,21,Unknown,90,+1-382-405-8081,Lake Christopher,Incorrect email format,2002-04-17 00:00:00,Python,96,active,3.7,average,140.0,1984-08-23 21:23:37,"Apartment 11, Port Calebtown district, Tashkent, UZ, 100670","others, you",laptop,HP,2016.0,"['black', 'approach']",4.0,5.0,1.0,2.0,277.0,707.0,Tashkent,Port Calebtown,100670
327,Unknown,21,Unknown,90,+1-382-405-8081,Lake Christopher,Incorrect email format,2002-04-17 00:00:00,Python,96,active,3.7,average,140.0,1984-08-23 21:23:37,"Apartment 11, Port Calebtown district, Tashkent, UZ, 100670","others, you",phone,Samsung,2021.0,,,,,,,,Tashkent,Port Calebtown,100670
328,Unknown,19,Female,90,+1-744-565-4885,Rossborough,Incorrect email format,1998-07-13 00:00:00,Python,,inactive,4.02,excellent,167.0,2021-05-11 16:59:02,UZ 100074 Tashkent New Rodney,,,,,,,,,,,,Tashkent,New Rodney,100074
329,Unknown,20,Male,90,+1-646-635-8123,North Rodneychester,Incorrect email format,1974-07-10 00:00:00,Data science,100,pending,0.0,good,106.0,2018-09-27 19:54:00,"607 Torres Brook Suite 210, South Joy","institution, forget",laptop,Dell,2018.0,,,,,,,,South Joy,,
329,Unknown,20,Male,90,+1-646-635-8123,North Rodneychester,Incorrect email format,1974-07-10 00:00:00,Data science,100,pending,0.0,good,106.0,2018-09-27 19:54:00,"607 Torres Brook Suite 210, South Joy","institution, forget",phone,Xiaomi,2018.0,,,,,,,,South Joy,,
330,Joseph Johnson,,Male,90,+1-024-744-6407,Luisport,johnyoung@yahoo.com,1998-09-06 02:39:28,Data science,100,inactive,4.5,good,57.0,1996-06-25 02:28:00,UZ 100700 Tashkent Shaunfort,"spring, either",laptop,Lenovo,2017.0,"['full', 'know']",4.0,1.0,2.0,4.0,979.0,572.0,Tashkent,Shaunfort,100700
330,Joseph Johnson,,Male,90,+1-024-744-6407,Luisport,johnyoung@yahoo.com,1998-09-06 02:39:28,Data science,100,inactive,4.5,good,57.0,1996-06-25 02:28:00,UZ 100700 Tashkent Shaunfort,"spring, either",phone,Samsung,2020.0,,,,,,,,Tashkent,Shaunfort,100700
331,Unknown,20,Male,,Unknown,Zacharyside,Incorrect email format,2000-02-05 00:00:00,Python,100,inactive,4.5,,262.0,2001-01-11 00:00:00,"BROKEN,ADDRESS,DATA,,,",,,,,"['light', 'good']",5.0,2.0,1.0,1.0,752.0,1262.0,,,
332,Unknown,21,Female,93,+1-493-865-9765,Jennaborough,brianmarsh@yahoo.com,1998-09-27 00:00:00,Data science,,inactive,0.0,excellent,140.0,2013-02-07 22:31:00,"West Patrickberg 13-kv, dom 41, Tashkent","dinner, cause",laptop,Dell,2021.0,,,,,,,,Tashkent,West Patrickberg,
332,Unknown,21,Female,93,+1-493-865-9765,Jennaborough,brianmarsh@yahoo.com,1998-09-27 00:00:00,Data science,,inactive,0.0,excellent,140.0,2013-02-07 22:31:00,"West Patrickberg 13-kv, dom 41, Tashkent","dinner, cause",phone,Apple,2019.0,,,,,,,,Tashkent,West Patrickberg,
333,Unknown,20,Female,57,+1-883-492-9817,Deanberg,doughertydavid@carrillo-decker.com,2009-05-18 00:00:00,Data science,100,inactive,3.7,excellent,246.0,1978-09-18 00:00:00,"South Kylebury 23-kv, dom 5, Tashkent",,,,,,,,,,,,Tashkent,South Kylebury,
334,Fred Griffith,18,Male,70,Unknown,South Lynnberg,Incorrect email format,1995-06-11 00:00:00,Data science,88,inactive,,excellent,67.0,2020-02-29 00:00:00,"BROKEN,ADDRESS,DATA,,,",,,,,"['also', 'true']",5.0,2.0,4.0,1.0,1300.0,1360.0,,,
335,David Taylor,,Female,,Unknown,Haroldborough,Incorrect email format,1991-05-08 21:18:00,Data science,100,inactive,3.2,good,91.0,1991-07-23 00:00:00,"Apartment 15, North Angela district, Tashkent, UZ, 100462","during, social",laptop,Lenovo,2018.0,,,,,,,,Tashkent,North Angela,100462
335,David Taylor,,Female,,Unknown,Haroldborough,Incorrect email format,1991-05-08 21:18:00,Data science,100,inactive,3.2,good,91.0,1991-07-23 00:00:00,"Apartment 15, North Angela district, Tashkent, UZ, 100462","during, social",phone,Xiaomi,2019.0,"['paper', 'go']",5.0,1.0,4.0,5.0,1410.0,930.0,Tashkent,North Angela,100462
336,Shane Orr,20,Female,,+1-808-007-2980,Lake Lance,odommeredith@yahoo.com,2023-09-09 06:54:16,Python,,pending,3.7,excellent,166.0,1993-06-13 00:00:00,"Apartment 4, Thomasport district, Tashkent, UZ, 100098",,,,,,,,,,,,Tashkent,Thomasport,100098
337,Timothy Booth,18,Female,,+1-131-188-4606,Rogersport,Incorrect email format,2004-11-21 00:00:00,Data science,70,inactive,3.7,excellent,290.0,1971-02-05 00:00:00,UZ 100264 Tashkent Williamsmouth,,,,,"['himself', 'send']",5.0,2.0,1.0,1.0,292.0,960.0,Tashkent,Williamsmouth,100264
338,Unknown,19,Female,74,+1-352-785-5070,North Teresa,Incorrect email format,2008-11-19 19:42:27,Data science,,active,,good,288.0,2023-08-30 16:38:19,UZ 100563 Tashkent East Nicole,,,,,,,,,,,,Tashkent,East Nicole,100563
339,Unknown,19,Female,90,Unknown,Port Justinshire,amber74@hotmail.com,2011-08-14 04:51:00,Python,100,inactive,4.38,,130.0,2023-11-04 00:00:00,"BROKEN,ADDRESS,DATA,,,","beat, theory",laptop,Lenovo,2024.0,,,,,,,,,,
339,Unknown,19,Female,90,Unknown,Port Justinshire,amber74@hotmail.com,2011-08-14 04:51:00,Python,100,inactive,4.38,,130.0,2023-11-04 00:00:00,"BROKEN,ADDRESS,DATA,,,","beat, theory",phone,Samsung,2019.0,"['tree', 'service']",2.0,3.0,4.0,1.0,1159.0,1416.0,,,
340,James Smith,19,Unknown,70,+1-059-088-7861,West Lisamouth,Incorrect email format,2021-08-26 00:00:00,Python,100,active,2.0,,176.0,1987-11-27 22:22:06,"Jessicaton 1-kv, dom 15, Tashkent",,,,,,,,,,,,Tashkent,Jessicaton,
341,Danielle Coleman,19,Female,90,Unknown,East Chloefurt,Incorrect email format,2020-11-01 01:23:22,Data science,100,pending,4.3,excellent,299.0,2004-04-15 15:11:36,"BROKEN,ADDRESS,DATA,,,","drive, outside",laptop,Dell,2016.0,"['future', 'green']",1.0,3.0,2.0,2.0,447.0,427.0,,,
341,Danielle Coleman,19,Female,90,Unknown,East Chloefurt,Incorrect email format,2020-11-01 01:23:22,Data science,100,pending,4.3,excellent,299.0,2004-04-15 15:11:36,"BROKEN,ADDRESS,DATA,,,","drive, outside",phone,Samsung,2024.0,,,,,,,,,,
342,Dylan May,,Female,73,Unknown,Aaronberg,Incorrect email format,1972-03-16 00:00:00,Data science,,inactive,2.0,average,227.0,2023-10-20 00:00:00,"Apartment 36, Glennmouth district, Tashkent, UZ, 100438","friend, work",laptop,Lenovo,2022.0,"['challenge', 'less']",3.0,5.0,4.0,2.0,541.0,1233.0,Tashkent,Glennmouth,100438
342,Dylan May,,Female,73,Unknown,Aaronberg,Incorrect email format,1972-03-16 00:00:00,Data science,,inactive,2.0,average,227.0,2023-10-20 00:00:00,"Apartment 36, Glennmouth district, Tashkent, UZ, 100438","friend, work",phone,Xiaomi,2021.0,"['and', 'various']",1.0,5.0,2.0,4.0,1030.0,785.0,Tashkent,Glennmouth,100438
343,Leah Anderson,18,Male,90,+1-365-090-3299,East Thomasview,michaelchase@hotmail.com,2012-10-19 12:24:00,Python,69,active,0.0,,203.0,2006-08-23 00:00:00,"BROKEN,ADDRESS,DATA,,,",,,,,,,,,,,,,,
344,April Bennett,19,Female,,+1-346-215-0714,Norrismouth,Incorrect email format,1986-03-20 16:56:54,Python,98,inactive,4.5,,182.0,1978-02-01 00:00:00,"BROKEN,ADDRESS,DATA,,,",,,,,"['politics', 'thought']",5.0,5.0,5.0,0.0,1237.0,1340.0,,,
345,Unknown,20,Unknown,68,+1-029-084-6617,West Tyler,Incorrect email format,1987-04-23 00:00:00,Python,100,active,3.7,average,186.0,2023-05-29 05:54:34,"Coltonborough 27-kv, dom 21, Tashkent","whom, price",laptop,Lenovo,2021.0,"['world', 'all']",2.0,4.0,3.0,0.0,1440.0,1192.0,Tashkent,Coltonborough,
345,Unknown,20,Unknown,68,+1-029-084-6617,West Tyler,Incorrect email format,1987-04-23 00:00:00,Python,100,active,3.7,average,186.0,2023-05-29 05:54:34,"Coltonborough 27-kv, dom 21, Tashkent","whom, price",phone,Xiaomi,2020.0,"['lawyer', 'several']",2.0,3.0,2.0,0.0,859.0,997.0,Tashkent,Coltonborough,
346,Amy Cole,20,Female,68,+1-712-316-8833,East Samanthachester,Incorrect email format,1977-05-05 20:37:10,Data science,100,pending,2.0,good,224.0,2006-11-12 00:00:00,UZ 100226 Tashkent Port Jimmyberg,"else, scientist",laptop,HP,2021.0,"['fill', 'believe']",5.0,4.0,3.0,2.0,864.0,1073.0,Tashkent,Port Jimmyberg,100226
346,Amy Cole,20,Female,68,+1-712-316-8833,East Samanthachester,Incorrect email format,1977-05-05 20:37:10,Data science,100,pending,2.0,good,224.0,2006-11-12 00:00:00,UZ 100226 Tashkent Port Jimmyberg,"else, scientist",phone,Samsung,2020.0,,,,,,,,Tashkent,Port Jimmyberg,100226
347,William Bright,21,Unknown,51,+1-063-974-6472,Carterbury,david32@yahoo.com,2003-09-17 00:00:00,Data science,,active,3.7,good,234.0,2009-09-05 15:17:09,"North Scott 5-kv, dom 9, Tashkent","unit, send",laptop,Dell,2023.0,"['move', 'thousand']",3.0,1.0,5.0,0.0,1116.0,1230.0,Tashkent,North Scott,
347,William Bright,21,Unknown,51,+1-063-974-6472,Carterbury,david32@yahoo.com,2003-09-17 00:00:00,Data science,,active,3.7,good,234.0,2009-09-05 15:17:09,"North Scott 5-kv, dom 9, Tashkent","unit, send",phone,Xiaomi,2019.0,"['fire', 'street']",1.0,2.0,5.0,5.0,972.0,1026.0,Tashkent,North Scott,
348,Julie Gill,22,Unknown,67,Unknown,Samuelstad,Incorrect email format,2004-06-14 00:00:00,Data science,,inactive,3.7,,73.0,1970-01-08 00:00:00,"Apartment 24, West James district, Tashkent, UZ, 100774","source, person",laptop,Dell,2018.0,,,,,,,,Tashkent,West James,100774
348,Julie Gill,22,Unknown,67,Unknown,Samuelstad,Incorrect email format,2004-06-14 00:00:00,Data science,,inactive,3.7,,73.0,1970-01-08 00:00:00,"Apartment 24, West James district, Tashkent, UZ, 100774","source, person",phone,Xiaomi,2020.0,"['thought', 'require']",4.0,2.0,3.0,1.0,1472.0,774.0,Tashkent,West James,100774
349,Unknown,18,Male,86,+1-439-770-2170,Nunezberg,lewispaula@allen.info,1986-08-31 00:00:00,Python,67,active,,good,161.0,1993-02-17 00:00:00,"BROKEN,ADDRESS,DATA,,,","generation, report",laptop,Dell,2021.0,,,,,,,,,,
349,Unknown,18,Male,86,+1-439-770-2170,Nunezberg,lewispaula@allen.info,1986-08-31 00:00:00,Python,67,active,,good,161.0,1993-02-17 00:00:00,"BROKEN,ADDRESS,DATA,,,","generation, report",phone,Samsung,2020.0,,,,,,,,,,
350,Megan Nelson,22,Female,,Unknown,Sandrabury,Incorrect email format,2020-10-01 00:00:00,Python,70,active,,excellent,191.0,2022-11-03 19:14:41,"655 Angelica Plaza Suite 842, Hickshaven","hold, thus",laptop,Dell,2017.0,"['law', 'themselves']",1.0,2.0,1.0,4.0,742.0,1045.0,Hickshaven,,
350,Megan Nelson,22,Female,,Unknown,Sandrabury,Incorrect email format,2020-10-01 00:00:00,Python,70,active,,excellent,191.0,2022-11-03 19:14:41,"655 Angelica Plaza Suite 842, Hickshaven","hold, thus",phone,Apple,2020.0,,,,,,,,Hickshaven,,
351,Russell Zimmerman,20,Female,93,Unknown,Port Traceyville,Incorrect email format,2023-02-20 01:13:11,Data science,,active,3.7,average,89.0,2021-01-01 01:26:00,"955 Matthew Row, Angelaside","own, tell",laptop,Dell,2024.0,"['majority', 'song']",4.0,2.0,4.0,5.0,210.0,448.0,Angelaside,,
351,Russell Zimmerman,20,Female,93,Unknown,Port Traceyville,Incorrect email format,2023-02-20 01:13:11,Data science,,active,3.7,average,89.0,2021-01-01 01:26:00,"955 Matthew Row, Angelaside","own, tell",phone,Apple,2019.0,"['ok', 'various']",1.0,4.0,1.0,5.0,688.0,428.0,Angelaside,,
352,Robert Mack,19,Female,76,+1-533-284-4792,South April,Incorrect email format,2011-10-07 08:23:00,Data science,71,pending,0.0,average,168.0,1988-01-27 00:00:00,"3169 Brenda Place Suite 788, North Theodore",,,,,,,,,,,,North Theodore,,
353,Mark Grant,18,Female,83,Unknown,Brownton,Incorrect email format,2021-06-23 20:39:35,Other,,inactive,0.0,,93.0,2020-05-23 03:37:19,UZ 100049 Tashkent New Wendymouth,,,,,,,,,,,,Tashkent,New Wendymouth,100049
354,Tamara Branch,22,Female,88,+1-592-926-6249,Port Michelle,Incorrect email format,2006-05-16 00:00:00,Data science,,inactive,3.7,good,187.0,2005-03-31 00:00:00,UZ 100250 Tashkent Wallacechester,"example, view",laptop,HP,2018.0,"['high', 'me']",2.0,1.0,4.0,5.0,674.0,897.0,Tashkent,Wallacechester,100250
354,Tamara Branch,22,Female,88,+1-592-926-6249,Port Michelle,Incorrect email format,2006-05-16 00:00:00,Data science,,inactive,3.7,good,187.0,2005-03-31 00:00:00,UZ 100250 Tashkent Wallacechester,"example, view",phone,Xiaomi,2021.0,"['yard', 'walk']",4.0,4.0,5.0,2.0,1488.0,640.0,Tashkent,Wallacechester,100250
355,Unknown,18,Unknown,,Unknown,New Jacob,Incorrect email format,2022-02-09 19:50:00,Python,100,pending,0.0,,222.0,2011-11-25 16:56:38,"Apartment 29, South Anna district, Tashkent, UZ, 100327","evening, that",laptop,HP,2020.0,"['wait', 'guy']",1.0,1.0,3.0,5.0,513.0,772.0,Tashkent,South Anna,100327
355,Unknown,18,Unknown,,Unknown,New Jacob,Incorrect email format,2022-02-09 19:50:00,Python,100,pending,0.0,,222.0,2011-11-25 16:56:38,"Apartment 29, South Anna district, Tashkent, UZ, 100327","evening, that",phone,Xiaomi,2023.0,"['benefit', 'structure']",2.0,3.0,1.0,1.0,985.0,314.0,Tashkent,South Anna,100327
356,Unknown,,Female,64,Unknown,Lake Crystalfort,Incorrect email format,2013-07-21 00:00:00,Data science,64,pending,0.0,excellent,123.0,2014-08-29 09:15:54,"Jonathanmouth 26-kv, dom 24, Tashkent","indicate, unit",laptop,HP,2023.0,,,,,,,,Tashkent,Jonathanmouth,
356,Unknown,,Female,64,Unknown,Lake Crystalfort,Incorrect email format,2013-07-21 00:00:00,Data science,64,pending,0.0,excellent,123.0,2014-08-29 09:15:54,"Jonathanmouth 26-kv, dom 24, Tashkent","indicate, unit",phone,Samsung,2021.0,"['spring', 'knowledge']",4.0,5.0,3.0,4.0,1055.0,877.0,Tashkent,Jonathanmouth,
357,Vanessa Thomas,20,Female,100,+1-587-071-0517,New Mark,Incorrect email format,1979-03-17 00:00:00,Other,100,pending,,,286.0,1986-04-07 00:00:00,"Apartment 41, East George district, Tashkent, UZ, 100734",,,,,,,,,,,,Tashkent,East George,100734
358,Unknown,,Female,90,+1-130-468-0804,Rickview,Incorrect email format,1991-12-09 10:41:00,Python,64,inactive,4.5,,233.0,1971-08-13 00:00:00,"134 Katelyn Alley Apt. 071, New William","ability, unit",laptop,HP,2024.0,,,,,,,,New William,,
358,Unknown,,Female,90,+1-130-468-0804,Rickview,Incorrect email format,1991-12-09 10:41:00,Python,64,inactive,4.5,,233.0,1971-08-13 00:00:00,"134 Katelyn Alley Apt. 071, New William","ability, unit",phone,Apple,2023.0,,,,,,,,New William,,
359,Kathleen Sanchez,22,Female,70,Unknown,Lake Ricardo,Incorrect email format,1996-10-16 00:00:00,Python,65,pending,3.7,excellent,230.0,2020-01-28 01:46:00,"36856 Robert Plains Suite 752, East Christineshire",,,,,"['affect', 'sound']",2.0,4.0,3.0,1.0,1024.0,468.0,East Christineshire,,
360,Unknown,19,Unknown,51,+1-279-376-9975,Campbellville,nconway@roberts.com,2021-06-14 06:33:46,Data science,,inactive,4.5,excellent,269.0,1974-06-13 00:00:00,"3869 Mary Plains, Michaelfort","recognize, power",laptop,Lenovo,2019.0,"['glass', 'future']",4.0,4.0,4.0,3.0,1330.0,904.0,Michaelfort,,
360,Unknown,19,Unknown,51,+1-279-376-9975,Campbellville,nconway@roberts.com,2021-06-14 06:33:46,Data science,,inactive,4.5,excellent,269.0,1974-06-13 00:00:00,"3869 Mary Plains, Michaelfort","recognize, power",phone,Xiaomi,2022.0,"['office', 'notice']",2.0,2.0,1.0,5.0,1002.0,1037.0,Michaelfort,,
361,Wesley Logan,20,Unknown,63,+1-972-978-9280,New Nathan,crystal65@gmail.com,1972-07-26 00:00:00,Data science,100,active,0.0,excellent,221.0,2014-08-12 00:00:00,UZ 100431 Tashkent North Elizabeth,"girl, thought",laptop,Lenovo,2015.0,,,,,,,,Tashkent,North Elizabeth,100431
361,Wesley Logan,20,Unknown,63,+1-972-978-9280,New Nathan,crystal65@gmail.com,1972-07-26 00:00:00,Data science,100,active,0.0,excellent,221.0,2014-08-12 00:00:00,UZ 100431 Tashkent North Elizabeth,"girl, thought",phone,Samsung,2020.0,"['party', 'put']",3.0,2.0,4.0,1.0,1463.0,1482.0,Tashkent,North Elizabeth,100431
362,Unknown,21,Male,90,+1-088-404-1392,Lake Austinchester,Incorrect email format,1982-06-14 05:04:27,Data science,,pending,4.5,excellent,110.0,2011-02-28 00:00:00,"9044 Patterson Shoal, East Thomas",,,,,,,,,,,,East Thomas,,
363,Unknown,18,Male,64,Unknown,Anthonyburgh,Incorrect email format,2007-10-24 00:00:00,Other,,pending,,good,295.0,1996-04-23 00:00:00,"Madelineborough 29-kv, dom 49, Tashkent",,,,,"['which', 'prove']",2.0,4.0,5.0,3.0,1096.0,1000.0,Tashkent,Madelineborough,
364,Chelsea Green,18,Female,,Unknown,Amymouth,Incorrect email format,2021-08-03 19:29:37,Python,100,active,0.0,,216.0,1977-07-17 00:00:00,UZ 100288 Tashkent Calebburgh,,,,,,,,,,,,Tashkent,Calebburgh,100288
365,David Peterson,20,Male,95,+1-850-509-5260,Costaville,Incorrect email format,1994-10-27 00:00:00,Data science,100,pending,1.42,excellent,230.0,1974-10-24 07:31:59,"Apartment 33, South Amy district, Tashkent, UZ, 100877",,,,,"['instead', 'this']",1.0,3.0,2.0,3.0,875.0,1382.0,Tashkent,South Amy,100877
366,Unknown,20,Unknown,90,Unknown,Smithview,Incorrect email format,2022-12-03 00:00:00,Data science,,active,,,257.0,2003-12-13 00:00:00,"BROKEN,ADDRESS,DATA,,,",,,,,,,,,,,,,,
367,Mrs. Patricia Martin,19,Unknown,91,+1-430-462-8893,Lake Neil,ramosbrian@campbell.info,2015-04-05 00:00:00,Data science,100,inactive,0.0,,287.0,2016-10-10 00:00:00,UZ 100186 Tashkent North Timothyside,"Mr, set",laptop,Lenovo,2023.0,,,,,,,,Tashkent,North Timothyside,100186
367,Mrs. Patricia Martin,19,Unknown,91,+1-430-462-8893,Lake Neil,ramosbrian@campbell.info,2015-04-05 00:00:00,Data science,100,inactive,0.0,,287.0,2016-10-10 00:00:00,UZ 100186 Tashkent North Timothyside,"Mr, set",phone,Xiaomi,2021.0,,,,,,,,Tashkent,North Timothyside,100186
368,Dr. Julie Grimes,22,Female,70,+1-671-426-0050,Jessicaborough,kevinbailey@roberts.com,1996-09-27 00:00:00,Data science,,inactive,3.7,,65.0,2012-09-06 00:00:00,UZ 100148 Tashkent North Josephview,"book, ten",laptop,Lenovo,2017.0,"['become', 'join']",2.0,5.0,3.0,1.0,903.0,822.0,Tashkent,North Josephview,100148
368,Dr. Julie Grimes,22,Female,70,+1-671-426-0050,Jessicaborough,kevinbailey@roberts.com,1996-09-27 00:00:00,Data science,,inactive,3.7,,65.0,2012-09-06 00:00:00,UZ 100148 Tashkent North Josephview,"book, ten",phone,Samsung,2021.0,"['father', 'himself']",2.0,2.0,4.0,5.0,584.0,230.0,Tashkent,North Josephview,100148
369,Unknown,20,Female,90,Unknown,Angelamouth,Incorrect email format,1983-04-07 00:00:00,Data science,,pending,4.5,average,231.0,1978-02-14 00:00:00,"42338 Stewart Mission Apt. 356, Lisamouth","accept, case",laptop,Dell,2019.0,"['instead', 'establish']",5.0,3.0,4.0,4.0,1215.0,1022.0,Lisamouth,,
369,Unknown,20,Female,90,Unknown,Angelamouth,Incorrect email format,1983-04-07 00:00:00,Data science,,pending,4.5,average,231.0,1978-02-14 00:00:00,"42338 Stewart Mission Apt. 356, Lisamouth","accept, case",phone,Apple,2021.0,"['full', 'job']",1.0,3.0,4.0,3.0,613.0,1177.0,Lisamouth,,
370,Unknown,20,Female,90,+1-237-145-1202,Donnahaven,vickigoodwin@gmail.com,2000-03-20 11:28:00,Data science,100,active,0.0,excellent,57.0,2022-05-15 21:27:10,"BROKEN,ADDRESS,DATA,,,",,,,,"['food', 'environmental']",4.0,3.0,3.0,4.0,304.0,610.0,,,
371,Unknown,22,Unknown,63,Unknown,Thomaschester,Incorrect email format,2022-08-20 02:54:16,Data science,100,inactive,,average,258.0,2020-10-14 16:34:04,"996 Kerr Alley Apt. 067, Christophermouth","protect, right",laptop,Lenovo,2016.0,"['bring', 'certainly']",2.0,1.0,5.0,3.0,217.0,1427.0,Christophermouth,,
371,Unknown,22,Unknown,63,Unknown,Thomaschester,Incorrect email format,2022-08-20 02:54:16,Data science,100,inactive,,average,258.0,2020-10-14 16:34:04,"996 Kerr Alley Apt. 067, Christophermouth","protect, right",phone,Samsung,2024.0,"['off', 'here']",1.0,2.0,4.0,5.0,1142.0,893.0,Christophermouth,,
372,Karen Lewis,19,Male,,Unknown,Gabrielburgh,Incorrect email format,2008-10-01 00:00:00,Data science,70,inactive,,average,84.0,2015-11-11 04:37:42,"Apartment 1, Jerryville district, Tashkent, UZ, 100129","some, owner",laptop,HP,2024.0,"['throughout', 'recently']",3.0,5.0,3.0,5.0,1314.0,320.0,Tashkent,Jerryville,100129
372,Karen Lewis,19,Male,,Unknown,Gabrielburgh,Incorrect email format,2008-10-01 00:00:00,Data science,70,inactive,,average,84.0,2015-11-11 04:37:42,"Apartment 1, Jerryville district, Tashkent, UZ, 100129","some, owner",phone,Samsung,2022.0,"['great', 'short']",1.0,4.0,2.0,5.0,957.0,517.0,Tashkent,Jerryville,100129
373,Claire Armstrong,,Male,87,+1-555-346-5757,Jamesburgh,Incorrect email format,2022-04-10 22:55:21,Data science,97,pending,2.0,excellent,147.0,2021-04-19 19:09:19,"BROKEN,ADDRESS,DATA,,,","much, long",laptop,Dell,2022.0,,,,,,,,,,
373,Claire Armstrong,,Male,87,+1-555-346-5757,Jamesburgh,Incorrect email format,2022-04-10 22:55:21,Data science,97,pending,2.0,excellent,147.0,2021-04-19 19:09:19,"BROKEN,ADDRESS,DATA,,,","much, long",phone,Apple,2021.0,"['election', 'job']",1.0,4.0,2.0,0.0,479.0,958.0,,,
374,Unknown,22,Female,67,+1-029-722-8333,Gravesmouth,Incorrect email format,1985-02-05 00:00:00,Python,100,active,3.7,,202.0,1996-01-12 06:48:14,"BROKEN,ADDRESS,DATA,,,","they, final",laptop,HP,2024.0,"['ten', 'skill']",4.0,1.0,4.0,5.0,334.0,483.0,,,
374,Unknown,22,Female,67,+1-029-722-8333,Gravesmouth,Incorrect email format,1985-02-05 00:00:00,Python,100,active,3.7,,202.0,1996-01-12 06:48:14,"BROKEN,ADDRESS,DATA,,,","they, final",phone,Xiaomi,2023.0,,,,,,,,,,
375,Unknown,18,Unknown,90,+1-289-853-5617,Alexville,jmorris@miller-george.info,1971-07-16 09:39:00,Data science,100,active,,excellent,119.0,1972-05-02 00:00:00,"20130 Clifford Manor, Michaelmouth","develop, girl",laptop,Lenovo,2021.0,"['coach', 'response']",1.0,2.0,3.0,3.0,711.0,1071.0,Michaelmouth,,
375,Unknown,18,Unknown,90,+1-289-853-5617,Alexville,jmorris@miller-george.info,1971-07-16 09:39:00,Data science,100,active,,excellent,119.0,1972-05-02 00:00:00,"20130 Clifford Manor, Michaelmouth","develop, girl",phone,Samsung,2020.0,"['respond', 'building']",5.0,3.0,1.0,1.0,349.0,844.0,Michaelmouth,,
376,Shawn Lewis,19,Male,89,Unknown,Roseville,phill@thompson.com,2020-11-30 16:16:23,Data science,100,active,,excellent,206.0,2009-02-15 21:26:28,"48963 Jones Summit, East Jillstad","successful, small",laptop,Dell,2024.0,,,,,,,,East Jillstad,,
376,Shawn Lewis,19,Male,89,Unknown,Roseville,phill@thompson.com,2020-11-30 16:16:23,Data science,100,active,,excellent,206.0,2009-02-15 21:26:28,"48963 Jones Summit, East Jillstad","successful, small",phone,Apple,2018.0,"['interesting', 'pay']",1.0,2.0,3.0,3.0,593.0,353.0,East Jillstad,,
377,Robert Phillips,20,Male,90,+1-761-348-3331,Rodriguezstad,Incorrect email format,1971-11-02 00:00:00,Data science,,active,2.0,average,95.0,2000-01-31 00:00:00,"69350 Logan Gardens, Davidland","offer, unit",laptop,Lenovo,2020.0,"['nor', 'many']",5.0,5.0,2.0,1.0,1417.0,526.0,Davidland,,
377,Robert Phillips,20,Male,90,+1-761-348-3331,Rodriguezstad,Incorrect email format,1971-11-02 00:00:00,Data science,,active,2.0,average,95.0,2000-01-31 00:00:00,"69350 Logan Gardens, Davidland","offer, unit",phone,Apple,2022.0,"['case', 'fire']",2.0,5.0,2.0,5.0,560.0,845.0,Davidland,,
378,Amy Elliott,20,Female,,+1-200-933-3338,Deniseland,Incorrect email format,1973-02-21 11:46:00,Data science,100,active,4.5,,222.0,2017-04-08 00:00:00,"Apartment 28, Juanhaven district, Tashkent, UZ, 100382","remain, upon",laptop,HP,2017.0,"['although', 'less']",4.0,1.0,4.0,2.0,612.0,729.0,Tashkent,Juanhaven,100382
378,Amy Elliott,20,Female,,+1-200-933-3338,Deniseland,Incorrect email format,1973-02-21 11:46:00,Data science,100,active,4.5,,222.0,2017-04-08 00:00:00,"Apartment 28, Juanhaven district, Tashkent, UZ, 100382","remain, upon",phone,Xiaomi,2019.0,"['skin', 'article']",3.0,4.0,5.0,2.0,1333.0,623.0,Tashkent,Juanhaven,100382
379,Lori Hall,20,Unknown,90,+1-879-297-4592,South Jasonchester,Incorrect email format,2012-10-19 00:09:00,Python,,active,0.0,good,207.0,2020-12-17 06:09:02,"Gutierrezchester 4-kv, dom 8, Tashkent",,,,,,,,,,,,Tashkent,Gutierrezchester,
380,Luke Frazier,20,Male,90,Unknown,Johnburgh,gregory00@wiggins.info,2022-09-18 00:00:00,Python,,active,,excellent,188.0,2021-01-30 00:46:35,"Apartment 16, West Glenn district, Tashkent, UZ, 100309","pressure, yeah",laptop,Lenovo,2018.0,,,,,,,,Tashkent,West Glenn,100309
380,Luke Frazier,20,Male,90,Unknown,Johnburgh,gregory00@wiggins.info,2022-09-18 00:00:00,Python,,active,,excellent,188.0,2021-01-30 00:46:35,"Apartment 16, West Glenn district, Tashkent, UZ, 100309","pressure, yeah",phone,Samsung,2023.0,"['central', 'ahead']",5.0,3.0,3.0,5.0,305.0,1017.0,Tashkent,West Glenn,100309
381,Unknown,22,Unknown,,+1-931-112-9647,Ashleymouth,Incorrect email format,2018-04-09 00:00:00,Python,,active,3.79,excellent,168.0,1976-03-29 00:00:00,"015 Claudia Fort, Nicolehaven","sport, tough",laptop,HP,2017.0,,,,,,,,Nicolehaven,,
381,Unknown,22,Unknown,,+1-931-112-9647,Ashleymouth,Incorrect email format,2018-04-09 00:00:00,Python,,active,3.79,excellent,168.0,1976-03-29 00:00:00,"015 Claudia Fort, Nicolehaven","sport, tough",phone,Samsung,2020.0,"['American', 'range']",1.0,5.0,4.0,5.0,743.0,1191.0,Nicolehaven,,
382,Nathan Murray,22,Unknown,,Unknown,New Gary,Incorrect email format,2002-04-04 17:41:00,Data science,100,inactive,3.7,average,204.0,2008-10-12 22:30:00,"Apartment 11, Cardenasport district, Tashkent, UZ, 100181","garden, water",laptop,Dell,2023.0,"['check', 'rise']",5.0,4.0,5.0,4.0,694.0,1296.0,Tashkent,Cardenasport,100181
382,Nathan Murray,22,Unknown,,Unknown,New Gary,Incorrect email format,2002-04-04 17:41:00,Data science,100,inactive,3.7,average,204.0,2008-10-12 22:30:00,"Apartment 11, Cardenasport district, Tashkent, UZ, 100181","garden, water",phone,Xiaomi,2021.0,,,,,,,,Tashkent,Cardenasport,100181
383,Julie Howard,20,Male,68,Unknown,Spencerside,Incorrect email format,2012-03-31 00:00:00,Data science,100,active,3.7,,105.0,2021-06-01 20:29:16,"Johnbury 21-kv, dom 30, Tashkent",,,,,"['bag', 'team']",3.0,2.0,3.0,1.0,1340.0,708.0,Tashkent,Johnbury,
384,Unknown,18,Female,90,+1-501-453-3891,New Jasonmouth,foleylauren@yahoo.com,1995-10-16 05:02:00,Data science,75,inactive,3.7,,272.0,1972-11-19 00:00:00,"79649 Drake Locks, Anthonymouth","charge, conference",laptop,HP,2024.0,"['environment', 'marriage']",5.0,3.0,3.0,5.0,725.0,1271.0,Anthonymouth,,
384,Unknown,18,Female,90,+1-501-453-3891,New Jasonmouth,foleylauren@yahoo.com,1995-10-16 05:02:00,Data science,75,inactive,3.7,,272.0,1972-11-19 00:00:00,"79649 Drake Locks, Anthonymouth","charge, conference",phone,Apple,2022.0,,,,,,,,Anthonymouth,,
385,Unknown,18,Female,90,+1-639-402-2356,Kaylastad,Incorrect email format,1995-08-31 00:00:00,Data science,,pending,,,54.0,2011-01-30 04:35:00,"West Haleyton 6-kv, dom 8, Tashkent",,,,,"['executive', 'just']",3.0,3.0,4.0,4.0,301.0,1272.0,Tashkent,West Haleyton,
386,Walter Bass,18,Unknown,94,+1-499-870-4999,Barnettton,Incorrect email format,2010-12-26 12:49:32,Data science,,inactive,4.5,good,156.0,2004-10-22 00:00:00,"Apartment 10, Mcclureborough district, Tashkent, UZ, 100854",,,,,"['fight', 'become']",1.0,1.0,3.0,0.0,802.0,936.0,Tashkent,Mcclureborough,100854
387,Pamela Jackson,20,Female,90,Unknown,Jameschester,mthomas@gmail.com,1996-06-10 21:55:17,Python,100,pending,4.5,average,164.0,2013-04-11 00:00:00,"4387 Schultz Ville Suite 145, Port Candaceland",,,,,,,,,,,,Port Candaceland,,
388,Julie Simpson,22,Male,90,+1-490-287-4294,Bryantport,Incorrect email format,2008-01-20 00:00:00,Data science,73,pending,,good,273.0,2022-05-25 00:00:00,UZ 100279 Tashkent Smithton,"suggest, any",laptop,Dell,2022.0,,,,,,,,Tashkent,Smithton,100279
388,Julie Simpson,22,Male,90,+1-490-287-4294,Bryantport,Incorrect email format,2008-01-20 00:00:00,Data science,73,pending,,good,273.0,2022-05-25 00:00:00,UZ 100279 Tashkent Smithton,"suggest, any",phone,Samsung,2018.0,"['far', 'phone']",4.0,5.0,3.0,2.0,1121.0,1265.0,Tashkent,Smithton,100279
389,Unknown,21,Female,,Unknown,Jennifershire,emilymiller@rodriguez.com,1997-07-24 00:00:00,Other,99,active,3.7,excellent,224.0,1988-03-19 07:13:00,"BROKEN,ADDRESS,DATA,,,","alone, campaign",laptop,HP,2015.0,,,,,,,,,,
389,Unknown,21,Female,,Unknown,Jennifershire,emilymiller@rodriguez.com,1997-07-24 00:00:00,Other,99,active,3.7,excellent,224.0,1988-03-19 07:13:00,"BROKEN,ADDRESS,DATA,,,","alone, campaign",phone,Xiaomi,2021.0,"['share', 'hear']",3.0,1.0,1.0,1.0,262.0,1221.0,,,
390,Terry Schaefer,20,Female,,+1-445-437-5985,New Michael,spencestacy@yahoo.com,2023-02-01 00:00:00,Data science,100,pending,4.5,,229.0,1993-09-02 23:31:26,"Apartment 29, Deniseview district, Tashkent, UZ, 100684",,,,,"['together', 'do']",5.0,5.0,2.0,3.0,1088.0,759.0,Tashkent,Deniseview,100684
391,Bobby Armstrong,19,Female,,Unknown,Lake Joshua,Incorrect email format,1971-09-06 17:07:00,Data science,100,pending,3.37,,286.0,1982-12-09 00:00:00,"Amandaview 11-kv, dom 34, Tashkent",,,,,"['meet', 'describe']",4.0,1.0,1.0,1.0,866.0,219.0,Tashkent,Amandaview,
392,Maureen Clark,,Male,56,Unknown,Campbellmouth,Incorrect email format,2009-05-26 19:59:00,Other,100,pending,,,153.0,1976-07-12 07:26:09,"Apartment 46, Williamsview district, Tashkent, UZ, 100561",,,,,,,,,,,,Tashkent,Williamsview,100561
393,Lance Matthews,20,Unknown,90,Unknown,West Jacob,Incorrect email format,2025-08-05 17:25:00,Data science,62,pending,1.58,good,287.0,2023-08-31 21:12:35,"New Steven 4-kv, dom 23, Tashkent",,,,,"['night', 'red']",3.0,1.0,4.0,4.0,762.0,618.0,Tashkent,New Steven,
394,Unknown,,Male,,+1-054-890-3307,North Michael,nathan24@carroll.biz,2021-11-21 09:35:04,Data science,100,pending,,,264.0,1973-03-30 00:00:00,"Apartment 17, Johnsonburgh district, Tashkent, UZ, 100810","activity, five",laptop,Dell,2019.0,,,,,,,,Tashkent,Johnsonburgh,100810
394,Unknown,,Male,,+1-054-890-3307,North Michael,nathan24@carroll.biz,2021-11-21 09:35:04,Data science,100,pending,,,264.0,1973-03-30 00:00:00,"Apartment 17, Johnsonburgh district, Tashkent, UZ, 100810","activity, five",phone,Samsung,2021.0,"['study', 'listen']",3.0,1.0,4.0,4.0,480.0,454.0,Tashkent,Johnsonburgh,100810
395,Donna Watkins,18,Male,90,+1-878-516-8334,Port Leahchester,Incorrect email format,1979-08-21 00:00:00,Data science,,active,,average,201.0,1987-03-06 00:00:00,"Apartment 18, Jonathantown district, Tashkent, UZ, 100374","later, manager",laptop,Lenovo,2019.0,"['offer', 'hair']",1.0,2.0,2.0,0.0,1476.0,1385.0,Tashkent,Jonathantown,100374
395,Donna Watkins,18,Male,90,+1-878-516-8334,Port Leahchester,Incorrect email format,1979-08-21 00:00:00,Data science,,active,,average,201.0,1987-03-06 00:00:00,"Apartment 18, Jonathantown district, Tashkent, UZ, 100374","later, manager",phone,Xiaomi,2018.0,"['machine', 'use']",4.0,4.0,5.0,5.0,1141.0,431.0,Tashkent,Jonathantown,100374
396,Unknown,21,Female,61,Unknown,South Jeffrey,Incorrect email format,2021-06-07 15:12:25,Python,,pending,2.0,excellent,257.0,2008-04-07 15:02:00,"16728 Villa Way Suite 288, North Cody","voice, scene",laptop,Dell,2022.0,,,,,,,,North Cody,,
396,Unknown,21,Female,61,Unknown,South Jeffrey,Incorrect email format,2021-06-07 15:12:25,Python,,pending,2.0,excellent,257.0,2008-04-07 15:02:00,"16728 Villa Way Suite 288, North Cody","voice, scene",phone,Apple,2021.0,,,,,,,,North Cody,,
397,Toni Beck,20,Male,,Unknown,East Sonyaview,Incorrect email format,1996-06-02 17:51:00,Data science,,inactive,0.0,good,215.0,1993-12-24 00:00:00,"8989 Wesley Prairie Suite 040, Lake Paulfort","daughter, visit",laptop,Dell,2017.0,"['everybody', 'easy']",1.0,5.0,1.0,5.0,1144.0,1098.0,Lake Paulfort,,
397,Toni Beck,20,Male,,Unknown,East Sonyaview,Incorrect email format,1996-06-02 17:51:00,Data science,,inactive,0.0,good,215.0,1993-12-24 00:00:00,"8989 Wesley Prairie Suite 040, Lake Paulfort","daughter, visit",phone,Xiaomi,2018.0,,,,,,,,Lake Paulfort,,
398,Unknown,,Male,90,+1-896-038-4284,Markfort,dmaldonado@vazquez.info,2006-12-22 00:00:00,Data science,100,pending,,average,239.0,1996-09-29 03:59:34,"4018 Hutchinson Camp Apt. 954, Lake Michelleport","rule, himself",laptop,HP,2018.0,,,,,,,,Lake Michelleport,,
398,Unknown,,Male,90,+1-896-038-4284,Markfort,dmaldonado@vazquez.info,2006-12-22 00:00:00,Data science,100,pending,,average,239.0,1996-09-29 03:59:34,"4018 Hutchinson Camp Apt. 954, Lake Michelleport","rule, himself",phone,Xiaomi,2019.0,"['capital', 'contain']",4.0,3.0,1.0,1.0,1005.0,453.0,Lake Michelleport,,
399,Sarah Stafford,18,Female,,Unknown,North Angelatown,Incorrect email format,1984-11-07 11:37:00,Data science,83,pending,1.84,excellent,195.0,1995-03-08 02:43:00,"Wayneland 15-kv, dom 40, Tashkent","seek, until",laptop,Dell,2019.0,,,,,,,,Tashkent,Wayneland,
399,Sarah Stafford,18,Female,,Unknown,North Angelatown,Incorrect email format,1984-11-07 11:37:00,Data science,83,pending,1.84,excellent,195.0,1995-03-08 02:43:00,"Wayneland 15-kv, dom 40, Tashkent","seek, until",phone,Samsung,2023.0,,,,,,,,Tashkent,Wayneland,
400,Cameron Potter DDS,20,Female,83,+1-669-655-6558,West Annaberg,jwoods@gmail.com,2023-07-22 16:29:43,Data science,100,pending,3.7,,283.0,1994-03-21 00:00:00,"36971 Christine Meadow, Ashleytown","wrong, event",laptop,Dell,2017.0,,,,,,,,Ashleytown,,
400,Cameron Potter DDS,20,Female,83,+1-669-655-6558,West Annaberg,jwoods@gmail.com,2023-07-22 16:29:43,Data science,100,pending,3.7,,283.0,1994-03-21 00:00:00,"36971 Christine Meadow, Ashleytown","wrong, event",phone,Samsung,2019.0,"['carry', 'cover']",5.0,3.0,2.0,3.0,580.0,929.0,Ashleytown,,
401,Kim Tran,20,Female,51,+1-893-038-1756,Port Daniel,Incorrect email format,1984-08-24 08:36:15,Python,100,active,4.5,excellent,164.0,2025-04-08 00:00:00,"Apartment 20, Port David district, Tashkent, UZ, 100754","agreement, who",laptop,Lenovo,2021.0,"['whose', 'glass']",4.0,1.0,2.0,1.0,1063.0,604.0,Tashkent,Port David,100754
401,Kim Tran,20,Female,51,+1-893-038-1756,Port Daniel,Incorrect email format,1984-08-24 08:36:15,Python,100,active,4.5,excellent,164.0,2025-04-08 00:00:00,"Apartment 20, Port David district, Tashkent, UZ, 100754","agreement, who",phone,Samsung,2021.0,"['scientist', 'subject']",5.0,2.0,3.0,2.0,944.0,291.0,Tashkent,Port David,100754
402,Zachary Brooks,19,Unknown,80,+1-089-790-7904,Nealview,anthonyhamilton@yahoo.com,2020-10-12 00:00:00,Data science,90,active,0.0,excellent,77.0,2009-07-16 00:00:00,"East Philipport 26-kv, dom 1, Tashkent",,,,,,,,,,,,Tashkent,East Philipport,
403,Charles Solis,18,Female,93,Unknown,Armstrongville,Incorrect email format,2015-07-10 15:43:07,Python,,active,3.7,excellent,151.0,2012-05-17 10:07:25,"Lake Michael 24-kv, dom 22, Tashkent",,,,,,,,,,,,Tashkent,Lake Michael,
404,Benjamin Sims,19,Male,90,+1-681-270-4365,North Felicia,Incorrect email format,1986-09-16 00:00:00,Other,100,inactive,2.0,average,267.0,2006-05-23 18:56:00,"Apartment 9, Port William district, Tashkent, UZ, 100656",,,,,"['store', 'artist']",5.0,2.0,4.0,5.0,1332.0,579.0,Tashkent,Port William,100656
405,Jessica Davidson,,Female,,Unknown,Lake Madison,Incorrect email format,1988-08-30 11:17:35,Data science,66,active,2.0,good,74.0,1985-06-14 00:00:00,"Kimberlyside 28-kv, dom 26, Tashkent","sound, feel",laptop,Lenovo,2018.0,,,,,,,,Tashkent,Kimberlyside,
405,Jessica Davidson,,Female,,Unknown,Lake Madison,Incorrect email format,1988-08-30 11:17:35,Data science,66,active,2.0,good,74.0,1985-06-14 00:00:00,"Kimberlyside 28-kv, dom 26, Tashkent","sound, feel",phone,Samsung,2023.0,,,,,,,,Tashkent,Kimberlyside,
406,Unknown,18,Male,70,Unknown,New Jason,Incorrect email format,1978-10-02 00:00:00,Data science,,active,3.7,average,105.0,2025-02-16 00:00:00,"BROKEN,ADDRESS,DATA,,,","key, hair",laptop,HP,2022.0,"['night', 'none']",3.0,5.0,1.0,3.0,310.0,480.0,,,
406,Unknown,18,Male,70,Unknown,New Jason,Incorrect email format,1978-10-02 00:00:00,Data science,,active,3.7,average,105.0,2025-02-16 00:00:00,"BROKEN,ADDRESS,DATA,,,","key, hair",phone,Apple,2018.0,,,,,,,,,,
407,Unknown,18,Female,90,+1-102-536-9331,Romeroport,Incorrect email format,1999-02-16 00:00:00,Python,100,pending,2.0,average,181.0,2002-07-27 00:00:00,"BROKEN,ADDRESS,DATA,,,","none, test",laptop,Dell,2018.0,,,,,,,,,,
407,Unknown,18,Female,90,+1-102-536-9331,Romeroport,Incorrect email format,1999-02-16 00:00:00,Python,100,pending,2.0,average,181.0,2002-07-27 00:00:00,"BROKEN,ADDRESS,DATA,,,","none, test",phone,Samsung,2018.0,,,,,,,,,,
408,Melissa Sullivan,21,Male,90,Unknown,Lake Wesley,Incorrect email format,2022-09-10 02:49:50,Python,100,pending,2.0,excellent,160.0,1980-01-13 23:53:00,"BROKEN,ADDRESS,DATA,,,",,,,,"['security', 'successful']",4.0,2.0,3.0,2.0,291.0,982.0,,,
409,Donna White,20,Unknown,90,+1-344-396-2791,Richardbury,Incorrect email format,2020-10-25 00:00:00,Python,100,inactive,3.56,good,233.0,1997-12-27 00:00:00,"Apartment 27, New Patricia district, Tashkent, UZ, 100235","capital, decision",laptop,Lenovo,2021.0,"['power', 'read']",2.0,2.0,4.0,2.0,1028.0,412.0,Tashkent,New Patricia,100235
409,Donna White,20,Unknown,90,+1-344-396-2791,Richardbury,Incorrect email format,2020-10-25 00:00:00,Python,100,inactive,3.56,good,233.0,1997-12-27 00:00:00,"Apartment 27, New Patricia district, Tashkent, UZ, 100235","capital, decision",phone,Xiaomi,2019.0,"['threat', 'this']",4.0,3.0,5.0,5.0,1388.0,617.0,Tashkent,New Patricia,100235
410,Michael Garrett,20,Female,64,Unknown,North Samanthaberg,Incorrect email format,1996-09-19 10:21:00,Data science,100,active,2.18,excellent,272.0,2021-01-17 00:00:00,"BROKEN,ADDRESS,DATA,,,",,,,,"['accept', 'article']",2.0,1.0,4.0,3.0,705.0,1163.0,,,
411,Robert Rojas,21,Unknown,69,+1-032-959-2641,New Randy,Incorrect email format,1992-11-30 00:00:00,Python,100,inactive,0.0,,258.0,2003-04-23 00:00:00,"BROKEN,ADDRESS,DATA,,,","tend, goal",laptop,Lenovo,2023.0,,,,,,,,,,
411,Robert Rojas,21,Unknown,69,+1-032-959-2641,New Randy,Incorrect email format,1992-11-30 00:00:00,Python,100,inactive,0.0,,258.0,2003-04-23 00:00:00,"BROKEN,ADDRESS,DATA,,,","tend, goal",phone,Xiaomi,2018.0,"['less', 'interview']",1.0,3.0,2.0,4.0,202.0,1468.0,,,
412,Alexandria Ruiz,,Unknown,,+1-247-635-2532,New Jasontown,Incorrect email format,2023-01-01 14:35:29,Data science,100,pending,3.75,average,205.0,2019-10-02 00:00:00,UZ 100910 Tashkent New Joseph,,,,,"['Congress', 'year']",5.0,2.0,3.0,1.0,1259.0,1324.0,Tashkent,New Joseph,100910
413,Terry Payne,18,Unknown,90,Unknown,Tuckerland,igonzalez@yahoo.com,1977-04-18 01:06:25,Data science,,inactive,2.0,average,183.0,2011-12-12 00:00:00,"6421 Lane Falls Apt. 045, East Deborahport","how, all",laptop,Lenovo,2019.0,,,,,,,,East Deborahport,,
413,Terry Payne,18,Unknown,90,Unknown,Tuckerland,igonzalez@yahoo.com,1977-04-18 01:06:25,Data science,,inactive,2.0,average,183.0,2011-12-12 00:00:00,"6421 Lane Falls Apt. 045, East Deborahport","how, all",phone,Xiaomi,2020.0,"['suffer', 'meet']",1.0,1.0,2.0,0.0,1290.0,1099.0,East Deborahport,,
414,Roger Williams,18,Male,77,Unknown,Tommymouth,Incorrect email format,2022-03-16 06:27:52,Python,,inactive,,,195.0,2012-09-13 14:35:00,UZ 100809 Tashkent East Michaelhaven,,,,,"['talk', 'always']",3.0,2.0,5.0,2.0,1167.0,863.0,Tashkent,East Michaelhaven,100809
415,Victoria Butler,20,Female,80,Unknown,Lake Deborah,Incorrect email format,1976-09-09 00:00:00,Data science,100,pending,0.0,good,298.0,2023-09-02 01:37:45,"East Jasonstad 26-kv, dom 14, Tashkent",,,,,"['no', 'kitchen']",4.0,2.0,4.0,4.0,502.0,570.0,Tashkent,East Jasonstad,
416,Unknown,20,Unknown,85,Unknown,Gregoryville,Incorrect email format,2010-12-24 00:00:00,Python,100,active,3.7,good,241.0,2006-05-03 23:59:00,"BROKEN,ADDRESS,DATA,,,",,,,,,,,,,,,,,
417,Valerie Cohen,20,Male,78,+1-816-480-6921,West Christinatown,Incorrect email format,2022-07-30 13:16:52,Data science,,pending,2.0,good,224.0,1978-06-20 01:57:23,UZ 100155 Tashkent Lake Lukeland,,,,,,,,,,,,Tashkent,Lake Lukeland,100155
418,Unknown,22,Unknown,90,+1-658-094-3682,North Jonathan,Incorrect email format,1997-05-07 00:00:00,Data science,100,pending,,good,210.0,1970-08-02 00:00:00,UZ 100507 Tashkent Lake Jodiview,,,,,"['discussion', 'democratic']",5.0,3.0,5.0,3.0,1022.0,295.0,Tashkent,Lake Jodiview,100507
419,Unknown,18,Unknown,90,+1-925-753-8008,South Joshuamouth,Incorrect email format,2015-03-13 00:00:00,Data science,,pending,0.0,excellent,135.0,2023-04-05 22:37:26,"Port Catherinemouth 29-kv, dom 47, Tashkent","camera, argue",laptop,Dell,2018.0,"['soldier', 'skin']",5.0,5.0,4.0,1.0,324.0,909.0,Tashkent,Port Catherinemouth,
419,Unknown,18,Unknown,90,+1-925-753-8008,South Joshuamouth,Incorrect email format,2015-03-13 00:00:00,Data science,,pending,0.0,excellent,135.0,2023-04-05 22:37:26,"Port Catherinemouth 29-kv, dom 47, Tashkent","camera, argue",phone,Apple,2021.0,,,,,,,,Tashkent,Port Catherinemouth,
420,Shirley Mccann,18,Unknown,91,+1-047-844-7396,South Claudiafort,Incorrect email format,2022-05-27 18:52:58,Data science,,inactive,4.5,good,204.0,1995-10-28 09:52:00,"28439 Frances Extension Suite 697, Ronaldburgh","practice, know",laptop,Dell,2015.0,,,,,,,,Ronaldburgh,,
420,Shirley Mccann,18,Unknown,91,+1-047-844-7396,South Claudiafort,Incorrect email format,2022-05-27 18:52:58,Data science,,inactive,4.5,good,204.0,1995-10-28 09:52:00,"28439 Frances Extension Suite 697, Ronaldburgh","practice, know",phone,Apple,2019.0,"['miss', 'operation']",1.0,4.0,5.0,2.0,520.0,1164.0,Ronaldburgh,,
421,Unknown,20,Male,,Unknown,South Stephanie,Incorrect email format,2014-12-17 00:00:00,Data science,,pending,0.0,excellent,209.0,2016-01-27 21:46:00,"791 Norma Fork, Port Garyport","radio, summer",laptop,HP,2020.0,,,,,,,,Port Garyport,,
421,Unknown,20,Male,,Unknown,South Stephanie,Incorrect email format,2014-12-17 00:00:00,Data science,,pending,0.0,excellent,209.0,2016-01-27 21:46:00,"791 Norma Fork, Port Garyport","radio, summer",phone,Apple,2024.0,,,,,,,,Port Garyport,,
422,Steven Butler,21,Female,55,Unknown,Ayersview,wellslynn@bishop-bates.com,2023-05-20 02:06:34,Data science,100,inactive,,average,149.0,2022-12-15 01:57:14,"Apartment 49, Wallshire district, Tashkent, UZ, 100522","for, save",laptop,Lenovo,2022.0,"['health', 'production']",2.0,2.0,3.0,5.0,1449.0,792.0,Tashkent,Wallshire,100522
422,Steven Butler,21,Female,55,Unknown,Ayersview,wellslynn@bishop-bates.com,2023-05-20 02:06:34,Data science,100,inactive,,average,149.0,2022-12-15 01:57:14,"Apartment 49, Wallshire district, Tashkent, UZ, 100522","for, save",phone,Xiaomi,2022.0,"['smile', 'area']",4.0,5.0,1.0,3.0,971.0,544.0,Tashkent,Wallshire,100522
423,David Daugherty,20,Female,,Unknown,Josemouth,Incorrect email format,2017-03-06 00:00:00,Data science,77,inactive,2.0,good,104.0,2016-07-01 22:06:27,"BROKEN,ADDRESS,DATA,,,","manager, election",laptop,Lenovo,2021.0,"['since', 'Mr']",2.0,4.0,2.0,2.0,522.0,1281.0,,,
423,David Daugherty,20,Female,,Unknown,Josemouth,Incorrect email format,2017-03-06 00:00:00,Data science,77,inactive,2.0,good,104.0,2016-07-01 22:06:27,"BROKEN,ADDRESS,DATA,,,","manager, election",phone,Samsung,2023.0,"['partner', 'notice']",5.0,1.0,2.0,2.0,1056.0,1402.0,,,
424,Christopher Gill,22,Female,,+1-231-307-4684,Jessicaview,bassmichael@hotmail.com,1985-09-10 16:33:19,Data science,60,inactive,2.0,excellent,218.0,2004-06-28 00:00:00,"Apartment 23, East Chad district, Tashkent, UZ, 100316","world, computer",laptop,Dell,2021.0,,,,,,,,Tashkent,East Chad,100316
424,Christopher Gill,22,Female,,+1-231-307-4684,Jessicaview,bassmichael@hotmail.com,1985-09-10 16:33:19,Data science,60,inactive,2.0,excellent,218.0,2004-06-28 00:00:00,"Apartment 23, East Chad district, Tashkent, UZ, 100316","world, computer",phone,Xiaomi,2021.0,,,,,,,,Tashkent,East Chad,100316
425,Timothy Winters,18,Male,,Unknown,Vasquezberg,Incorrect email format,2000-07-31 11:37:00,Other,100,pending,,excellent,65.0,1996-01-07 00:00:00,UZ 100174 Tashkent Michaeltown,"space, mother",laptop,HP,2017.0,,,,,,,,Tashkent,Michaeltown,100174
425,Timothy Winters,18,Male,,Unknown,Vasquezberg,Incorrect email format,2000-07-31 11:37:00,Other,100,pending,,excellent,65.0,1996-01-07 00:00:00,UZ 100174 Tashkent Michaeltown,"space, mother",phone,Samsung,2023.0,"['staff', 'beat']",5.0,3.0,3.0,5.0,900.0,729.0,Tashkent,Michaeltown,100174
426,Sarah Nelson,18,Female,76,+1-786-169-8025,Port Jessicafort,Incorrect email format,2020-12-02 18:43:00,Other,70,inactive,3.24,excellent,100.0,2007-08-18 00:00:00,"BROKEN,ADDRESS,DATA,,,",,,,,"['surface', 'control']",2.0,5.0,2.0,5.0,995.0,458.0,,,
427,Ryan Baker,22,Male,64,+1-618-958-0345,Nicholston,anthony51@barajas-li.com,2021-02-25 08:59:45,Python,81,pending,4.5,excellent,284.0,1990-09-24 00:00:00,UZ 100113 Tashkent North Roy,"fight, difference",laptop,Lenovo,2015.0,,,,,,,,Tashkent,North Roy,100113
427,Ryan Baker,22,Male,64,+1-618-958-0345,Nicholston,anthony51@barajas-li.com,2021-02-25 08:59:45,Python,81,pending,4.5,excellent,284.0,1990-09-24 00:00:00,UZ 100113 Tashkent North Roy,"fight, difference",phone,Samsung,2022.0,"['religious', 'when']",1.0,4.0,3.0,2.0,1436.0,1024.0,Tashkent,North Roy,100113
428,Unknown,18,Female,,+1-655-894-0205,Thompsonberg,Incorrect email format,1978-02-28 00:00:00,Data science,75,pending,,excellent,174.0,2004-09-12 00:00:00,"Apartment 44, Smithshire district, Tashkent, UZ, 100091","nation, if",laptop,Dell,2017.0,,,,,,,,Tashkent,Smithshire,100091
428,Unknown,18,Female,,+1-655-894-0205,Thompsonberg,Incorrect email format,1978-02-28 00:00:00,Data science,75,pending,,excellent,174.0,2004-09-12 00:00:00,"Apartment 44, Smithshire district, Tashkent, UZ, 100091","nation, if",phone,Samsung,2023.0,"['throw', 'central']",4.0,1.0,2.0,2.0,1136.0,925.0,Tashkent,Smithshire,100091
429,Anthony Armstrong,,Unknown,,+1-175-443-3483,Laurenmouth,maryjimenez@mullins.biz,1997-04-10 12:07:40,Python,100,active,,good,222.0,2002-07-28 00:00:00,UZ 100144 Tashkent Lake Dawnside,"travel, exactly",laptop,Lenovo,2015.0,"['find', 'grow']",2.0,2.0,3.0,5.0,269.0,897.0,Tashkent,Lake Dawnside,100144
429,Anthony Armstrong,,Unknown,,+1-175-443-3483,Laurenmouth,maryjimenez@mullins.biz,1997-04-10 12:07:40,Python,100,active,,good,222.0,2002-07-28 00:00:00,UZ 100144 Tashkent Lake Dawnside,"travel, exactly",phone,Apple,2022.0,"['me', 'campaign']",5.0,3.0,5.0,1.0,1339.0,1052.0,Tashkent,Lake Dawnside,100144
430,Tammy Green,21,Female,90,+1-190-024-5538,Rushfurt,Incorrect email format,2019-03-01 14:38:37,Data science,,inactive,,good,65.0,1993-05-28 00:00:00,"Apartment 47, East Michele district, Tashkent, UZ, 100025","beyond, federal",laptop,HP,2020.0,,,,,,,,Tashkent,East Michele,100025
430,Tammy Green,21,Female,90,+1-190-024-5538,Rushfurt,Incorrect email format,2019-03-01 14:38:37,Data science,,inactive,,good,65.0,1993-05-28 00:00:00,"Apartment 47, East Michele district, Tashkent, UZ, 100025","beyond, federal",phone,Samsung,2023.0,"['language', 'money']",4.0,1.0,1.0,2.0,1125.0,576.0,Tashkent,East Michele,100025
431,Juan Wright,22,Female,84,+1-477-921-8703,North Robertshire,Incorrect email format,2014-07-28 18:41:03,Data science,,pending,4.5,average,260.0,1994-01-29 00:00:00,UZ 100116 Tashkent Jamesfort,"pass, federal",laptop,HP,2019.0,"['who', 'financial']",1.0,3.0,1.0,2.0,900.0,381.0,Tashkent,Jamesfort,100116
431,Juan Wright,22,Female,84,+1-477-921-8703,North Robertshire,Incorrect email format,2014-07-28 18:41:03,Data science,,pending,4.5,average,260.0,1994-01-29 00:00:00,UZ 100116 Tashkent Jamesfort,"pass, federal",phone,Apple,2023.0,"['address', 'step']",1.0,4.0,4.0,0.0,443.0,881.0,Tashkent,Jamesfort,100116
432,Unknown,21,Female,63,+1-956-839-0447,Sharpmouth,troy24@gmail.com,2003-08-15 20:55:29,Data science,,inactive,,average,281.0,1984-09-10 17:56:00,"Gibsonhaven 7-kv, dom 6, Tashkent",,,,,,,,,,,,Tashkent,Gibsonhaven,
433,Belinda Crawford,22,Female,90,Unknown,South Adamside,Incorrect email format,1985-06-21 07:23:40,Other,,inactive,3.7,excellent,79.0,1971-06-04 00:00:00,UZ 100395 Tashkent West Jasonport,,,,,,,,,,,,Tashkent,West Jasonport,100395
434,Danielle Roberts,20,Male,90,Unknown,New Timothystad,Incorrect email format,2025-07-14 10:43:02,Data science,,active,0.0,average,201.0,2022-10-11 01:06:08,"BROKEN,ADDRESS,DATA,,,","test, decide",laptop,HP,2018.0,"['bag', 'picture']",3.0,2.0,2.0,2.0,1346.0,1300.0,,,
434,Danielle Roberts,20,Male,90,Unknown,New Timothystad,Incorrect email format,2025-07-14 10:43:02,Data science,,active,0.0,average,201.0,2022-10-11 01:06:08,"BROKEN,ADDRESS,DATA,,,","test, decide",phone,Xiaomi,2019.0,,,,,,,,,,
435,Barbara Allen,,Female,73,+1-663-710-1993,Josephside,Incorrect email format,2010-08-25 20:10:00,Data science,94,active,,,74.0,2020-10-17 20:07:42,UZ 100323 Tashkent North Tracyport,,,,,,,,,,,,Tashkent,North Tracyport,100323
436,Unknown,20,Female,90,Unknown,Lake Jeffrey,ramirezrobin@yahoo.com,1991-10-13 11:59:00,Other,85,inactive,4.5,excellent,235.0,1980-02-14 00:40:00,"32167 Phillips Expressway, Lake Brittany","success, current",laptop,HP,2018.0,"['race', 'as']",5.0,4.0,1.0,5.0,1429.0,928.0,Lake Brittany,,
436,Unknown,20,Female,90,Unknown,Lake Jeffrey,ramirezrobin@yahoo.com,1991-10-13 11:59:00,Other,85,inactive,4.5,excellent,235.0,1980-02-14 00:40:00,"32167 Phillips Expressway, Lake Brittany","success, current",phone,Samsung,2022.0,"['occur', 'we']",2.0,5.0,5.0,3.0,358.0,1422.0,Lake Brittany,,
437,Unknown,20,Male,60,+1-512-110-7927,Garciaton,hensonchristina@brown.com,2022-11-26 02:57:00,Data science,100,pending,,good,68.0,2023-05-28 14:04:07,"Apartment 49, New William district, Tashkent, UZ, 100630","any, bad",laptop,HP,2018.0,,,,,,,,Tashkent,New William,100630
437,Unknown,20,Male,60,+1-512-110-7927,Garciaton,hensonchristina@brown.com,2022-11-26 02:57:00,Data science,100,pending,,good,68.0,2023-05-28 14:04:07,"Apartment 49, New William district, Tashkent, UZ, 100630","any, bad",phone,Samsung,2018.0,,,,,,,,Tashkent,New William,100630
438,Unknown,21,Female,,Unknown,Clarkchester,emilyhahn@sanchez.biz,1972-12-11 00:00:00,Python,100,inactive,3.7,,162.0,1984-03-16 00:00:00,"Apartment 50, Port Hannahchester district, Tashkent, UZ, 100469",,,,,,,,,,,,Tashkent,Port Hannahchester,100469
439,Jessica Ford,21,Unknown,68,Unknown,East Hollyville,jeffrey59@murphy-andrews.com,2005-11-28 00:00:00,Other,100,pending,0.0,excellent,63.0,1993-02-24 21:56:00,"New Andreaton 3-kv, dom 49, Tashkent","event, authority",laptop,Dell,2021.0,"['management', 'point']",2.0,2.0,5.0,5.0,678.0,589.0,Tashkent,New Andreaton,
439,Jessica Ford,21,Unknown,68,Unknown,East Hollyville,jeffrey59@murphy-andrews.com,2005-11-28 00:00:00,Other,100,pending,0.0,excellent,63.0,1993-02-24 21:56:00,"New Andreaton 3-kv, dom 49, Tashkent","event, authority",phone,Xiaomi,2022.0,,,,,,,,Tashkent,New Andreaton,
440,Scott Bailey,20,Female,100,Unknown,South Cynthiamouth,Incorrect email format,1998-01-08 00:00:00,Data science,,inactive,,average,157.0,1993-01-07 19:37:00,"East Melissa 19-kv, dom 44, Tashkent","wrong, central",laptop,HP,2022.0,"['he', 'guess']",1.0,4.0,5.0,5.0,945.0,417.0,Tashkent,East Melissa,
440,Scott Bailey,20,Female,100,Unknown,South Cynthiamouth,Incorrect email format,1998-01-08 00:00:00,Data science,,inactive,,average,157.0,1993-01-07 19:37:00,"East Melissa 19-kv, dom 44, Tashkent","wrong, central",phone,Samsung,2024.0,"['painting', 'tonight']",3.0,3.0,2.0,0.0,949.0,1167.0,Tashkent,East Melissa,
441,Christopher Stevenson,18,Female,95,Unknown,Lake Marilyn,Incorrect email format,2023-06-07 00:00:00,Python,70,inactive,4.5,good,299.0,1973-11-19 00:00:00,"Kathleenchester 19-kv, dom 10, Tashkent","full, for",laptop,Dell,2018.0,"['senior', 'now']",5.0,2.0,5.0,2.0,1401.0,260.0,Tashkent,Kathleenchester,
441,Christopher Stevenson,18,Female,95,Unknown,Lake Marilyn,Incorrect email format,2023-06-07 00:00:00,Python,70,inactive,4.5,good,299.0,1973-11-19 00:00:00,"Kathleenchester 19-kv, dom 10, Tashkent","full, for",phone,Samsung,2020.0,"['real', 'bring']",4.0,1.0,3.0,1.0,1227.0,875.0,Tashkent,Kathleenchester,
442,Chris Hernandez,19,Unknown,90,+1-349-899-1644,Taylorview,Incorrect email format,2005-10-11 00:00:00,Python,65,pending,,excellent,236.0,1998-06-14 16:34:54,"Apartment 32, Tammychester district, Tashkent, UZ, 100928","matter, test",laptop,HP,2019.0,,,,,,,,Tashkent,Tammychester,100928
442,Chris Hernandez,19,Unknown,90,+1-349-899-1644,Taylorview,Incorrect email format,2005-10-11 00:00:00,Python,65,pending,,excellent,236.0,1998-06-14 16:34:54,"Apartment 32, Tammychester district, Tashkent, UZ, 100928","matter, test",phone,Samsung,2020.0,"['between', 'information']",2.0,3.0,1.0,0.0,888.0,1339.0,Tashkent,Tammychester,100928
443,Unknown,18,Female,69,+1-363-426-9766,Meyershire,Incorrect email format,1995-12-07 14:03:00,Python,,active,3.7,excellent,297.0,2021-07-03 07:42:01,"721 Ball Camp Suite 246, Hernandeztown","official, choice",laptop,Dell,2024.0,"['score', 'difference']",1.0,5.0,4.0,3.0,640.0,244.0,Hernandeztown,,
443,Unknown,18,Female,69,+1-363-426-9766,Meyershire,Incorrect email format,1995-12-07 14:03:00,Python,,active,3.7,excellent,297.0,2021-07-03 07:42:01,"721 Ball Camp Suite 246, Hernandeztown","official, choice",phone,Xiaomi,2021.0,"['everybody', 'education']",5.0,2.0,2.0,0.0,1148.0,817.0,Hernandeztown,,
444,Unknown,19,Unknown,90,+1-840-118-3990,East Brianport,Incorrect email format,2021-12-17 23:52:06,Python,,active,3.07,,213.0,2021-12-25 23:23:40,"Apartment 44, East Michele district, Tashkent, UZ, 100459","leader, everything",laptop,HP,2024.0,"['usually', 'yard']",1.0,2.0,4.0,1.0,1394.0,262.0,Tashkent,East Michele,100459
444,Unknown,19,Unknown,90,+1-840-118-3990,East Brianport,Incorrect email format,2021-12-17 23:52:06,Python,,active,3.07,,213.0,2021-12-25 23:23:40,"Apartment 44, East Michele district, Tashkent, UZ, 100459","leader, everything",phone,Apple,2019.0,"['dark', 'resource']",4.0,3.0,2.0,0.0,460.0,662.0,Tashkent,East Michele,100459
445,Nathan Bell,20,Unknown,,+1-384-541-8009,West Tylerport,Incorrect email format,2008-05-23 21:21:36,Python,100,active,,average,192.0,2017-12-05 00:00:00,"5951 Richard Common, Wilsonview","what, sometimes",laptop,HP,2019.0,"['job', 'account']",4.0,3.0,5.0,0.0,775.0,1043.0,Wilsonview,,
445,Nathan Bell,20,Unknown,,+1-384-541-8009,West Tylerport,Incorrect email format,2008-05-23 21:21:36,Python,100,active,,average,192.0,2017-12-05 00:00:00,"5951 Richard Common, Wilsonview","what, sometimes",phone,Apple,2024.0,"['government', 'dark']",2.0,1.0,3.0,1.0,721.0,1194.0,Wilsonview,,
446,Michael Delgado,18,Female,92,+1-757-081-6072,East Michelle,lbailey@gmail.com,2024-01-17 11:00:00,Python,95,pending,3.7,excellent,215.0,2021-07-14 06:26:55,"BROKEN,ADDRESS,DATA,,,","article, west",laptop,HP,2015.0,"['want', 'business']",3.0,1.0,4.0,2.0,409.0,1423.0,,,
446,Michael Delgado,18,Female,92,+1-757-081-6072,East Michelle,lbailey@gmail.com,2024-01-17 11:00:00,Python,95,pending,3.7,excellent,215.0,2021-07-14 06:26:55,"BROKEN,ADDRESS,DATA,,,","article, west",phone,Xiaomi,2024.0,,,,,,,,,,
447,Brandy King,20,Unknown,81,Unknown,East Mark,Incorrect email format,1997-07-11 00:00:00,Data science,,active,0.0,excellent,117.0,1983-12-01 00:00:00,"39753 Emily Harbors, North Danielleview","center, benefit",laptop,Dell,2023.0,,,,,,,,North Danielleview,,
447,Brandy King,20,Unknown,81,Unknown,East Mark,Incorrect email format,1997-07-11 00:00:00,Data science,,active,0.0,excellent,117.0,1983-12-01 00:00:00,"39753 Emily Harbors, North Danielleview","center, benefit",phone,Apple,2018.0,"['much', 'anything']",1.0,3.0,1.0,5.0,1106.0,597.0,North Danielleview,,
448,Karen Martinez,20,Unknown,70,Unknown,Owenfort,Incorrect email format,1976-05-18 00:00:00,Python,60,pending,4.5,,252.0,2021-12-30 03:33:45,UZ 100447 Tashkent New Kevin,,,,,,,,,,,,Tashkent,New Kevin,100447
449,Jeffery Miller,20,Female,71,+1-305-436-2371,Thomasstad,Incorrect email format,2022-01-27 23:34:09,Data science,100,pending,,,251.0,1980-12-01 20:14:00,"BROKEN,ADDRESS,DATA,,,","assume, assume",laptop,Dell,2024.0,"['government', 'exactly']",5.0,4.0,5.0,4.0,1151.0,296.0,,,
449,Jeffery Miller,20,Female,71,+1-305-436-2371,Thomasstad,Incorrect email format,2022-01-27 23:34:09,Data science,100,pending,,,251.0,1980-12-01 20:14:00,"BROKEN,ADDRESS,DATA,,,","assume, assume",phone,Apple,2018.0,,,,,,,,,,
450,Daniel Murphy,19,Unknown,70,Unknown,Lake Nathan,joseph15@may-martinez.info,2025-11-12 00:00:00,Python,97,pending,0.0,excellent,243.0,2019-04-05 00:00:00,"BROKEN,ADDRESS,DATA,,,","raise, skill",laptop,Lenovo,2017.0,,,,,,,,,,
450,Daniel Murphy,19,Unknown,70,Unknown,Lake Nathan,joseph15@may-martinez.info,2025-11-12 00:00:00,Python,97,pending,0.0,excellent,243.0,2019-04-05 00:00:00,"BROKEN,ADDRESS,DATA,,,","raise, skill",phone,Samsung,2024.0,,,,,,,,,,
451,Amber Brooks,21,Female,69,+1-192-385-3074,East Don,richard36@gmail.com,1991-11-09 00:00:00,Data science,,pending,0.0,excellent,193.0,2018-02-06 00:00:00,"Lake David 11-kv, dom 11, Tashkent","hour, ready",laptop,Lenovo,2021.0,"['detail', 'certain']",5.0,1.0,4.0,5.0,202.0,448.0,Tashkent,Lake David,
451,Amber Brooks,21,Female,69,+1-192-385-3074,East Don,richard36@gmail.com,1991-11-09 00:00:00,Data science,,pending,0.0,excellent,193.0,2018-02-06 00:00:00,"Lake David 11-kv, dom 11, Tashkent","hour, ready",phone,Xiaomi,2023.0,"['analysis', 'receive']",4.0,2.0,1.0,5.0,1026.0,1286.0,Tashkent,Lake David,
452,Anna Ayers,22,Unknown,63,+1-101-270-5764,Lake Kim,Incorrect email format,1974-12-02 00:00:00,Other,,inactive,2.0,excellent,235.0,2001-12-26 00:00:00,"BROKEN,ADDRESS,DATA,,,",,,,,,,,,,,,,,
453,Julie Flores,18,Female,,+1-363-572-0111,North Josephchester,Incorrect email format,2007-02-14 00:00:00,Data science,100,active,,excellent,122.0,2014-10-09 12:03:00,UZ 100779 Tashkent Sophiashire,,,,,,,,,,,,Tashkent,Sophiashire,100779
454,Michael Riley,,Unknown,,+1-545-308-2963,Jamesside,bnewman@edwards.net,1985-02-12 00:00:00,Python,,active,2.0,average,198.0,2023-05-05 13:31:41,"South Jonathanview 11-kv, dom 15, Tashkent",,,,,,,,,,,,Tashkent,South Jonathanview,
455,Emily Ray,22,Female,,+1-843-054-7914,North Christopherton,Incorrect email format,1997-05-10 12:19:37,Data science,,active,,excellent,184.0,1998-03-18 21:57:58,UZ 100680 Tashkent Cartermouth,"may, challenge",laptop,Lenovo,2015.0,,,,,,,,Tashkent,Cartermouth,100680
455,Emily Ray,22,Female,,+1-843-054-7914,North Christopherton,Incorrect email format,1997-05-10 12:19:37,Data science,,active,,excellent,184.0,1998-03-18 21:57:58,UZ 100680 Tashkent Cartermouth,"may, challenge",phone,Xiaomi,2019.0,"['region', 'reach']",4.0,3.0,2.0,3.0,1105.0,1139.0,Tashkent,Cartermouth,100680
456,Unknown,,Female,63,Unknown,Perezmouth,Incorrect email format,2004-12-05 00:00:00,Python,84,active,4.5,good,189.0,2019-07-22 17:48:42,"11041 Kristen Mountain, Stewartshire",,,,,"['face', 'after']",2.0,2.0,5.0,4.0,734.0,1086.0,Stewartshire,,
457,Wendy Williams,20,Female,54,+1-254-466-2154,Port Luisstad,rogershannah@calderon-romero.com,2010-09-17 20:25:00,Python,72,pending,3.7,,279.0,2003-06-22 09:06:00,"New Katherine 17-kv, dom 14, Tashkent",,,,,,,,,,,,Tashkent,New Katherine,
458,Steven Gray,18,Male,93,+1-231-140-5276,Rogerville,Incorrect email format,1993-09-08 11:26:29,Python,84,inactive,3.7,excellent,214.0,2020-02-16 00:00:00,"BROKEN,ADDRESS,DATA,,,","garden, Mrs",laptop,Lenovo,2022.0,"['them', 'laugh']",1.0,5.0,4.0,5.0,959.0,459.0,,,
458,Steven Gray,18,Male,93,+1-231-140-5276,Rogerville,Incorrect email format,1993-09-08 11:26:29,Python,84,inactive,3.7,excellent,214.0,2020-02-16 00:00:00,"BROKEN,ADDRESS,DATA,,,","garden, Mrs",phone,Samsung,2023.0,,,,,,,,,,
459,Melanie Kline,,Female,91,+1-096-119-5797,Rodriguezborough,Incorrect email format,1972-10-28 00:00:00,Python,,pending,,excellent,290.0,2025-08-15 00:00:00,UZ 100349 Tashkent Bryantmouth,"throw, free",laptop,HP,2016.0,,,,,,,,Tashkent,Bryantmouth,100349
459,Melanie Kline,,Female,91,+1-096-119-5797,Rodriguezborough,Incorrect email format,1972-10-28 00:00:00,Python,,pending,,excellent,290.0,2025-08-15 00:00:00,UZ 100349 Tashkent Bryantmouth,"throw, free",phone,Xiaomi,2022.0,,,,,,,,Tashkent,Bryantmouth,100349
460,Unknown,20,Unknown,66,+1-496-519-4828,West Frankfurt,krystal72@hotmail.com,1981-04-29 17:52:19,Other,,inactive,3.7,excellent,124.0,1970-10-13 21:54:00,"4044 Ashley Canyon Suite 093, Eugenebury","Democrat, ago",laptop,Lenovo,2016.0,"['glass', 'gun']",3.0,5.0,4.0,5.0,568.0,1500.0,Eugenebury,,
460,Unknown,20,Unknown,66,+1-496-519-4828,West Frankfurt,krystal72@hotmail.com,1981-04-29 17:52:19,Other,,inactive,3.7,excellent,124.0,1970-10-13 21:54:00,"4044 Ashley Canyon Suite 093, Eugenebury","Democrat, ago",phone,Samsung,2023.0,"['man', 'upon']",2.0,1.0,3.0,3.0,924.0,1178.0,Eugenebury,,
461,Unknown,20,Male,77,Unknown,East Morgan,christine49@hoffman-edwards.org,1998-01-08 00:00:00,Data science,100,pending,3.7,,173.0,2021-10-05 21:24:34,"Apartment 31, New Tristanstad district, Tashkent, UZ, 100639","defense, on",laptop,HP,2022.0,"['have', 'form']",2.0,3.0,2.0,5.0,887.0,1435.0,Tashkent,New Tristanstad,100639
461,Unknown,20,Male,77,Unknown,East Morgan,christine49@hoffman-edwards.org,1998-01-08 00:00:00,Data science,100,pending,3.7,,173.0,2021-10-05 21:24:34,"Apartment 31, New Tristanstad district, Tashkent, UZ, 100639","defense, on",phone,Samsung,2022.0,,,,,,,,Tashkent,New Tristanstad,100639
462,Andrea Clark,22,Unknown,90,+1-740-734-1280,Santosborough,alisha02@fisher-frye.net,2021-08-06 01:50:49,Data science,100,pending,,excellent,201.0,1999-03-21 00:00:00,"37125 Harris Ridges, Feliciahaven",,,,,"['choose', 'their']",1.0,1.0,2.0,1.0,1187.0,1136.0,Feliciahaven,,
463,Unknown,,Male,90,+1-825-843-1868,Teresaton,Incorrect email format,2022-09-25 06:45:25,Data science,100,active,,excellent,151.0,2025-11-01 07:48:18,"Apartment 17, East Melanieton district, Tashkent, UZ, 100892","for, program",laptop,Dell,2019.0,"['light', 'as']",4.0,4.0,1.0,0.0,536.0,1001.0,Tashkent,East Melanieton,100892
463,Unknown,,Male,90,+1-825-843-1868,Teresaton,Incorrect email format,2022-09-25 06:45:25,Data science,100,active,,excellent,151.0,2025-11-01 07:48:18,"Apartment 17, East Melanieton district, Tashkent, UZ, 100892","for, program",phone,Samsung,2018.0,"['want', 'outside']",2.0,5.0,3.0,1.0,1049.0,512.0,Tashkent,East Melanieton,100892
464,Unknown,18,Female,62,+1-186-463-0034,New Jessica,Incorrect email format,2023-09-19 00:00:00,Data science,100,active,0.0,excellent,121.0,1988-10-09 19:54:50,"6619 Mills Island Suite 519, East Richard","garden, language",laptop,Dell,2024.0,,,,,,,,East Richard,,
464,Unknown,18,Female,62,+1-186-463-0034,New Jessica,Incorrect email format,2023-09-19 00:00:00,Data science,100,active,0.0,excellent,121.0,1988-10-09 19:54:50,"6619 Mills Island Suite 519, East Richard","garden, language",phone,Samsung,2022.0,,,,,,,,East Richard,,
465,Katelyn Houston,20,Female,90,Unknown,Lauramouth,Incorrect email format,1972-08-21 00:00:00,Data science,,active,,,279.0,2010-10-15 11:08:44,"82258 Ward Vista, Trevorport","sport, others",laptop,Lenovo,2016.0,,,,,,,,Trevorport,,
465,Katelyn Houston,20,Female,90,Unknown,Lauramouth,Incorrect email format,1972-08-21 00:00:00,Data science,,active,,,279.0,2010-10-15 11:08:44,"82258 Ward Vista, Trevorport","sport, others",phone,Apple,2021.0,,,,,,,,Trevorport,,
466,Cody Russell,20,Male,73,+1-778-889-7511,Powellfurt,Incorrect email format,2000-09-17 00:00:00,Data science,100,pending,,good,138.0,1998-04-01 00:00:00,"Apartment 17, Davidview district, Tashkent, UZ, 100309",,,,,"['one', 'understand']",1.0,4.0,1.0,3.0,1269.0,226.0,Tashkent,Davidview,100309
467,Maria Glass,20,Male,74,+1-201-671-9931,Port Katieville,Incorrect email format,1976-12-16 01:17:00,Python,,inactive,4.5,,202.0,2021-01-25 09:58:22,"59092 Strickland Road Apt. 407, Torresville","picture, election",laptop,HP,2024.0,"['various', 'government']",4.0,5.0,4.0,5.0,1255.0,1382.0,Torresville,,
467,Maria Glass,20,Male,74,+1-201-671-9931,Port Katieville,Incorrect email format,1976-12-16 01:17:00,Python,,inactive,4.5,,202.0,2021-01-25 09:58:22,"59092 Strickland Road Apt. 407, Torresville","picture, election",phone,Samsung,2021.0,,,,,,,,Torresville,,
468,Unknown,,Male,93,+1-246-640-0420,Christopherport,Incorrect email format,2023-06-13 18:56:33,Data science,,active,,excellent,107.0,2022-05-01 06:08:14,"49187 Holland Crossing Apt. 560, Valenzuelachester","take, approach",laptop,Lenovo,2017.0,,,,,,,,Valenzuelachester,,
468,Unknown,,Male,93,+1-246-640-0420,Christopherport,Incorrect email format,2023-06-13 18:56:33,Data science,,active,,excellent,107.0,2022-05-01 06:08:14,"49187 Holland Crossing Apt. 560, Valenzuelachester","take, approach",phone,Samsung,2024.0,"['however', 'door']",5.0,4.0,3.0,3.0,374.0,370.0,Valenzuelachester,,
469,Aaron Lee,19,Male,,+1-872-361-5837,West Charlesville,Incorrect email format,1996-02-05 00:00:00,Data science,100,inactive,4.5,good,120.0,2021-12-23 00:47:43,"BROKEN,ADDRESS,DATA,,,","last, them",laptop,Lenovo,2021.0,"['art', 'share']",1.0,5.0,4.0,4.0,716.0,1323.0,,,
469,Aaron Lee,19,Male,,+1-872-361-5837,West Charlesville,Incorrect email format,1996-02-05 00:00:00,Data science,100,inactive,4.5,good,120.0,2021-12-23 00:47:43,"BROKEN,ADDRESS,DATA,,,","last, them",phone,Xiaomi,2023.0,"['heart', 'office']",3.0,4.0,2.0,4.0,1131.0,694.0,,,
470,Nichole Woods,21,Male,,+1-875-634-3708,Fosterburgh,rmartin@gmail.com,2023-10-16 19:03:54,Data science,76,active,2.0,excellent,166.0,1973-09-29 03:55:32,"Apartment 42, South Robertchester district, Tashkent, UZ, 100965","buy, word",laptop,Lenovo,2022.0,"['issue', 'beat']",4.0,3.0,2.0,1.0,799.0,686.0,Tashkent,South Robertchester,100965
470,Nichole Woods,21,Male,,+1-875-634-3708,Fosterburgh,rmartin@gmail.com,2023-10-16 19:03:54,Data science,76,active,2.0,excellent,166.0,1973-09-29 03:55:32,"Apartment 42, South Robertchester district, Tashkent, UZ, 100965","buy, word",phone,Apple,2024.0,,,,,,,,Tashkent,South Robertchester,100965
471,Edward Morse,20,Unknown,90,+1-680-535-8205,Lake Johnborough,Incorrect email format,2013-06-08 00:00:00,Python,100,active,,average,159.0,2008-01-29 04:02:00,"Apartment 18, West Javierborough district, Tashkent, UZ, 100982","cover, night",laptop,HP,2024.0,,,,,,,,Tashkent,West Javierborough,100982
471,Edward Morse,20,Unknown,90,+1-680-535-8205,Lake Johnborough,Incorrect email format,2013-06-08 00:00:00,Python,100,active,,average,159.0,2008-01-29 04:02:00,"Apartment 18, West Javierborough district, Tashkent, UZ, 100982","cover, night",phone,Xiaomi,2021.0,,,,,,,,Tashkent,West Javierborough,100982
472,Unknown,18,Unknown,82,Unknown,Thompsonburgh,Incorrect email format,2002-03-09 00:00:00,Other,,inactive,,average,127.0,1979-06-06 00:00:00,"Apartment 8, Brownberg district, Tashkent, UZ, 100457",,,,,"['clearly', 'game']",1.0,4.0,2.0,5.0,513.0,1236.0,Tashkent,Brownberg,100457
473,Unknown,18,Male,61,+1-420-538-9587,Lake Michael,Incorrect email format,1974-12-02 00:00:00,Data science,100,pending,0.0,,289.0,2000-02-28 10:55:00,"New Chris 4-kv, dom 21, Tashkent","data, style",laptop,Dell,2022.0,"['such', 'seem']",4.0,5.0,2.0,4.0,1284.0,622.0,Tashkent,New Chris,
473,Unknown,18,Male,61,+1-420-538-9587,Lake Michael,Incorrect email format,1974-12-02 00:00:00,Data science,100,pending,0.0,,289.0,2000-02-28 10:55:00,"New Chris 4-kv, dom 21, Tashkent","data, style",phone,Apple,2021.0,"['ok', 'they']",3.0,3.0,3.0,2.0,1394.0,909.0,Tashkent,New Chris,
474,Alexandra Pena,20,Male,,Unknown,Port Martin,Incorrect email format,2022-01-14 13:30:57,Other,100,pending,0.0,good,204.0,2003-04-23 00:00:00,"South Vickieport 14-kv, dom 38, Tashkent","already, your",laptop,Dell,2016.0,"['reduce', 'learn']",2.0,3.0,4.0,1.0,483.0,213.0,Tashkent,South Vickieport,
474,Alexandra Pena,20,Male,,Unknown,Port Martin,Incorrect email format,2022-01-14 13:30:57,Other,100,pending,0.0,good,204.0,2003-04-23 00:00:00,"South Vickieport 14-kv, dom 38, Tashkent","already, your",phone,Xiaomi,2018.0,,,,,,,,Tashkent,South Vickieport,
475,Susan Evans,19,Female,,+1-840-871-3220,West Zacharyview,Incorrect email format,1983-01-31 00:00:00,Python,100,active,,good,287.0,1979-12-25 00:00:00,"Port Christineton 29-kv, dom 1, Tashkent",,,,,,,,,,,,Tashkent,Port Christineton,
476,Unknown,20,Unknown,68,Unknown,Lowehaven,annafields@rivera-erickson.com,2023-03-17 00:00:00,Data science,100,pending,,excellent,159.0,1984-07-05 00:00:00,"BROKEN,ADDRESS,DATA,,,",,,,,,,,,,,,,,
477,Amanda Evans,20,Unknown,60,+1-251-053-0173,Colleenburgh,Incorrect email format,1970-08-01 00:00:00,Data science,,inactive,2.0,excellent,209.0,2020-09-07 00:00:00,"BROKEN,ADDRESS,DATA,,,","medical, him",laptop,Dell,2017.0,"['national', 'but']",1.0,1.0,4.0,4.0,404.0,737.0,,,
477,Amanda Evans,20,Unknown,60,+1-251-053-0173,Colleenburgh,Incorrect email format,1970-08-01 00:00:00,Data science,,inactive,2.0,excellent,209.0,2020-09-07 00:00:00,"BROKEN,ADDRESS,DATA,,,","medical, him",phone,Xiaomi,2023.0,"['paper', 'bit']",2.0,3.0,2.0,1.0,376.0,1305.0,,,
478,Jason Michael,20,Male,83,+1-311-913-3615,West Jessefurt,vmurphy@baker.com,1979-02-06 00:00:00,Data science,,active,4.5,excellent,169.0,2003-12-10 00:00:00,"Apartment 45, Wilsonmouth district, Tashkent, UZ, 100904","they, ball",laptop,HP,2024.0,,,,,,,,Tashkent,Wilsonmouth,100904
478,Jason Michael,20,Male,83,+1-311-913-3615,West Jessefurt,vmurphy@baker.com,1979-02-06 00:00:00,Data science,,active,4.5,excellent,169.0,2003-12-10 00:00:00,"Apartment 45, Wilsonmouth district, Tashkent, UZ, 100904","they, ball",phone,Xiaomi,2021.0,"['occur', 'open']",3.0,1.0,5.0,5.0,1495.0,772.0,Tashkent,Wilsonmouth,100904
479,Brian Weiss,21,Male,90,+1-325-698-3868,East Stephanie,Incorrect email format,1995-03-12 07:15:00,Data science,100,active,2.0,average,290.0,1978-02-06 06:25:00,"386 Stanley Club Suite 051, West Dawn","Democrat, property",laptop,Dell,2016.0,,,,,,,,West Dawn,,
479,Brian Weiss,21,Male,90,+1-325-698-3868,East Stephanie,Incorrect email format,1995-03-12 07:15:00,Data science,100,active,2.0,average,290.0,1978-02-06 06:25:00,"386 Stanley Club Suite 051, West Dawn","Democrat, property",phone,Samsung,2019.0,"['turn', 'gun']",4.0,2.0,2.0,3.0,362.0,641.0,West Dawn,,
480,Unknown,18,Female,,+1-039-728-2149,East Thomasview,christopher88@hotmail.com,2015-02-19 19:05:00,Data science,,active,0.0,excellent,80.0,1986-05-20 00:00:00,"BROKEN,ADDRESS,DATA,,,",,,,,"['magazine', 'place']",4.0,2.0,3.0,5.0,1061.0,281.0,,,
481,Michael Horn,18,Male,93,+1-142-871-0815,East Rodney,Incorrect email format,1970-05-10 00:00:00,Data science,71,pending,0.0,excellent,259.0,2021-07-24 21:06:53,UZ 100575 Tashkent Peterland,"south, positive",laptop,Lenovo,2021.0,"['economy', 'let']",3.0,3.0,1.0,0.0,773.0,1052.0,Tashkent,Peterland,100575
481,Michael Horn,18,Male,93,+1-142-871-0815,East Rodney,Incorrect email format,1970-05-10 00:00:00,Data science,71,pending,0.0,excellent,259.0,2021-07-24 21:06:53,UZ 100575 Tashkent Peterland,"south, positive",phone,Samsung,2019.0,,,,,,,,Tashkent,Peterland,100575
482,Kimberly Douglas,20,Male,90,+1-404-773-6044,Gregoryton,Incorrect email format,2023-04-01 20:43:00,Python,78,pending,3.64,excellent,98.0,1972-10-18 23:00:00,UZ 100278 Tashkent New Calvinstad,"its, cultural",laptop,Lenovo,2018.0,,,,,,,,Tashkent,New Calvinstad,100278
482,Kimberly Douglas,20,Male,90,+1-404-773-6044,Gregoryton,Incorrect email format,2023-04-01 20:43:00,Python,78,pending,3.64,excellent,98.0,1972-10-18 23:00:00,UZ 100278 Tashkent New Calvinstad,"its, cultural",phone,Samsung,2020.0,"['memory', 'reveal']",3.0,3.0,5.0,3.0,606.0,211.0,Tashkent,New Calvinstad,100278
483,Matthew Moore,22,Unknown,76,+1-838-253-7573,Cooperland,Incorrect email format,1985-06-07 23:50:00,Data science,89,active,3.62,excellent,231.0,1984-06-26 00:00:00,"Apartment 30, Lake Johnland district, Tashkent, UZ, 100801","same, through",laptop,Dell,2018.0,,,,,,,,Tashkent,Lake Johnland,100801
483,Matthew Moore,22,Unknown,76,+1-838-253-7573,Cooperland,Incorrect email format,1985-06-07 23:50:00,Data science,89,active,3.62,excellent,231.0,1984-06-26 00:00:00,"Apartment 30, Lake Johnland district, Tashkent, UZ, 100801","same, through",phone,Xiaomi,2024.0,"['seven', 'guess']",5.0,2.0,3.0,0.0,547.0,1304.0,Tashkent,Lake Johnland,100801
484,Unknown,,Male,85,+1-018-396-2474,Snowside,hnorton@gmail.com,2011-11-05 00:00:00,Data science,94,active,2.0,,258.0,1990-02-11 00:00:00,"72389 Schmidt Place Apt. 885, South Patrickshire",,,,,,,,,,,,South Patrickshire,,
485,Scott Alexander,18,Female,,+1-675-389-8181,South Anthonytown,chenderson@johnson.com,2003-07-03 00:00:00,Data science,100,active,,good,256.0,2008-08-19 00:00:00,"495 Ochoa Extensions, East Alexander","skill, effect",laptop,Dell,2015.0,"['energy', 'outside']",1.0,3.0,5.0,0.0,524.0,1011.0,East Alexander,,
485,Scott Alexander,18,Female,,+1-675-389-8181,South Anthonytown,chenderson@johnson.com,2003-07-03 00:00:00,Data science,100,active,,good,256.0,2008-08-19 00:00:00,"495 Ochoa Extensions, East Alexander","skill, effect",phone,Samsung,2020.0,"['future', 'out']",3.0,2.0,4.0,0.0,1069.0,255.0,East Alexander,,
486,Unknown,,Female,90,Unknown,Shortbury,Incorrect email format,2000-08-12 00:00:00,Other,100,pending,3.07,average,260.0,1990-11-26 00:00:00,"127 Wong Locks, South Sarah",,,,,"['share', 'interest']",1.0,3.0,4.0,4.0,1393.0,672.0,South Sarah,,
487,Linda French,18,Female,90,+1-655-977-5808,New Robert,Incorrect email format,1992-01-27 00:00:00,Data science,100,pending,,,154.0,2015-03-06 00:00:00,"Apartment 9, Cochranland district, Tashkent, UZ, 100971",,,,,,,,,,,,Tashkent,Cochranland,100971
488,Darin Butler,22,Female,54,Unknown,Hunterview,Incorrect email format,1999-12-30 00:00:00,Other,,inactive,2.0,average,253.0,2018-08-07 09:23:00,"BROKEN,ADDRESS,DATA,,,","send, space",laptop,Dell,2020.0,"['strategy', 'hear']",5.0,5.0,4.0,3.0,757.0,1335.0,,,
488,Darin Butler,22,Female,54,Unknown,Hunterview,Incorrect email format,1999-12-30 00:00:00,Other,,inactive,2.0,average,253.0,2018-08-07 09:23:00,"BROKEN,ADDRESS,DATA,,,","send, space",phone,Samsung,2023.0,"['avoid', 'include']",5.0,3.0,5.0,2.0,829.0,631.0,,,
489,Unknown,19,Male,,Unknown,South Zachary,yolandarodriguez@hall-baird.com,2010-04-24 01:56:00,Data science,100,active,,excellent,230.0,1976-12-13 00:00:00,"Port Jayton 7-kv, dom 3, Tashkent",,,,,,,,,,,,Tashkent,Port Jayton,
490,Unknown,21,Female,59,+1-592-495-1232,Batesside,kevin16@gmail.com,2021-10-27 18:58:09,Python,100,inactive,,excellent,198.0,1983-08-29 00:00:00,"80592 Wiley Views Suite 243, East Thomasville","each, team",laptop,HP,2024.0,"['color', 'main']",1.0,5.0,4.0,2.0,1287.0,408.0,East Thomasville,,
490,Unknown,21,Female,59,+1-592-495-1232,Batesside,kevin16@gmail.com,2021-10-27 18:58:09,Python,100,inactive,,excellent,198.0,1983-08-29 00:00:00,"80592 Wiley Views Suite 243, East Thomasville","each, team",phone,Apple,2023.0,"['affect', 'prepare']",1.0,3.0,4.0,3.0,558.0,689.0,East Thomasville,,
491,Richard Sandoval,20,Male,90,+1-515-268-2891,West Matthew,frankmcguire@galloway.com,1979-02-13 00:00:00,Other,92,inactive,4.46,good,70.0,1989-11-16 00:00:00,"North James 7-kv, dom 5, Tashkent","article, drug",laptop,HP,2019.0,"['data', 'technology']",5.0,4.0,5.0,0.0,1399.0,1094.0,Tashkent,North James,
491,Richard Sandoval,20,Male,90,+1-515-268-2891,West Matthew,frankmcguire@galloway.com,1979-02-13 00:00:00,Other,92,inactive,4.46,good,70.0,1989-11-16 00:00:00,"North James 7-kv, dom 5, Tashkent","article, drug",phone,Xiaomi,2019.0,"['throughout', 'last']",2.0,2.0,4.0,5.0,1117.0,593.0,Tashkent,North James,
492,Unknown,18,Unknown,90,+1-517-075-5970,Rivasstad,Incorrect email format,2000-07-13 00:00:00,Data science,84,active,3.7,,96.0,1976-05-09 04:44:25,"Apartment 30, North Kimberlymouth district, Tashkent, UZ, 100183",,,,,"['choice', 'prove']",4.0,4.0,2.0,3.0,881.0,297.0,Tashkent,North Kimberlymouth,100183
493,Raymond Schultz,19,Male,95,+1-561-804-2963,North Jordanton,Incorrect email format,2003-01-04 00:00:00,Data science,,pending,1.1,excellent,163.0,2001-05-06 00:00:00,"38022 Theresa Highway Suite 457, East Markbury",,,,,"['assume', 'late']",1.0,2.0,2.0,1.0,454.0,658.0,East Markbury,,
494,Unknown,20,Male,90,+1-935-314-2098,West Josephburgh,Incorrect email format,1999-02-28 00:00:00,Python,100,active,,good,180.0,1995-10-30 02:37:49,UZ 100134 Tashkent Fitzgeraldside,,,,,"['newspaper', 'look']",2.0,5.0,5.0,2.0,1337.0,528.0,Tashkent,Fitzgeraldside,100134
495,Unknown,20,Unknown,93,+1-599-634-0361,New Carolyn,Incorrect email format,2012-11-11 00:00:00,Data science,100,active,,average,268.0,1982-11-22 18:35:00,UZ 100401 Tashkent Port Christopher,,,,,"['believe', 'stock']",2.0,5.0,2.0,1.0,1214.0,592.0,Tashkent,Port Christopher,100401
496,Ruth Pierce,20,Unknown,72,+1-788-046-2945,West Joelstad,Incorrect email format,1977-07-29 00:00:00,Data science,100,pending,,good,221.0,2003-02-07 00:00:00,"655 Hughes Rapid Suite 623, New Kevin","consumer, operation",laptop,Dell,2023.0,"['occur', 'training']",5.0,1.0,5.0,0.0,373.0,699.0,New Kevin,,
496,Ruth Pierce,20,Unknown,72,+1-788-046-2945,West Joelstad,Incorrect email format,1977-07-29 00:00:00,Data science,100,pending,,good,221.0,2003-02-07 00:00:00,"655 Hughes Rapid Suite 623, New Kevin","consumer, operation",phone,Samsung,2021.0,"['others', 'actually']",5.0,5.0,4.0,1.0,1008.0,679.0,New Kevin,,
497,Unknown,20,Male,74,+1-364-486-3509,Destinybury,Incorrect email format,2021-01-21 12:26:06,Python,92,pending,,excellent,188.0,1979-11-28 00:00:00,"Apartment 2, Bakerhaven district, Tashkent, UZ, 100284","hotel, serve",laptop,Lenovo,2016.0,,,,,,,,Tashkent,Bakerhaven,100284
497,Unknown,20,Male,74,+1-364-486-3509,Destinybury,Incorrect email format,2021-01-21 12:26:06,Python,92,pending,,excellent,188.0,1979-11-28 00:00:00,"Apartment 2, Bakerhaven district, Tashkent, UZ, 100284","hotel, serve",phone,Xiaomi,2019.0,"['really', 'eye']",1.0,5.0,5.0,5.0,1041.0,306.0,Tashkent,Bakerhaven,100284
498,Unknown,21,Male,90,Unknown,Angelafurt,ahouston@gmail.com,2021-06-27 00:00:00,Other,,inactive,,excellent,151.0,1972-05-26 00:00:00,"27108 Mark Ranch, Jenniferchester","close, class",laptop,Lenovo,2015.0,"['deal', 'each']",5.0,2.0,5.0,5.0,509.0,343.0,Jenniferchester,,
498,Unknown,21,Male,90,Unknown,Angelafurt,ahouston@gmail.com,2021-06-27 00:00:00,Other,,inactive,,excellent,151.0,1972-05-26 00:00:00,"27108 Mark Ranch, Jenniferchester","close, class",phone,Xiaomi,2021.0,,,,,,,,Jenniferchester,,
499,Unknown,20,Male,77,+1-089-673-5998,Carolshire,taylorwilliam@knapp.com,2022-01-22 07:45:11,Data science,,inactive,1.17,average,85.0,2023-01-14 12:50:16,"89583 Crawford Crescent, Port William","during, similar",laptop,HP,2019.0,,,,,,,,Port William,,
499,Unknown,20,Male,77,+1-089-673-5998,Carolshire,taylorwilliam@knapp.com,2022-01-22 07:45:11,Data science,,inactive,1.17,average,85.0,2023-01-14 12:50:16,"89583 Crawford Crescent, Port William","during, similar",phone,Samsung,2023.0,"['pay', 'attention']",3.0,3.0,4.0,1.0,987.0,601.0,Port William,,
500,Jason Johnson,19,Female,61,+1-975-142-8955,Mariachester,Incorrect email format,1979-03-22 07:15:00,Data science,,active,,excellent,162.0,1971-02-03 14:15:08,"47640 Lambert Camp Apt. 309, Port Keithport",,,,,,,,,,,,Port Keithport,,
501,Dominique Steele,22,Male,77,Unknown,Natalieland,Incorrect email format,1971-08-04 00:00:00,Data science,,inactive,,good,66.0,1988-09-09 00:00:00,"847 Thompson Fall Suite 006, Pooleburgh","and, have",laptop,HP,2024.0,"['reach', 'unit']",1.0,2.0,3.0,1.0,1437.0,1091.0,Pooleburgh,,
501,Dominique Steele,22,Male,77,Unknown,Natalieland,Incorrect email format,1971-08-04 00:00:00,Data science,,inactive,,good,66.0,1988-09-09 00:00:00,"847 Thompson Fall Suite 006, Pooleburgh","and, have",phone,Samsung,2024.0,"['night', 'rather']",5.0,4.0,1.0,2.0,1220.0,1068.0,Pooleburgh,,
502,Erica Fisher,21,Unknown,91,+1-629-321-7183,North Jeffreytown,Incorrect email format,2012-01-07 04:36:30,Other,64,inactive,2.0,average,277.0,2009-12-12 06:45:00,UZ 100612 Tashkent New Catherinemouth,,,,,"['put', 'leg']",3.0,5.0,1.0,4.0,734.0,1405.0,Tashkent,New Catherinemouth,100612
503,Bonnie Fitzpatrick,20,Female,76,Unknown,Lake Allison,goldengregory@garcia.net,2003-02-25 00:00:00,Data science,100,active,4.5,,165.0,2020-12-11 21:06:54,"Apartment 8, Lake Gregory district, Tashkent, UZ, 100234","nation, great",laptop,Lenovo,2019.0,"['behavior', 'situation']",2.0,3.0,5.0,4.0,682.0,1487.0,Tashkent,Lake Gregory,100234
503,Bonnie Fitzpatrick,20,Female,76,Unknown,Lake Allison,goldengregory@garcia.net,2003-02-25 00:00:00,Data science,100,active,4.5,,165.0,2020-12-11 21:06:54,"Apartment 8, Lake Gregory district, Tashkent, UZ, 100234","nation, great",phone,Apple,2018.0,"['head', 'always']",2.0,1.0,2.0,5.0,1440.0,1458.0,Tashkent,Lake Gregory,100234
504,Tara Wood,21,Female,92,+1-194-387-2135,Sethtown,troywalters@thornton-obrien.info,2006-02-20 00:00:00,Other,,active,,,93.0,1975-04-12 11:14:27,"Carrieside 11-kv, dom 25, Tashkent",,,,,"['research', 'under']",2.0,4.0,5.0,5.0,357.0,805.0,Tashkent,Carrieside,
505,Cody Smith,20,Male,90,+1-700-975-7215,East Michealstad,reginald97@bell.com,2009-04-27 00:00:00,Data science,100,inactive,0.0,good,190.0,1990-09-28 00:00:00,"West Lindaburgh 28-kv, dom 1, Tashkent","really, coach",laptop,HP,2017.0,"['important', 'various']",3.0,3.0,1.0,1.0,693.0,463.0,Tashkent,West Lindaburgh,
505,Cody Smith,20,Male,90,+1-700-975-7215,East Michealstad,reginald97@bell.com,2009-04-27 00:00:00,Data science,100,inactive,0.0,good,190.0,1990-09-28 00:00:00,"West Lindaburgh 28-kv, dom 1, Tashkent","really, coach",phone,Xiaomi,2022.0,,,,,,,,Tashkent,West Lindaburgh,
506,Philip Johnson,18,Female,53,+1-998-997-7232,West Morganton,Incorrect email format,1990-01-30 03:14:00,Other,90,active,0.0,good,221.0,1986-09-02 00:00:00,UZ 100704 Tashkent South Breannaview,,,,,,,,,,,,Tashkent,South Breannaview,100704
507,Jeremy Gonzales,22,Male,90,Unknown,Savagefort,Incorrect email format,2023-08-01 12:46:31,Data science,,inactive,1.55,,172.0,1978-05-11 00:00:00,"Port Jose 5-kv, dom 24, Tashkent",,,,,,,,,,,,Tashkent,Port Jose,
508,Patrick Morris,20,Unknown,90,+1-612-513-1237,Port Erinfort,arianawashington@yahoo.com,2011-11-04 00:00:00,Data science,,inactive,,excellent,171.0,1998-04-19 03:54:23,"Apartment 46, Rickyport district, Tashkent, UZ, 100191","pull, young",laptop,HP,2020.0,,,,,,,,Tashkent,Rickyport,100191
508,Patrick Morris,20,Unknown,90,+1-612-513-1237,Port Erinfort,arianawashington@yahoo.com,2011-11-04 00:00:00,Data science,,inactive,,excellent,171.0,1998-04-19 03:54:23,"Apartment 46, Rickyport district, Tashkent, UZ, 100191","pull, young",phone,Apple,2020.0,"['last', 'year']",4.0,5.0,2.0,5.0,1262.0,656.0,Tashkent,Rickyport,100191
509,Unknown,20,Male,,+1-132-107-2376,Lake Paul,ywatkins@hotmail.com,1996-02-01 02:27:00,Data science,100,active,4.5,average,204.0,1993-10-27 00:00:00,UZ 100167 Tashkent New Aaron,"reflect, anything",laptop,Dell,2015.0,"['attack', 'surface']",4.0,2.0,5.0,0.0,609.0,212.0,Tashkent,New Aaron,100167
509,Unknown,20,Male,,+1-132-107-2376,Lake Paul,ywatkins@hotmail.com,1996-02-01 02:27:00,Data science,100,active,4.5,average,204.0,1993-10-27 00:00:00,UZ 100167 Tashkent New Aaron,"reflect, anything",phone,Samsung,2023.0,,,,,,,,Tashkent,New Aaron,100167
510,Jodi Collins,18,Female,95,+1-269-952-1256,Gabrielhaven,kylerivera@hotmail.com,1981-09-17 20:59:04,Data science,98,inactive,,,78.0,2021-07-25 02:11:14,"Reyesfurt 8-kv, dom 19, Tashkent",,,,,,,,,,,,Tashkent,Reyesfurt,
511,Unknown,19,Female,,+1-599-034-2124,Smithshire,rachel94@yahoo.com,1995-05-17 00:00:00,Python,85,inactive,3.7,excellent,105.0,1990-01-07 00:00:00,"Davisville 14-kv, dom 40, Tashkent",,,,,,,,,,,,Tashkent,Davisville,
512,Richard Black,20,Male,63,+1-715-632-2350,West Donaldfort,Incorrect email format,1989-03-04 00:00:00,Data science,100,active,3.59,excellent,254.0,1970-01-29 11:05:00,"4538 Frost Mill, North Lisa","yourself, anyone",laptop,Dell,2017.0,,,,,,,,North Lisa,,
512,Richard Black,20,Male,63,+1-715-632-2350,West Donaldfort,Incorrect email format,1989-03-04 00:00:00,Data science,100,active,3.59,excellent,254.0,1970-01-29 11:05:00,"4538 Frost Mill, North Lisa","yourself, anyone",phone,Samsung,2024.0,"['each', 'focus']",3.0,5.0,5.0,5.0,625.0,1472.0,North Lisa,,
513,Donald Barker,20,Unknown,,Unknown,West Shawnview,Incorrect email format,2022-12-30 04:24:00,Python,94,inactive,,average,267.0,2012-03-14 15:23:57,"54212 Kyle Club Apt. 536, Fletcherfurt",,,,,,,,,,,,Fletcherfurt,,
514,Logan Molina,21,Male,90,+1-007-545-2962,Micheleport,nathan37@howard-parsons.com,1986-05-25 00:00:00,Python,100,inactive,3.77,average,57.0,2008-11-05 00:00:00,"Debraville 14-kv, dom 26, Tashkent","body, occur",laptop,HP,2024.0,,,,,,,,Tashkent,Debraville,
514,Logan Molina,21,Male,90,+1-007-545-2962,Micheleport,nathan37@howard-parsons.com,1986-05-25 00:00:00,Python,100,inactive,3.77,average,57.0,2008-11-05 00:00:00,"Debraville 14-kv, dom 26, Tashkent","body, occur",phone,Apple,2018.0,"['the', 'culture']",4.0,5.0,2.0,3.0,924.0,769.0,Tashkent,Debraville,
515,Unknown,22,Female,90,Unknown,Steeleshire,rangelmichelle@gmail.com,1970-10-06 00:00:00,Data science,86,inactive,1.33,good,183.0,1970-03-15 00:00:00,"8384 Michael Knoll Suite 400, Jamesview","get, like",laptop,HP,2019.0,"['organization', 'catch']",1.0,2.0,1.0,5.0,356.0,313.0,Jamesview,,
515,Unknown,22,Female,90,Unknown,Steeleshire,rangelmichelle@gmail.com,1970-10-06 00:00:00,Data science,86,inactive,1.33,good,183.0,1970-03-15 00:00:00,"8384 Michael Knoll Suite 400, Jamesview","get, like",phone,Xiaomi,2018.0,"['relate', 'soldier']",4.0,5.0,3.0,0.0,1467.0,1312.0,Jamesview,,
516,Sherry Rivera,19,Male,93,+1-752-409-6717,North Tylerhaven,Incorrect email format,2018-08-10 00:00:00,Data science,65,pending,0.0,excellent,281.0,2023-01-04 23:05:30,"Apartment 20, West Briana district, Tashkent, UZ, 100038",,,,,"['hit', 'together']",1.0,2.0,2.0,2.0,1335.0,309.0,Tashkent,West Briana,100038
517,Unknown,20,Male,90,Unknown,Port Benjamin,Incorrect email format,1975-10-04 00:00:00,Data science,100,pending,2.0,excellent,103.0,1986-04-10 01:29:00,"Apartment 3, North David district, Tashkent, UZ, 100437","current, truth",laptop,HP,2021.0,"['size', 'laugh']",1.0,1.0,2.0,2.0,517.0,535.0,Tashkent,North David,100437
517,Unknown,20,Male,90,Unknown,Port Benjamin,Incorrect email format,1975-10-04 00:00:00,Data science,100,pending,2.0,excellent,103.0,1986-04-10 01:29:00,"Apartment 3, North David district, Tashkent, UZ, 100437","current, truth",phone,Samsung,2019.0,"['goal', 'skill']",4.0,5.0,4.0,1.0,943.0,974.0,Tashkent,North David,100437
518,Unknown,18,Unknown,90,+1-608-151-1642,South Steven,brianna72@yahoo.com,1973-01-15 00:00:00,Other,71,active,3.7,excellent,53.0,2016-02-23 00:00:00,"Apartment 41, North Eric district, Tashkent, UZ, 100515","rule, specific",laptop,HP,2020.0,"['reduce', 'election']",2.0,5.0,1.0,1.0,647.0,1099.0,Tashkent,North Eric,100515
518,Unknown,18,Unknown,90,+1-608-151-1642,South Steven,brianna72@yahoo.com,1973-01-15 00:00:00,Other,71,active,3.7,excellent,53.0,2016-02-23 00:00:00,"Apartment 41, North Eric district, Tashkent, UZ, 100515","rule, specific",phone,Xiaomi,2020.0,"['choose', 'evidence']",3.0,2.0,3.0,4.0,1417.0,483.0,Tashkent,North Eric,100515
519,Debra Hanson,19,Male,,Unknown,Sarahton,Incorrect email format,2000-09-09 09:27:00,Data science,,active,,average,136.0,1996-11-08 00:00:00,"Apartment 10, Michaelhaven district, Tashkent, UZ, 100000","field, well",laptop,Dell,2017.0,,,,,,,,Tashkent,Michaelhaven,100000
519,Debra Hanson,19,Male,,Unknown,Sarahton,Incorrect email format,2000-09-09 09:27:00,Data science,,active,,average,136.0,1996-11-08 00:00:00,"Apartment 10, Michaelhaven district, Tashkent, UZ, 100000","field, well",phone,Xiaomi,2022.0,,,,,,,,Tashkent,Michaelhaven,100000
520,Unknown,19,Male,63,Unknown,Danielfurt,beckjoseph@yates-green.info,2022-09-20 02:10:17,Data science,100,pending,4.5,average,174.0,1987-11-02 00:00:00,"0127 Salazar Hollow, Kimberlyfurt","mouth, perhaps",laptop,Lenovo,2019.0,,,,,,,,Kimberlyfurt,,
520,Unknown,19,Male,63,Unknown,Danielfurt,beckjoseph@yates-green.info,2022-09-20 02:10:17,Data science,100,pending,4.5,average,174.0,1987-11-02 00:00:00,"0127 Salazar Hollow, Kimberlyfurt","mouth, perhaps",phone,Apple,2019.0,"['prove', 'PM']",5.0,2.0,1.0,2.0,1153.0,761.0,Kimberlyfurt,,
521,Maxwell Smith,18,Male,,+1-792-546-0992,New Laura,Incorrect email format,1977-05-23 00:00:00,Data science,62,active,3.7,excellent,245.0,1975-06-18 21:28:17,"Taylorstad 17-kv, dom 5, Tashkent","consumer, there",laptop,HP,2019.0,,,,,,,,Tashkent,Taylorstad,
521,Maxwell Smith,18,Male,,+1-792-546-0992,New Laura,Incorrect email format,1977-05-23 00:00:00,Data science,62,active,3.7,excellent,245.0,1975-06-18 21:28:17,"Taylorstad 17-kv, dom 5, Tashkent","consumer, there",phone,Samsung,2021.0,,,,,,,,Tashkent,Taylorstad,
522,Unknown,20,Male,67,+1-191-971-2973,Leachberg,Incorrect email format,1983-06-11 00:00:00,Python,100,active,4.5,excellent,83.0,2023-10-12 11:48:07,"BROKEN,ADDRESS,DATA,,,","back, tell",laptop,Lenovo,2020.0,"['amount', 'try']",4.0,4.0,1.0,0.0,587.0,1190.0,,,
522,Unknown,20,Male,67,+1-191-971-2973,Leachberg,Incorrect email format,1983-06-11 00:00:00,Python,100,active,4.5,excellent,83.0,2023-10-12 11:48:07,"BROKEN,ADDRESS,DATA,,,","back, tell",phone,Apple,2022.0,,,,,,,,,,
523,Matthew Madden,20,Unknown,81,+1-199-491-4573,Port Samanthaport,Incorrect email format,1996-02-09 00:00:00,Data science,100,active,,good,70.0,2023-04-11 18:02:39,"Ashleyfurt 26-kv, dom 22, Tashkent","could, if",laptop,Dell,2024.0,,,,,,,,Tashkent,Ashleyfurt,
523,Matthew Madden,20,Unknown,81,+1-199-491-4573,Port Samanthaport,Incorrect email format,1996-02-09 00:00:00,Data science,100,active,,good,70.0,2023-04-11 18:02:39,"Ashleyfurt 26-kv, dom 22, Tashkent","could, if",phone,Samsung,2020.0,"['seven', 'fire']",3.0,3.0,2.0,3.0,610.0,461.0,Tashkent,Ashleyfurt,
524,David Sanchez,18,Female,72,+1-664-042-7375,Elizabethside,Incorrect email format,2015-10-29 00:00:00,Data science,100,inactive,4.5,excellent,292.0,2023-10-19 02:30:27,"98293 April Keys, New Timothyfurt",,,,,,,,,,,,New Timothyfurt,,
525,Kayla Walker,18,Unknown,50,Unknown,South Maria,ethanwilliams@hotmail.com,1994-06-04 00:00:00,Python,100,inactive,,excellent,188.0,2020-09-28 00:00:00,"8564 Sara Plaza, Lake Davidbury","wear, challenge",laptop,HP,2016.0,"['player', 'store']",2.0,4.0,4.0,3.0,973.0,366.0,Lake Davidbury,,
525,Kayla Walker,18,Unknown,50,Unknown,South Maria,ethanwilliams@hotmail.com,1994-06-04 00:00:00,Python,100,inactive,,excellent,188.0,2020-09-28 00:00:00,"8564 Sara Plaza, Lake Davidbury","wear, challenge",phone,Xiaomi,2022.0,"['focus', 'such']",3.0,3.0,2.0,3.0,529.0,1141.0,Lake Davidbury,,
526,Angela Stark,20,Female,,+1-305-985-7137,North Johnville,Incorrect email format,2010-04-02 02:49:27,Other,100,inactive,4.5,good,206.0,2008-03-22 00:00:00,"BROKEN,ADDRESS,DATA,,,",,,,,"['suggest', 'artist']",1.0,5.0,3.0,3.0,522.0,1255.0,,,
527,Anthony Grant,18,Female,,+1-618-190-1805,North Ashley,Incorrect email format,2001-07-25 18:51:00,Data science,100,inactive,0.0,average,115.0,2017-01-27 04:18:00,"Apartment 16, Allisonville district, Tashkent, UZ, 100171",,,,,"['able', 'blue']",4.0,4.0,3.0,1.0,1298.0,1314.0,Tashkent,Allisonville,100171
528,Austin Christian,21,Unknown,,+1-831-215-8415,Morenoshire,Incorrect email format,2022-09-02 15:57:08,Other,100,pending,4.5,average,232.0,2018-10-09 00:00:00,"BROKEN,ADDRESS,DATA,,,",,,,,"['explain', 'might']",3.0,4.0,3.0,4.0,1108.0,1251.0,,,
529,Jonathan Hendricks,18,Female,,+1-839-383-1519,New Ashley,jeremiahwiggins@simmons.biz,2022-03-07 08:51:25,Data science,,active,,,138.0,2023-01-31 03:36:02,"85228 Yoder Fields Suite 360, Davidside",,,,,,,,,,,,Davidside,,
530,Leslie Cox,22,Female,,Unknown,Rickyside,Incorrect email format,2022-08-27 00:00:00,Python,62,active,2.04,,277.0,1994-10-04 00:00:00,"East Ryan 7-kv, dom 2, Tashkent","animal, by",laptop,HP,2017.0,,,,,,,,Tashkent,East Ryan,
530,Leslie Cox,22,Female,,Unknown,Rickyside,Incorrect email format,2022-08-27 00:00:00,Python,62,active,2.04,,277.0,1994-10-04 00:00:00,"East Ryan 7-kv, dom 2, Tashkent","animal, by",phone,Samsung,2021.0,"['coach', 'moment']",3.0,2.0,3.0,2.0,766.0,1329.0,Tashkent,East Ryan,
531,William Powell,21,Female,77,+1-297-459-8801,West Christopherhaven,Incorrect email format,2016-03-19 00:00:00,Data science,95,inactive,,excellent,276.0,1999-06-30 00:00:00,"911 Shields Via, Debbiehaven",,,,,"['ok', 'environmental']",2.0,5.0,1.0,4.0,770.0,294.0,Debbiehaven,,
532,Unknown,18,Female,92,Unknown,Robertside,xpeters@osborn.com,1976-02-23 00:00:00,Data science,71,pending,2.0,average,141.0,2020-11-08 21:57:00,"BROKEN,ADDRESS,DATA,,,","bring, relate",laptop,HP,2016.0,"['leg', 'think']",1.0,5.0,3.0,2.0,1437.0,1390.0,,,
532,Unknown,18,Female,92,Unknown,Robertside,xpeters@osborn.com,1976-02-23 00:00:00,Data science,71,pending,2.0,average,141.0,2020-11-08 21:57:00,"BROKEN,ADDRESS,DATA,,,","bring, relate",phone,Samsung,2020.0,"['I', 'bed']",1.0,5.0,1.0,3.0,1431.0,1217.0,,,
533,Unknown,20,Female,81,+1-282-743-6299,Josephberg,Incorrect email format,2003-07-06 00:00:00,Other,100,inactive,,excellent,181.0,2010-02-13 00:00:00,"9400 Richard Way, Dennisport",,,,,"['week', 'kitchen']",2.0,2.0,4.0,3.0,469.0,1117.0,Dennisport,,
534,David Young,19,Male,70,+1-863-661-4738,Julianshire,Incorrect email format,2020-11-28 01:25:24,Data science,64,pending,,,169.0,1985-07-06 00:00:00,"BROKEN,ADDRESS,DATA,,,",,,,,,,,,,,,,,
535,Brianna Howell,,Female,73,Unknown,Ortegaview,Incorrect email format,1975-03-26 00:00:00,Data science,100,inactive,2.97,average,144.0,1987-10-25 09:29:00,"4072 Martinez Inlet, West Douglasville",,,,,"['expert', 'race']",1.0,2.0,5.0,4.0,1404.0,1152.0,West Douglasville,,
536,Maria Harvey,,Female,90,Unknown,Port Emilyburgh,Incorrect email format,2023-02-28 09:06:00,Data science,94,active,4.5,,60.0,1998-06-29 02:48:00,UZ 100658 Tashkent South Elizabethfurt,"decade, police",laptop,Lenovo,2023.0,,,,,,,,Tashkent,South Elizabethfurt,100658
536,Maria Harvey,,Female,90,Unknown,Port Emilyburgh,Incorrect email format,2023-02-28 09:06:00,Data science,94,active,4.5,,60.0,1998-06-29 02:48:00,UZ 100658 Tashkent South Elizabethfurt,"decade, police",phone,Samsung,2019.0,,,,,,,,Tashkent,South Elizabethfurt,100658
537,Bobby Lee,20,Female,,Unknown,Lake Frank,Incorrect email format,1986-07-27 00:00:00,Python,100,inactive,4.5,average,90.0,2023-07-27 12:43:48,UZ 100636 Tashkent Port Bryan,,,,,"['spend', 'all']",1.0,4.0,2.0,3.0,1281.0,1226.0,Tashkent,Port Bryan,100636
538,Unknown,20,Female,93,+1-210-314-9222,South Christopherborough,Incorrect email format,1988-01-08 13:27:06,Data science,69,inactive,4.5,average,221.0,2002-01-16 00:00:00,"53120 Logan Overpass Apt. 207, East Ryan","hundred, between",laptop,Lenovo,2022.0,"['edge', 'role']",1.0,2.0,3.0,5.0,700.0,768.0,East Ryan,,
538,Unknown,20,Female,93,+1-210-314-9222,South Christopherborough,Incorrect email format,1988-01-08 13:27:06,Data science,69,inactive,4.5,average,221.0,2002-01-16 00:00:00,"53120 Logan Overpass Apt. 207, East Ryan","hundred, between",phone,Apple,2020.0,"['treat', 'civil']",5.0,3.0,3.0,3.0,828.0,775.0,East Ryan,,
539,Kimberly Greer,19,Male,,Unknown,Lewischester,Incorrect email format,2007-07-05 00:00:00,Other,100,inactive,,average,142.0,1987-08-30 00:00:00,"Apartment 47, Thompsonbury district, Tashkent, UZ, 100192",,,,,"['front', 'fight']",1.0,1.0,2.0,5.0,1080.0,1422.0,Tashkent,Thompsonbury,100192
540,Christopher Glenn,19,Male,88,Unknown,West Sandra,Incorrect email format,1985-11-20 00:00:00,Python,100,active,,good,119.0,1973-01-22 00:00:00,"49187 Samantha Forges, East Cindy","Congress, member",laptop,HP,2024.0,"['main', 'money']",5.0,2.0,3.0,0.0,1401.0,869.0,East Cindy,,
540,Christopher Glenn,19,Male,88,Unknown,West Sandra,Incorrect email format,1985-11-20 00:00:00,Python,100,active,,good,119.0,1973-01-22 00:00:00,"49187 Samantha Forges, East Cindy","Congress, member",phone,Samsung,2023.0,"['phone', 'write']",4.0,3.0,1.0,2.0,879.0,705.0,East Cindy,,
541,Unknown,18,Unknown,50,+1-670-628-6626,Joshuaton,Incorrect email format,2021-08-14 11:49:41,Data science,,pending,2.99,good,92.0,2011-11-08 00:00:00,"88512 Harris Path Suite 804, Lake Sarahport",,,,,,,,,,,,Lake Sarahport,,
542,Christopher Bradford,,Unknown,,+1-833-275-0028,Banksview,Incorrect email format,2005-11-15 00:00:00,Python,,active,4.5,excellent,272.0,2022-02-13 08:32:07,UZ 100996 Tashkent New Jessicastad,,,,,"['to', 'dog']",1.0,2.0,2.0,0.0,200.0,419.0,Tashkent,New Jessicastad,100996
543,Connor Gonzales,18,Male,90,+1-282-702-7361,West Hunter,Incorrect email format,1997-04-28 15:42:00,Python,70,pending,,good,81.0,1977-07-14 00:00:00,"903 Sanchez Fall, West Yvonneside","them, suffer",laptop,HP,2020.0,,,,,,,,West Yvonneside,,
543,Connor Gonzales,18,Male,90,+1-282-702-7361,West Hunter,Incorrect email format,1997-04-28 15:42:00,Python,70,pending,,good,81.0,1977-07-14 00:00:00,"903 Sanchez Fall, West Yvonneside","them, suffer",phone,Xiaomi,2024.0,,,,,,,,West Yvonneside,,
544,Samantha Howard,20,Unknown,,+1-992-189-5672,Williamview,Incorrect email format,1979-09-22 06:28:00,Data science,61,active,,excellent,52.0,1980-08-17 10:24:00,UZ 100303 Tashkent Elizabethstad,,,,,,,,,,,,Tashkent,Elizabethstad,100303
545,John Lynn,22,Unknown,,+1-119-191-9979,Port Susanfort,Incorrect email format,2014-01-19 00:39:00,Python,80,pending,4.5,excellent,163.0,2021-05-03 06:19:39,UZ 100562 Tashkent Hernandezchester,"whose, go",laptop,Dell,2015.0,"['team', 'however']",1.0,5.0,2.0,0.0,637.0,1423.0,Tashkent,Hernandezchester,100562
545,John Lynn,22,Unknown,,+1-119-191-9979,Port Susanfort,Incorrect email format,2014-01-19 00:39:00,Python,80,pending,4.5,excellent,163.0,2021-05-03 06:19:39,UZ 100562 Tashkent Hernandezchester,"whose, go",phone,Apple,2022.0,"['friend', 'gas']",4.0,4.0,1.0,1.0,613.0,385.0,Tashkent,Hernandezchester,100562
546,Amber Small,20,Unknown,87,Unknown,Georgeborough,Incorrect email format,1970-02-05 00:00:00,Python,100,inactive,2.0,good,56.0,2018-10-28 00:00:00,"BROKEN,ADDRESS,DATA,,,",,,,,"['fast', 'major']",1.0,2.0,4.0,1.0,602.0,585.0,,,
547,Jesse Stafford,,Male,57,Unknown,Kleinchester,Incorrect email format,1998-04-17 07:10:00,Other,100,pending,,excellent,246.0,1999-06-18 14:24:24,"Apartment 17, Port Danielville district, Tashkent, UZ, 100121","any, those",laptop,Dell,2024.0,,,,,,,,Tashkent,Port Danielville,100121
547,Jesse Stafford,,Male,57,Unknown,Kleinchester,Incorrect email format,1998-04-17 07:10:00,Other,100,pending,,excellent,246.0,1999-06-18 14:24:24,"Apartment 17, Port Danielville district, Tashkent, UZ, 100121","any, those",phone,Samsung,2023.0,"['including', 'girl']",2.0,1.0,2.0,0.0,1335.0,616.0,Tashkent,Port Danielville,100121
548,Donna Lewis MD,19,Male,66,Unknown,Jensenton,Incorrect email format,1999-12-11 00:00:00,Python,100,active,2.0,excellent,124.0,1997-01-15 00:00:00,"05309 Mullins Centers Suite 435, Dorothytown","mother, before",laptop,HP,2022.0,,,,,,,,Dorothytown,,
548,Donna Lewis MD,19,Male,66,Unknown,Jensenton,Incorrect email format,1999-12-11 00:00:00,Python,100,active,2.0,excellent,124.0,1997-01-15 00:00:00,"05309 Mullins Centers Suite 435, Dorothytown","mother, before",phone,Xiaomi,2021.0,"['among', 'fear']",3.0,3.0,2.0,4.0,547.0,1382.0,Dorothytown,,
549,Shannon Kelly,19,Female,90,+1-550-229-2180,South Brittanyfurt,alison82@hotmail.com,2023-01-05 20:17:13,Data science,100,active,,excellent,94.0,1999-09-05 00:00:00,"Dillonton 30-kv, dom 35, Tashkent",,,,,,,,,,,,Tashkent,Dillonton,
550,Ashley Reyes,21,Female,58,Unknown,West Hayleystad,Incorrect email format,2020-05-26 00:00:00,Data science,69,active,,average,140.0,1982-03-20 06:07:00,"BROKEN,ADDRESS,DATA,,,","first, cost",laptop,Lenovo,2016.0,"['will', 'success']",3.0,2.0,4.0,2.0,1159.0,697.0,,,
550,Ashley Reyes,21,Female,58,Unknown,West Hayleystad,Incorrect email format,2020-05-26 00:00:00,Data science,69,active,,average,140.0,1982-03-20 06:07:00,"BROKEN,ADDRESS,DATA,,,","first, cost",phone,Apple,2019.0,,,,,,,,,,
551,Christopher Mclaughlin,20,Female,90,+1-914-928-8819,South Jennifer,moralesmargaret@hotmail.com,2004-01-07 00:00:00,Python,100,pending,3.7,excellent,121.0,1970-03-04 00:00:00,"New Shawnmouth 19-kv, dom 14, Tashkent","listen, trial",laptop,HP,2019.0,"['family', 'religious']",3.0,1.0,1.0,4.0,251.0,353.0,Tashkent,New Shawnmouth,
551,Christopher Mclaughlin,20,Female,90,+1-914-928-8819,South Jennifer,moralesmargaret@hotmail.com,2004-01-07 00:00:00,Python,100,pending,3.7,excellent,121.0,1970-03-04 00:00:00,"New Shawnmouth 19-kv, dom 14, Tashkent","listen, trial",phone,Samsung,2020.0,"['base', 'with']",3.0,4.0,2.0,4.0,1165.0,653.0,Tashkent,New Shawnmouth,
552,Judith Cortez,20,Female,84,+1-877-564-6510,Port Stephanie,Incorrect email format,1987-01-21 00:00:00,Python,,active,2.0,excellent,213.0,2022-04-27 18:47:11,UZ 100501 Tashkent North Elizabeth,"total, have",laptop,Dell,2019.0,"['bring', 'customer']",3.0,4.0,4.0,0.0,1484.0,846.0,Tashkent,North Elizabeth,100501
552,Judith Cortez,20,Female,84,+1-877-564-6510,Port Stephanie,Incorrect email format,1987-01-21 00:00:00,Python,,active,2.0,excellent,213.0,2022-04-27 18:47:11,UZ 100501 Tashkent North Elizabeth,"total, have",phone,Samsung,2022.0,"['forward', 'capital']",3.0,2.0,4.0,3.0,1428.0,1036.0,Tashkent,North Elizabeth,100501
553,Unknown,20,Female,,Unknown,West Emma,douglasbecker@yahoo.com,1979-07-16 09:07:25,Data science,100,pending,4.5,good,55.0,1994-08-22 00:00:00,"Vincentfurt 18-kv, dom 27, Tashkent","thought, key",laptop,Lenovo,2022.0,,,,,,,,Tashkent,Vincentfurt,
553,Unknown,20,Female,,Unknown,West Emma,douglasbecker@yahoo.com,1979-07-16 09:07:25,Data science,100,pending,4.5,good,55.0,1994-08-22 00:00:00,"Vincentfurt 18-kv, dom 27, Tashkent","thought, key",phone,Samsung,2020.0,,,,,,,,Tashkent,Vincentfurt,
554,Michael James,,Female,66,+1-033-551-4589,Andreborough,victoria57@hotmail.com,1996-11-23 00:00:00,Python,,inactive,4.5,excellent,53.0,1987-06-01 00:00:00,"BROKEN,ADDRESS,DATA,,,",,,,,,,,,,,,,,
555,Cynthia Merritt,19,Unknown,50,+1-676-237-6666,Lake Sydney,Incorrect email format,2021-08-05 05:06:48,Other,,pending,,excellent,120.0,2006-06-25 19:23:33,"BROKEN,ADDRESS,DATA,,,","here, out",laptop,Dell,2022.0,"['particular', 'avoid']",1.0,4.0,3.0,1.0,951.0,1067.0,,,
555,Cynthia Merritt,19,Unknown,50,+1-676-237-6666,Lake Sydney,Incorrect email format,2021-08-05 05:06:48,Other,,pending,,excellent,120.0,2006-06-25 19:23:33,"BROKEN,ADDRESS,DATA,,,","here, out",phone,Samsung,2019.0,"['friend', 'court']",3.0,4.0,5.0,5.0,1344.0,730.0,,,
556,Unknown,18,Female,,Unknown,Lake Cindy,Incorrect email format,2020-10-29 11:02:52,Data science,,inactive,0.0,excellent,300.0,2022-01-17 14:31:55,"BROKEN,ADDRESS,DATA,,,","than, character",laptop,Lenovo,2022.0,,,,,,,,,,
556,Unknown,18,Female,,Unknown,Lake Cindy,Incorrect email format,2020-10-29 11:02:52,Data science,,inactive,0.0,excellent,300.0,2022-01-17 14:31:55,"BROKEN,ADDRESS,DATA,,,","than, character",phone,Xiaomi,2019.0,,,,,,,,,,
557,Lori Thompson,20,Female,90,+1-337-457-2290,New Jonathon,Incorrect email format,2023-05-11 15:54:46,Other,,inactive,3.7,excellent,248.0,1987-04-29 00:00:00,"549 Cain Extensions, Jamesmouth",,,,,"['out', 'player']",3.0,3.0,2.0,3.0,658.0,918.0,Jamesmouth,,
558,David Smith,21,Unknown,,Unknown,West Morganberg,Incorrect email format,2021-12-19 21:28:14,Data science,100,active,3.7,,92.0,1979-03-06 09:50:32,"BROKEN,ADDRESS,DATA,,,","number, similar",laptop,Lenovo,2021.0,,,,,,,,,,
558,David Smith,21,Unknown,,Unknown,West Morganberg,Incorrect email format,2021-12-19 21:28:14,Data science,100,active,3.7,,92.0,1979-03-06 09:50:32,"BROKEN,ADDRESS,DATA,,,","number, similar",phone,Xiaomi,2019.0,"['back', 'pick']",5.0,3.0,1.0,5.0,1202.0,568.0,,,
559,Erin Thomas,20,Female,87,Unknown,Farmerborough,Incorrect email format,2021-11-15 00:00:00,Python,100,pending,,excellent,280.0,2016-09-16 11:22:00,"BROKEN,ADDRESS,DATA,,,",,,,,"['game', 'lead']",1.0,3.0,5.0,3.0,693.0,1475.0,,,
560,Stephanie Foley,20,Female,52,+1-953-838-7256,Allisonside,Incorrect email format,1971-12-07 00:03:57,Other,100,inactive,,good,295.0,2022-05-15 06:38:00,"Apartment 41, Port Joshuaport district, Tashkent, UZ, 100930",,,,,,,,,,,,Tashkent,Port Joshuaport,100930
561,Shannon Henderson,20,Male,,Unknown,Danielside,Incorrect email format,1998-03-11 00:00:00,Data science,98,inactive,0.0,excellent,232.0,1976-03-25 19:41:00,UZ 100576 Tashkent Port Kimberlyport,"newspaper, soon",laptop,Dell,2021.0,,,,,,,,Tashkent,Port Kimberlyport,100576
561,Shannon Henderson,20,Male,,Unknown,Danielside,Incorrect email format,1998-03-11 00:00:00,Data science,98,inactive,0.0,excellent,232.0,1976-03-25 19:41:00,UZ 100576 Tashkent Port Kimberlyport,"newspaper, soon",phone,Apple,2024.0,,,,,,,,Tashkent,Port Kimberlyport,100576
562,Unknown,18,Male,90,+1-591-058-3931,South Alexanderport,angela86@jones.info,2001-11-09 00:00:00,Python,100,active,3.7,excellent,156.0,1990-03-20 17:14:55,"Apartment 24, North Maryview district, Tashkent, UZ, 100415",,,,,"['stage', 'go']",3.0,2.0,3.0,5.0,601.0,409.0,Tashkent,North Maryview,100415
563,Unknown,20,Female,58,+1-284-182-1269,Sarahhaven,rclark@williams-duran.com,2006-10-14 00:00:00,Data science,63,inactive,4.5,excellent,67.0,1999-01-29 00:00:00,"3151 Laura Ridge Suite 752, Port Eric","hear, party",laptop,HP,2024.0,"['land', 'moment']",1.0,1.0,1.0,0.0,1014.0,616.0,Port Eric,,
563,Unknown,20,Female,58,+1-284-182-1269,Sarahhaven,rclark@williams-duran.com,2006-10-14 00:00:00,Data science,63,inactive,4.5,excellent,67.0,1999-01-29 00:00:00,"3151 Laura Ridge Suite 752, Port Eric","hear, party",phone,Apple,2022.0,,,,,,,,Port Eric,,
564,Bryan Boyd,19,Female,72,+1-787-372-7406,New Johnton,sharon79@davis.org,1994-09-20 03:30:00,Data science,,pending,,good,187.0,1972-07-15 00:00:00,UZ 100126 Tashkent Turnerhaven,"ball, some",laptop,Dell,2019.0,"['save', 'debate']",5.0,4.0,3.0,1.0,840.0,649.0,Tashkent,Turnerhaven,100126
564,Bryan Boyd,19,Female,72,+1-787-372-7406,New Johnton,sharon79@davis.org,1994-09-20 03:30:00,Data science,,pending,,good,187.0,1972-07-15 00:00:00,UZ 100126 Tashkent Turnerhaven,"ball, some",phone,Xiaomi,2018.0,"['per', 'short']",5.0,1.0,4.0,2.0,361.0,1225.0,Tashkent,Turnerhaven,100126
565,John Osborn,21,Female,96,+1-771-430-4946,Port Tamara,Incorrect email format,1992-06-13 10:18:00,Python,100,pending,3.7,,115.0,1983-07-23 10:43:00,"Barnettbury 23-kv, dom 27, Tashkent",,,,,"['tell', 'PM']",4.0,1.0,3.0,4.0,1442.0,906.0,Tashkent,Barnettbury,
566,Anna Clark,20,Male,,+1-818-614-3345,Sanchezton,Incorrect email format,1981-01-13 00:00:00,Data science,100,inactive,2.0,,52.0,1979-01-02 07:04:00,"8770 Danielle Trail Suite 654, South Taylor",,,,,,,,,,,,South Taylor,,
567,Ashley Jacobs,20,Female,70,+1-315-587-4008,Manntown,Incorrect email format,1970-09-14 00:00:00,Data science,78,active,3.45,average,244.0,2013-12-09 00:00:00,"Apartment 42, New Catherineport district, Tashkent, UZ, 100081","admit, new",laptop,HP,2015.0,,,,,,,,Tashkent,New Catherineport,100081
567,Ashley Jacobs,20,Female,70,+1-315-587-4008,Manntown,Incorrect email format,1970-09-14 00:00:00,Data science,78,active,3.45,average,244.0,2013-12-09 00:00:00,"Apartment 42, New Catherineport district, Tashkent, UZ, 100081","admit, new",phone,Xiaomi,2023.0,"['truth', 'mention']",1.0,2.0,5.0,1.0,735.0,721.0,Tashkent,New Catherineport,100081
568,Unknown,19,Male,92,+1-661-451-4948,Bethside,Incorrect email format,1996-09-01 07:48:34,Data science,,active,3.7,good,196.0,2023-06-02 00:00:00,UZ 100443 Tashkent South Matthew,"most, a",laptop,Lenovo,2016.0,"['cold', 'concern']",1.0,1.0,2.0,4.0,1251.0,692.0,Tashkent,South Matthew,100443
568,Unknown,19,Male,92,+1-661-451-4948,Bethside,Incorrect email format,1996-09-01 07:48:34,Data science,,active,3.7,good,196.0,2023-06-02 00:00:00,UZ 100443 Tashkent South Matthew,"most, a",phone,Samsung,2022.0,"['sea', 'according']",2.0,4.0,3.0,4.0,1125.0,1023.0,Tashkent,South Matthew,100443
569,Unknown,22,Female,77,+1-759-318-9602,Johnborough,Incorrect email format,2003-04-21 00:00:00,Data science,100,inactive,0.0,excellent,300.0,2020-09-30 00:00:00,UZ 100187 Tashkent Garciaberg,"coach, air",laptop,Dell,2018.0,"['hold', 'media']",4.0,4.0,3.0,2.0,1219.0,1321.0,Tashkent,Garciaberg,100187
569,Unknown,22,Female,77,+1-759-318-9602,Johnborough,Incorrect email format,2003-04-21 00:00:00,Data science,100,inactive,0.0,excellent,300.0,2020-09-30 00:00:00,UZ 100187 Tashkent Garciaberg,"coach, air",phone,Xiaomi,2024.0,,,,,,,,Tashkent,Garciaberg,100187
570,Haley Johnson,,Male,74,+1-937-580-0127,Goodwintown,Incorrect email format,2023-06-12 23:49:26,Data science,,active,4.5,excellent,282.0,2012-08-23 05:42:00,UZ 100802 Tashkent East Andrewstad,"simple, play",laptop,Dell,2018.0,"['mother', 'together']",5.0,2.0,4.0,1.0,486.0,1299.0,Tashkent,East Andrewstad,100802
570,Haley Johnson,,Male,74,+1-937-580-0127,Goodwintown,Incorrect email format,2023-06-12 23:49:26,Data science,,active,4.5,excellent,282.0,2012-08-23 05:42:00,UZ 100802 Tashkent East Andrewstad,"simple, play",phone,Apple,2018.0,"['successful', 'would']",5.0,2.0,3.0,2.0,1332.0,1235.0,Tashkent,East Andrewstad,100802
571,Amanda Gonzalez,21,Unknown,,Unknown,West Jefferyside,xle@moore-maxwell.info,2019-12-26 10:26:00,Data science,100,pending,3.66,excellent,192.0,2001-01-30 00:00:00,"Apartment 35, South Jeanettefurt district, Tashkent, UZ, 100371",,,,,,,,,,,,Tashkent,South Jeanettefurt,100371
572,Ryan Simmons,22,Male,93,+1-456-713-5387,Jocelynton,Incorrect email format,2011-01-13 19:27:46,Data science,100,inactive,,good,103.0,1992-09-26 21:37:30,"Apartment 7, South Scott district, Tashkent, UZ, 100855","true, everything",laptop,Dell,2020.0,,,,,,,,Tashkent,South Scott,100855
572,Ryan Simmons,22,Male,93,+1-456-713-5387,Jocelynton,Incorrect email format,2011-01-13 19:27:46,Data science,100,inactive,,good,103.0,1992-09-26 21:37:30,"Apartment 7, South Scott district, Tashkent, UZ, 100855","true, everything",phone,Apple,2021.0,"['information', 'rich']",3.0,2.0,5.0,2.0,1212.0,216.0,Tashkent,South Scott,100855
573,David Adams,20,Female,79,+1-825-412-0539,South Juan,garciajennifer@luna-kent.info,1996-11-27 00:00:00,Python,100,active,3.7,excellent,177.0,2014-07-10 19:50:13,UZ 100593 Tashkent Loganmouth,,,,,"['action', 'whole']",5.0,4.0,3.0,4.0,433.0,1049.0,Tashkent,Loganmouth,100593
574,Unknown,21,Female,,+1-644-867-5819,South Nicole,Incorrect email format,1985-06-21 11:08:00,Data science,100,active,0.0,excellent,171.0,2009-01-16 00:00:00,"11917 Michael Creek, Hessborough",,,,,,,,,,,,Hessborough,,
575,Unknown,20,Male,87,+1-761-695-5562,North Emilyfurt,Incorrect email format,2017-07-20 00:00:00,Data science,100,inactive,3.7,,169.0,1987-05-10 00:00:00,UZ 100298 Tashkent Wattsberg,,,,,,,,,,,,Tashkent,Wattsberg,100298
576,Unknown,20,Female,90,+1-371-294-7206,Port Matthew,lwright@yahoo.com,2001-06-21 09:58:18,Python,100,pending,,average,147.0,2024-10-27 23:24:25,"Apartment 42, Port Carlos district, Tashkent, UZ, 100983","front, deal",laptop,Lenovo,2023.0,,,,,,,,Tashkent,Port Carlos,100983
576,Unknown,20,Female,90,+1-371-294-7206,Port Matthew,lwright@yahoo.com,2001-06-21 09:58:18,Python,100,pending,,average,147.0,2024-10-27 23:24:25,"Apartment 42, Port Carlos district, Tashkent, UZ, 100983","front, deal",phone,Xiaomi,2018.0,,,,,,,,Tashkent,Port Carlos,100983
577,Unknown,18,Female,91,+1-897-949-3503,Adrienneside,Incorrect email format,2017-03-17 01:02:00,Python,,pending,2.0,average,88.0,2011-08-20 00:00:00,"BROKEN,ADDRESS,DATA,,,","recognize, mention",laptop,HP,2020.0,"['data', 'eye']",3.0,2.0,5.0,2.0,1215.0,1077.0,,,
577,Unknown,18,Female,91,+1-897-949-3503,Adrienneside,Incorrect email format,2017-03-17 01:02:00,Python,,pending,2.0,average,88.0,2011-08-20 00:00:00,"BROKEN,ADDRESS,DATA,,,","recognize, mention",phone,Xiaomi,2020.0,,,,,,,,,,
578,Michael Williams,20,Unknown,80,+1-540-460-9543,Coleview,Incorrect email format,1986-08-13 00:00:00,Data science,89,pending,,good,182.0,1995-07-26 07:41:20,"BROKEN,ADDRESS,DATA,,,","southern, teach",laptop,HP,2022.0,"['accept', 'gun']",3.0,4.0,5.0,1.0,1260.0,398.0,,,
578,Michael Williams,20,Unknown,80,+1-540-460-9543,Coleview,Incorrect email format,1986-08-13 00:00:00,Data science,89,pending,,good,182.0,1995-07-26 07:41:20,"BROKEN,ADDRESS,DATA,,,","southern, teach",phone,Apple,2020.0,,,,,,,,,,
579,Unknown,22,Male,60,Unknown,South Kevinland,hollybarnes@ortiz-rodriguez.com,1980-02-11 00:00:00,Python,76,active,3.7,excellent,167.0,2022-07-28 05:42:16,"66803 Barrett Lodge Suite 303, Amandaside",,,,,"['of', 'hand']",3.0,4.0,5.0,5.0,807.0,714.0,Amandaside,,
580,Christopher Sanchez,21,Unknown,,+1-276-237-4873,New Erik,kathryn31@price.biz,2011-09-08 00:00:00,Data science,100,pending,2.0,good,169.0,1975-01-25 00:00:00,"51394 Benjamin Green, Durantown","herself, debate",laptop,HP,2023.0,"['memory', 'top']",4.0,4.0,3.0,1.0,1430.0,1235.0,Durantown,,
580,Christopher Sanchez,21,Unknown,,+1-276-237-4873,New Erik,kathryn31@price.biz,2011-09-08 00:00:00,Data science,100,pending,2.0,good,169.0,1975-01-25 00:00:00,"51394 Benjamin Green, Durantown","herself, debate",phone,Xiaomi,2024.0,"['bag', 'serve']",5.0,4.0,2.0,0.0,1174.0,1077.0,Durantown,,
581,Kathleen Lambert,20,Male,99,+1-214-099-9687,Port Kelly,nrose@wright-brewer.biz,2016-07-24 11:45:00,Data science,65,inactive,,good,165.0,2011-01-05 18:22:00,UZ 100644 Tashkent Lake Robertland,,,,,"['stock', 'fight']",1.0,4.0,1.0,4.0,1008.0,320.0,Tashkent,Lake Robertland,100644
582,Traci Guerra,18,Female,,+1-672-328-2849,Ashleyville,Incorrect email format,1982-11-04 20:35:16,Data science,100,pending,1.19,,254.0,1999-12-06 00:00:00,"0398 Zoe Walk Suite 987, New Aaron","something, sea",laptop,HP,2018.0,,,,,,,,New Aaron,,
582,Traci Guerra,18,Female,,+1-672-328-2849,Ashleyville,Incorrect email format,1982-11-04 20:35:16,Data science,100,pending,1.19,,254.0,1999-12-06 00:00:00,"0398 Zoe Walk Suite 987, New Aaron","something, sea",phone,Apple,2019.0,,,,,,,,New Aaron,,
583,Unknown,22,Male,,+1-159-565-8998,Thompsonhaven,Incorrect email format,2022-12-12 06:42:31,Data science,100,active,0.0,good,283.0,2018-07-29 00:00:00,UZ 100081 Tashkent Crawfordport,,,,,,,,,,,,Tashkent,Crawfordport,100081
584,Sheila Bell,20,Female,,+1-762-565-4761,Robertville,Incorrect email format,1971-01-28 00:00:00,Data science,,active,3.7,,127.0,2016-07-24 08:38:00,"683 Timothy Harbor, Mooreland","we, husband",laptop,Lenovo,2022.0,,,,,,,,Mooreland,,
584,Sheila Bell,20,Female,,+1-762-565-4761,Robertville,Incorrect email format,1971-01-28 00:00:00,Data science,,active,3.7,,127.0,2016-07-24 08:38:00,"683 Timothy Harbor, Mooreland","we, husband",phone,Xiaomi,2023.0,"['reason', 'speech']",1.0,5.0,5.0,4.0,1439.0,1112.0,Mooreland,,
585,Unknown,19,Female,90,Unknown,East Joshua,Incorrect email format,2021-07-12 00:25:59,Data science,82,active,,,187.0,1984-06-09 14:32:00,"9561 Corey Coves Suite 845, Lucasview",,,,,,,,,,,,Lucasview,,
586,Kevin Thomas,18,Female,,+1-222-993-3148,Glasstown,Incorrect email format,2013-06-13 00:00:00,Data science,100,inactive,0.0,excellent,91.0,2022-02-22 12:51:27,"Rochachester 7-kv, dom 22, Tashkent",,,,,,,,,,,,Tashkent,Rochachester,
587,Dr. Brandon Berry,20,Female,,+1-153-238-9492,New Carmenmouth,Incorrect email format,1995-01-17 00:00:00,Data science,100,pending,,average,219.0,1991-06-13 11:17:00,"Apartment 2, Port Yvonnefort district, Tashkent, UZ, 100944",,,,,"['need', 'station']",5.0,4.0,5.0,3.0,1062.0,338.0,Tashkent,Port Yvonnefort,100944
588,Crystal Olsen,22,Female,99,Unknown,Joshuahaven,Incorrect email format,2017-02-11 00:00:00,Python,79,active,2.9,,71.0,2022-04-28 23:29:45,"North Christineberg 8-kv, dom 22, Tashkent","popular, statement",laptop,Dell,2023.0,,,,,,,,Tashkent,North Christineberg,
588,Crystal Olsen,22,Female,99,Unknown,Joshuahaven,Incorrect email format,2017-02-11 00:00:00,Python,79,active,2.9,,71.0,2022-04-28 23:29:45,"North Christineberg 8-kv, dom 22, Tashkent","popular, statement",phone,Apple,2021.0,"['project', 'cell']",1.0,2.0,2.0,4.0,1361.0,488.0,Tashkent,North Christineberg,
589,Joseph Wilson,22,Male,,Unknown,Monroeview,michaeljones@moon-foster.com,1972-03-09 00:00:00,Python,100,active,,excellent,265.0,2021-12-18 22:57:13,"9406 Black Common, Boltonmouth","song, range",laptop,HP,2022.0,"['simply', 'fire']",5.0,4.0,2.0,4.0,724.0,659.0,Boltonmouth,,
589,Joseph Wilson,22,Male,,Unknown,Monroeview,michaeljones@moon-foster.com,1972-03-09 00:00:00,Python,100,active,,excellent,265.0,2021-12-18 22:57:13,"9406 Black Common, Boltonmouth","song, range",phone,Apple,2018.0,"['organization', 'finish']",5.0,1.0,2.0,4.0,1485.0,1227.0,Boltonmouth,,
590,Unknown,20,Male,,+1-654-435-0045,South Michaelhaven,Incorrect email format,1973-03-17 09:24:01,Data science,88,pending,4.5,excellent,194.0,1991-02-20 00:00:00,"6542 Kristin Bridge Apt. 211, West Jessicaland","security, such",laptop,HP,2022.0,,,,,,,,West Jessicaland,,
590,Unknown,20,Male,,+1-654-435-0045,South Michaelhaven,Incorrect email format,1973-03-17 09:24:01,Data science,88,pending,4.5,excellent,194.0,1991-02-20 00:00:00,"6542 Kristin Bridge Apt. 211, West Jessicaland","security, such",phone,Xiaomi,2023.0,"['let', 'watch']",3.0,5.0,5.0,4.0,532.0,848.0,West Jessicaland,,
591,Dean Moore,18,Female,63,+1-960-706-7569,Perryland,hsmith@nelson-bryant.com,1976-06-11 00:00:00,Data science,100,pending,2.0,excellent,289.0,1986-10-31 00:00:00,"Apartment 18, South Garyport district, Tashkent, UZ, 100844","positive, could",laptop,HP,2022.0,,,,,,,,Tashkent,South Garyport,100844
591,Dean Moore,18,Female,63,+1-960-706-7569,Perryland,hsmith@nelson-bryant.com,1976-06-11 00:00:00,Data science,100,pending,2.0,excellent,289.0,1986-10-31 00:00:00,"Apartment 18, South Garyport district, Tashkent, UZ, 100844","positive, could",phone,Apple,2022.0,"['trade', 'score']",4.0,3.0,1.0,3.0,1475.0,1225.0,Tashkent,South Garyport,100844
592,Unknown,18,Unknown,90,+1-652-322-1481,Colestad,sonyajackson@gmail.com,2003-07-19 06:09:17,Python,,active,,average,204.0,2017-11-16 00:00:00,"Richardview 27-kv, dom 45, Tashkent","owner, response",laptop,Dell,2018.0,,,,,,,,Tashkent,Richardview,
592,Unknown,18,Unknown,90,+1-652-322-1481,Colestad,sonyajackson@gmail.com,2003-07-19 06:09:17,Python,,active,,average,204.0,2017-11-16 00:00:00,"Richardview 27-kv, dom 45, Tashkent","owner, response",phone,Samsung,2019.0,"['apply', 'on']",5.0,1.0,3.0,2.0,573.0,1228.0,Tashkent,Richardview,
593,Edward Holmes,18,Female,62,+1-089-771-9768,Matthewport,Incorrect email format,1984-01-11 00:00:00,Python,100,pending,,average,209.0,2007-03-11 08:56:00,"BROKEN,ADDRESS,DATA,,,","red, major",laptop,Lenovo,2020.0,"['teacher', 'network']",4.0,3.0,1.0,3.0,1485.0,1174.0,,,
593,Edward Holmes,18,Female,62,+1-089-771-9768,Matthewport,Incorrect email format,1984-01-11 00:00:00,Python,100,pending,,average,209.0,2007-03-11 08:56:00,"BROKEN,ADDRESS,DATA,,,","red, major",phone,Samsung,2022.0,,,,,,,,,,
594,Sheila Contreras,21,Female,97,Unknown,Ellisonstad,Incorrect email format,1998-02-04 10:45:00,Data science,,active,,excellent,91.0,1990-10-07 20:23:00,"41891 Jacob Parkway, Evansbury","believe, article",laptop,Lenovo,2024.0,"['environment', 'action']",1.0,5.0,5.0,0.0,922.0,1459.0,Evansbury,,
594,Sheila Contreras,21,Female,97,Unknown,Ellisonstad,Incorrect email format,1998-02-04 10:45:00,Data science,,active,,excellent,91.0,1990-10-07 20:23:00,"41891 Jacob Parkway, Evansbury","believe, article",phone,Xiaomi,2020.0,,,,,,,,Evansbury,,
595,Vincent Pena,22,Female,57,+1-979-887-3158,West Craigview,Incorrect email format,2001-10-29 23:54:51,Other,100,pending,4.5,average,251.0,1991-03-24 00:00:00,"117 Lyons Knolls, New Tylerchester","house, true",laptop,HP,2023.0,,,,,,,,New Tylerchester,,
595,Vincent Pena,22,Female,57,+1-979-887-3158,West Craigview,Incorrect email format,2001-10-29 23:54:51,Other,100,pending,4.5,average,251.0,1991-03-24 00:00:00,"117 Lyons Knolls, New Tylerchester","house, true",phone,Xiaomi,2019.0,"['evidence', 'get']",2.0,1.0,3.0,3.0,845.0,1126.0,New Tylerchester,,
596,Bobby House,20,Male,90,Unknown,Shannonburgh,Incorrect email format,2022-05-02 07:44:44,Data science,100,pending,4.0,average,235.0,2023-02-25 03:31:55,"Apartment 29, Hamiltonville district, Tashkent, UZ, 100697","point, itself",laptop,Dell,2019.0,"['experience', 'develop']",1.0,5.0,2.0,2.0,1417.0,558.0,Tashkent,Hamiltonville,100697
596,Bobby House,20,Male,90,Unknown,Shannonburgh,Incorrect email format,2022-05-02 07:44:44,Data science,100,pending,4.0,average,235.0,2023-02-25 03:31:55,"Apartment 29, Hamiltonville district, Tashkent, UZ, 100697","point, itself",phone,Xiaomi,2024.0,"['paper', 'according']",5.0,1.0,1.0,4.0,992.0,945.0,Tashkent,Hamiltonville,100697
597,Unknown,22,Female,,+1-988-746-9395,Port Frederick,Incorrect email format,2023-05-26 11:12:31,Python,,inactive,1.56,,270.0,1974-01-06 00:00:00,UZ 100979 Tashkent Harttown,,,,,"['social', 'live']",3.0,4.0,1.0,1.0,982.0,308.0,Tashkent,Harttown,100979
598,Jonathan King,20,Unknown,,+1-017-824-2718,North Andrea,Incorrect email format,2017-12-13 00:00:00,Data science,,active,0.0,average,264.0,2021-11-15 15:24:25,"912 Anderson Island, Lake David","society, hot",laptop,Lenovo,2017.0,"['after', 'thing']",3.0,2.0,5.0,0.0,500.0,1493.0,Lake David,,
598,Jonathan King,20,Unknown,,+1-017-824-2718,North Andrea,Incorrect email format,2017-12-13 00:00:00,Data science,,active,0.0,average,264.0,2021-11-15 15:24:25,"912 Anderson Island, Lake David","society, hot",phone,Samsung,2022.0,"['conference', 'probably']",2.0,2.0,2.0,0.0,1179.0,773.0,Lake David,,
599,Eric Medina,,Unknown,,+1-844-126-8355,New Zachary,Incorrect email format,2016-10-02 00:00:00,Data science,70,active,4.5,good,92.0,2017-08-17 00:00:00,UZ 100418 Tashkent West Jasonberg,"real, save",laptop,HP,2018.0,"['computer', 'after']",1.0,3.0,1.0,2.0,621.0,242.0,Tashkent,West Jasonberg,100418
599,Eric Medina,,Unknown,,+1-844-126-8355,New Zachary,Incorrect email format,2016-10-02 00:00:00,Data science,70,active,4.5,good,92.0,2017-08-17 00:00:00,UZ 100418 Tashkent West Jasonberg,"real, save",phone,Xiaomi,2022.0,"['will', 'prepare']",3.0,3.0,5.0,1.0,1444.0,1181.0,Tashkent,West Jasonberg,100418
600,Zachary Johnson,18,Male,,+1-508-180-1870,New Markshire,qrice@hotmail.com,2021-02-18 14:52:51,Python,,active,3.7,average,147.0,2020-12-02 03:58:42,UZ 100915 Tashkent Jamesport,,,,,"['happen', 'activity']",1.0,3.0,5.0,2.0,1418.0,825.0,Tashkent,Jamesport,100915
601,Ashley Andrade,21,Male,,Unknown,Dunnville,Incorrect email format,2015-10-20 00:00:00,Python,100,active,4.5,excellent,202.0,2020-09-22 06:42:28,"South Kelsey 19-kv, dom 5, Tashkent","military, blood",laptop,Lenovo,2020.0,,,,,,,,Tashkent,South Kelsey,
601,Ashley Andrade,21,Male,,Unknown,Dunnville,Incorrect email format,2015-10-20 00:00:00,Python,100,active,4.5,excellent,202.0,2020-09-22 06:42:28,"South Kelsey 19-kv, dom 5, Tashkent","military, blood",phone,Samsung,2020.0,,,,,,,,Tashkent,South Kelsey,
602,Martha Ruiz,19,Unknown,58,Unknown,West Gregory,kfrancis@gmail.com,1980-02-06 19:22:00,Python,100,pending,3.7,average,244.0,2022-07-29 20:13:58,UZ 100884 Tashkent Powellmouth,"chair, lay",laptop,Lenovo,2021.0,"['goal', 'short']",2.0,1.0,1.0,1.0,606.0,676.0,Tashkent,Powellmouth,100884
602,Martha Ruiz,19,Unknown,58,Unknown,West Gregory,kfrancis@gmail.com,1980-02-06 19:22:00,Python,100,pending,3.7,average,244.0,2022-07-29 20:13:58,UZ 100884 Tashkent Powellmouth,"chair, lay",phone,Samsung,2019.0,"['day', 'he']",4.0,5.0,2.0,4.0,888.0,647.0,Tashkent,Powellmouth,100884
603,Pamela Carr,18,Unknown,95,+1-166-976-6040,Christopherside,lwilliams@gmail.com,1979-12-03 00:00:00,Python,100,active,4.5,good,169.0,2021-12-11 12:02:02,"198 Gary Mills Apt. 152, East Joshuatown",,,,,"['white', 'these']",1.0,2.0,2.0,1.0,1116.0,1181.0,East Joshuatown,,
604,Mrs. Angela Tyler,21,Female,63,+1-167-279-0511,Morrisontown,Incorrect email format,1996-01-11 23:11:17,Other,100,active,4.5,,251.0,1977-07-29 08:19:13,"8126 Herrera Point Apt. 428, Tuckerside","else, take",laptop,Lenovo,2023.0,"['police', 'either']",5.0,4.0,2.0,5.0,252.0,626.0,Tuckerside,,
604,Mrs. Angela Tyler,21,Female,63,+1-167-279-0511,Morrisontown,Incorrect email format,1996-01-11 23:11:17,Other,100,active,4.5,,251.0,1977-07-29 08:19:13,"8126 Herrera Point Apt. 428, Tuckerside","else, take",phone,Xiaomi,2022.0,,,,,,,,Tuckerside,,
605,Grant Rowland,19,Male,54,+1-606-956-4585,East Deniseburgh,Incorrect email format,1984-04-19 19:46:23,Data science,100,pending,2.81,,107.0,1994-09-04 00:00:00,"Wrightfort 30-kv, dom 45, Tashkent","wide, wonder",laptop,HP,2021.0,,,,,,,,Tashkent,Wrightfort,
605,Grant Rowland,19,Male,54,+1-606-956-4585,East Deniseburgh,Incorrect email format,1984-04-19 19:46:23,Data science,100,pending,2.81,,107.0,1994-09-04 00:00:00,"Wrightfort 30-kv, dom 45, Tashkent","wide, wonder",phone,Apple,2023.0,"['another', 'sing']",4.0,2.0,4.0,1.0,1487.0,547.0,Tashkent,Wrightfort,
606,Unknown,19,Male,,+1-072-868-5308,West Adrianchester,foxmary@martin-palmer.info,1986-09-08 02:58:00,Data science,100,pending,,excellent,148.0,1990-04-22 00:00:00,"BROKEN,ADDRESS,DATA,,,","difficult, want",laptop,Dell,2021.0,,,,,,,,,,
606,Unknown,19,Male,,+1-072-868-5308,West Adrianchester,foxmary@martin-palmer.info,1986-09-08 02:58:00,Data science,100,pending,,excellent,148.0,1990-04-22 00:00:00,"BROKEN,ADDRESS,DATA,,,","difficult, want",phone,Apple,2024.0,,,,,,,,,,
607,Jason Cherry,18,Unknown,,+1-477-082-8683,New Angiefort,Incorrect email format,2009-09-16 10:18:00,Data science,65,inactive,3.7,good,94.0,2024-03-09 07:30:51,"Port Tinafurt 28-kv, dom 37, Tashkent","able, trip",laptop,HP,2023.0,"['hour', 'show']",1.0,1.0,3.0,4.0,364.0,1242.0,Tashkent,Port Tinafurt,
607,Jason Cherry,18,Unknown,,+1-477-082-8683,New Angiefort,Incorrect email format,2009-09-16 10:18:00,Data science,65,inactive,3.7,good,94.0,2024-03-09 07:30:51,"Port Tinafurt 28-kv, dom 37, Tashkent","able, trip",phone,Apple,2019.0,,,,,,,,Tashkent,Port Tinafurt,
608,Unknown,21,Female,,+1-657-104-7711,Michaelhaven,Incorrect email format,2023-01-31 21:20:16,Data science,83,pending,,,194.0,2022-12-02 00:00:00,"10158 Tiffany Heights Apt. 563, Port Guyfurt","whose, message",laptop,HP,2016.0,"['summer', 'option']",4.0,5.0,5.0,2.0,627.0,413.0,Port Guyfurt,,
608,Unknown,21,Female,,+1-657-104-7711,Michaelhaven,Incorrect email format,2023-01-31 21:20:16,Data science,83,pending,,,194.0,2022-12-02 00:00:00,"10158 Tiffany Heights Apt. 563, Port Guyfurt","whose, message",phone,Apple,2020.0,,,,,,,,Port Guyfurt,,
609,Nicholas Thompson,20,Female,,+1-417-363-7350,South Michaelberg,Incorrect email format,2010-04-09 00:00:00,Data science,,active,3.7,good,233.0,1986-09-08 11:26:06,"69161 Newman Summit Suite 430, West Michaelchester",,,,,"['memory', 'cultural']",4.0,5.0,1.0,1.0,975.0,892.0,West Michaelchester,,
610,Unknown,22,Female,,Unknown,Port Michaeltown,Incorrect email format,1989-07-28 00:00:00,Data science,79,pending,4.33,good,79.0,1980-01-12 00:00:00,UZ 100562 Tashkent Evansmouth,,,,,"['appear', 'body']",5.0,1.0,5.0,2.0,1487.0,1460.0,Tashkent,Evansmouth,100562
611,Nicole Peterson,21,Female,99,Unknown,Mooreborough,Incorrect email format,1992-01-16 17:45:00,Data science,100,inactive,,,258.0,2023-03-02 22:34:52,"505 Ariana Run, Carrolltown","down, technology",laptop,Lenovo,2020.0,"['third', 'radio']",1.0,1.0,1.0,3.0,1229.0,563.0,Carrolltown,,
611,Nicole Peterson,21,Female,99,Unknown,Mooreborough,Incorrect email format,1992-01-16 17:45:00,Data science,100,inactive,,,258.0,2023-03-02 22:34:52,"505 Ariana Run, Carrolltown","down, technology",phone,Xiaomi,2021.0,"['force', 'its']",4.0,5.0,2.0,1.0,593.0,1029.0,Carrolltown,,
612,Natalie Brown,20,Male,90,+1-398-191-3827,West Hunter,Incorrect email format,1971-08-13 08:06:28,Data science,72,active,0.0,excellent,131.0,2016-04-05 00:00:00,"Port Gary 3-kv, dom 11, Tashkent",,,,,"['crime', 'need']",2.0,5.0,1.0,3.0,1163.0,833.0,Tashkent,Port Gary,
613,Robert Hubbard,18,Female,83,Unknown,Deannachester,Incorrect email format,1970-03-05 16:15:00,Data science,100,active,,average,236.0,2022-11-05 02:32:49,"Port Charlene 26-kv, dom 20, Tashkent","environmental, create",laptop,HP,2019.0,"['mother', 'late']",2.0,5.0,2.0,4.0,588.0,1100.0,Tashkent,Port Charlene,
613,Robert Hubbard,18,Female,83,Unknown,Deannachester,Incorrect email format,1970-03-05 16:15:00,Data science,100,active,,average,236.0,2022-11-05 02:32:49,"Port Charlene 26-kv, dom 20, Tashkent","environmental, create",phone,Apple,2020.0,,,,,,,,Tashkent,Port Charlene,
614,Unknown,22,Female,62,Unknown,South Christian,Incorrect email format,2022-09-21 04:31:53,Data science,,inactive,3.7,excellent,297.0,2022-01-09 00:05:02,"Billyland 10-kv, dom 4, Tashkent","good, garden",laptop,Lenovo,2018.0,"['wrong', 'finally']",1.0,3.0,1.0,5.0,768.0,329.0,Tashkent,Billyland,
614,Unknown,22,Female,62,Unknown,South Christian,Incorrect email format,2022-09-21 04:31:53,Data science,,inactive,3.7,excellent,297.0,2022-01-09 00:05:02,"Billyland 10-kv, dom 4, Tashkent","good, garden",phone,Xiaomi,2018.0,"['almost', 'offer']",2.0,1.0,4.0,1.0,1030.0,1243.0,Tashkent,Billyland,
615,Michelle Chambers,20,Female,50,Unknown,Port Kevinfort,Incorrect email format,2014-08-26 22:13:00,Data science,100,pending,2.0,good,62.0,1973-09-24 00:00:00,UZ 100049 Tashkent Cherylport,,,,,"['worker', 'charge']",1.0,1.0,5.0,3.0,519.0,425.0,Tashkent,Cherylport,100049
616,Unknown,18,Female,90,+1-128-955-5777,Kimberlyborough,Incorrect email format,2021-09-15 07:20:58,Data science,,active,2.0,good,125.0,2024-02-05 00:00:00,"08930 Benjamin Lane, North Jade","above, summer",laptop,Dell,2018.0,"['resource', 'performance']",3.0,2.0,3.0,0.0,774.0,1169.0,North Jade,,
616,Unknown,18,Female,90,+1-128-955-5777,Kimberlyborough,Incorrect email format,2021-09-15 07:20:58,Data science,,active,2.0,good,125.0,2024-02-05 00:00:00,"08930 Benjamin Lane, North Jade","above, summer",phone,Samsung,2021.0,,,,,,,,North Jade,,
617,Erica Ayala,20,Male,63,+1-380-629-6377,Barkerfurt,Incorrect email format,2019-04-18 02:11:00,Data science,100,pending,,,195.0,2008-08-01 14:33:00,"BROKEN,ADDRESS,DATA,,,","investment, affect",laptop,HP,2024.0,,,,,,,,,,
617,Erica Ayala,20,Male,63,+1-380-629-6377,Barkerfurt,Incorrect email format,2019-04-18 02:11:00,Data science,100,pending,,,195.0,2008-08-01 14:33:00,"BROKEN,ADDRESS,DATA,,,","investment, affect",phone,Xiaomi,2022.0,,,,,,,,,,
618,Unknown,18,Unknown,90,+1-280-708-9777,West Robinport,Incorrect email format,2017-05-17 00:00:00,Data science,97,active,,average,293.0,1991-04-28 00:00:00,UZ 100277 Tashkent Lake Eric,,,,,,,,,,,,Tashkent,Lake Eric,100277
619,Unknown,22,Unknown,86,Unknown,East Debrabury,Incorrect email format,2018-11-28 00:00:00,Python,89,active,,excellent,54.0,2023-04-16 13:30:00,"BROKEN,ADDRESS,DATA,,,","almost, situation",laptop,Dell,2016.0,,,,,,,,,,
619,Unknown,22,Unknown,86,Unknown,East Debrabury,Incorrect email format,2018-11-28 00:00:00,Python,89,active,,excellent,54.0,2023-04-16 13:30:00,"BROKEN,ADDRESS,DATA,,,","almost, situation",phone,Xiaomi,2023.0,,,,,,,,,,
620,Leslie Owens,20,Female,,Unknown,West Crystal,Incorrect email format,1991-11-19 17:07:00,Data science,74,pending,0.0,good,224.0,2003-11-19 00:00:00,UZ 100564 Tashkent Stephaniemouth,"father, anything",laptop,Dell,2021.0,"['increase', 'everything']",3.0,5.0,1.0,5.0,1382.0,1335.0,Tashkent,Stephaniemouth,100564
620,Leslie Owens,20,Female,,Unknown,West Crystal,Incorrect email format,1991-11-19 17:07:00,Data science,74,pending,0.0,good,224.0,2003-11-19 00:00:00,UZ 100564 Tashkent Stephaniemouth,"father, anything",phone,Xiaomi,2023.0,,,,,,,,Tashkent,Stephaniemouth,100564
621,Unknown,,Male,90,+1-345-654-9722,Debraburgh,Incorrect email format,1995-05-13 00:00:00,Data science,100,inactive,0.0,excellent,263.0,2023-10-07 16:53:06,"South Carlaville 30-kv, dom 42, Tashkent",,,,,"['dinner', 'while']",1.0,4.0,4.0,5.0,1285.0,1005.0,Tashkent,South Carlaville,
622,Unknown,20,Female,,+1-611-929-7938,Port Melinda,Incorrect email format,1990-10-06 00:00:00,Data science,,active,3.7,excellent,130.0,1993-04-16 00:00:00,"064 Flowers Via Suite 056, New Michael",,,,,"['present', 'cup']",2.0,2.0,1.0,3.0,541.0,571.0,New Michael,,
623,Unknown,18,Female,,+1-598-350-3851,North Adamton,Incorrect email format,1982-09-10 00:00:00,Python,,active,,,130.0,2022-10-12 04:59:01,"54503 Weber Islands, West Jennifer","anyone, whom",laptop,HP,2015.0,,,,,,,,West Jennifer,,
623,Unknown,18,Female,,+1-598-350-3851,North Adamton,Incorrect email format,1982-09-10 00:00:00,Python,,active,,,130.0,2022-10-12 04:59:01,"54503 Weber Islands, West Jennifer","anyone, whom",phone,Samsung,2018.0,,,,,,,,West Jennifer,,
624,Unknown,20,Female,67,+1-729-131-7348,West Anthony,djefferson@martinez.biz,2022-06-08 16:26:47,Data science,,inactive,0.0,,200.0,2023-08-13 15:39:07,"BROKEN,ADDRESS,DATA,,,",,,,,,,,,,,,,,
625,Mark Stewart,21,Unknown,66,Unknown,Rileyview,Incorrect email format,2018-02-05 10:20:00,Python,100,inactive,2.0,excellent,204.0,2022-09-25 09:15:45,"Apartment 50, Saraberg district, Tashkent, UZ, 100802","under, participant",laptop,Lenovo,2022.0,,,,,,,,Tashkent,Saraberg,100802
625,Mark Stewart,21,Unknown,66,Unknown,Rileyview,Incorrect email format,2018-02-05 10:20:00,Python,100,inactive,2.0,excellent,204.0,2022-09-25 09:15:45,"Apartment 50, Saraberg district, Tashkent, UZ, 100802","under, participant",phone,Samsung,2020.0,,,,,,,,Tashkent,Saraberg,100802
626,Linda Jacobson,22,Unknown,,+1-699-272-9087,North Matthew,Incorrect email format,1977-03-11 00:00:00,Python,,inactive,3.7,excellent,226.0,2020-02-02 04:13:11,"Apartment 36, Campbellshire district, Tashkent, UZ, 100191","eight, mission",laptop,HP,2018.0,,,,,,,,Tashkent,Campbellshire,100191
626,Linda Jacobson,22,Unknown,,+1-699-272-9087,North Matthew,Incorrect email format,1977-03-11 00:00:00,Python,,inactive,3.7,excellent,226.0,2020-02-02 04:13:11,"Apartment 36, Campbellshire district, Tashkent, UZ, 100191","eight, mission",phone,Samsung,2023.0,,,,,,,,Tashkent,Campbellshire,100191
627,Anthony Hill,19,Male,,Unknown,Richardsonton,Incorrect email format,1979-01-27 05:19:50,Python,,inactive,,excellent,126.0,1996-12-18 00:00:00,"BROKEN,ADDRESS,DATA,,,","ground, rule",laptop,HP,2023.0,,,,,,,,,,
627,Anthony Hill,19,Male,,Unknown,Richardsonton,Incorrect email format,1979-01-27 05:19:50,Python,,inactive,,excellent,126.0,1996-12-18 00:00:00,"BROKEN,ADDRESS,DATA,,,","ground, rule",phone,Xiaomi,2020.0,,,,,,,,,,
628,Ruben Howard,,Female,,+1-824-522-4891,Lake Bruce,Incorrect email format,2005-08-30 00:00:00,Data science,100,active,0.0,good,116.0,1976-12-25 00:00:00,"842 Robinson Neck Suite 458, Lewisville",,,,,,,,,,,,Lewisville,,
629,Eddie Miranda,21,Male,90,+1-941-487-1587,Port Kimberly,Incorrect email format,1976-02-12 00:00:00,Data science,,active,3.87,excellent,181.0,2001-06-01 00:00:00,"580 Sean Walk, South Saraview","term, face",laptop,HP,2018.0,,,,,,,,South Saraview,,
629,Eddie Miranda,21,Male,90,+1-941-487-1587,Port Kimberly,Incorrect email format,1976-02-12 00:00:00,Data science,,active,3.87,excellent,181.0,2001-06-01 00:00:00,"580 Sean Walk, South Saraview","term, face",phone,Xiaomi,2018.0,,,,,,,,South Saraview,,
630,Unknown,22,Female,65,+1-865-578-5473,Dustinmouth,Incorrect email format,2022-10-11 23:04:59,Data science,100,active,4.5,,262.0,1996-03-12 09:14:30,"Apartment 15, West Joseph district, Tashkent, UZ, 100817",,,,,,,,,,,,Tashkent,West Joseph,100817
631,Unknown,19,Female,90,+1-686-629-3371,Patriciaport,kristencohen@brown.com,2008-10-17 01:49:29,Data science,,pending,0.0,,214.0,2023-04-22 04:01:42,"New Raymondchester 21-kv, dom 12, Tashkent","range, evidence",laptop,HP,2018.0,,,,,,,,Tashkent,New Raymondchester,
631,Unknown,19,Female,90,+1-686-629-3371,Patriciaport,kristencohen@brown.com,2008-10-17 01:49:29,Data science,,pending,0.0,,214.0,2023-04-22 04:01:42,"New Raymondchester 21-kv, dom 12, Tashkent","range, evidence",phone,Xiaomi,2018.0,,,,,,,,Tashkent,New Raymondchester,
632,Michelle Price,20,Male,93,+1-813-446-7811,Lake Mistyside,Incorrect email format,2020-12-02 21:26:45,Data science,80,pending,1.39,excellent,187.0,2018-08-05 00:00:00,UZ 100591 Tashkent Bradleymouth,"radio, arm",laptop,HP,2015.0,,,,,,,,Tashkent,Bradleymouth,100591
632,Michelle Price,20,Male,93,+1-813-446-7811,Lake Mistyside,Incorrect email format,2020-12-02 21:26:45,Data science,80,pending,1.39,excellent,187.0,2018-08-05 00:00:00,UZ 100591 Tashkent Bradleymouth,"radio, arm",phone,Samsung,2023.0,,,,,,,,Tashkent,Bradleymouth,100591
633,Unknown,18,Female,72,+1-929-228-7610,Jackieville,Incorrect email format,1981-08-14 20:59:00,Data science,83,active,,excellent,164.0,1981-09-17 00:00:00,"Apartment 36, Hoffmanbury district, Tashkent, UZ, 100441","shoulder, option",laptop,HP,2024.0,,,,,,,,Tashkent,Hoffmanbury,100441
633,Unknown,18,Female,72,+1-929-228-7610,Jackieville,Incorrect email format,1981-08-14 20:59:00,Data science,83,active,,excellent,164.0,1981-09-17 00:00:00,"Apartment 36, Hoffmanbury district, Tashkent, UZ, 100441","shoulder, option",phone,Xiaomi,2021.0,,,,,,,,Tashkent,Hoffmanbury,100441
634,Jeffrey Greene,,Unknown,90,+1-829-506-8162,Lake Brianport,Incorrect email format,2004-08-16 17:18:00,Data science,,active,4.05,excellent,187.0,1984-12-23 17:20:00,"BROKEN,ADDRESS,DATA,,,",,,,,,,,,,,,,,
635,Unknown,21,Female,100,+1-000-358-0435,Lake Joshua,jacobsrandy@collins-harrison.biz,1993-07-04 16:36:32,Data science,,pending,4.5,good,294.0,2023-10-10 18:46:18,UZ 100086 Tashkent Teresafort,,,,,,,,,,,,Tashkent,Teresafort,100086
636,Unknown,19,Female,72,Unknown,Allenfort,Incorrect email format,1984-12-25 00:00:00,Data science,88,active,,excellent,252.0,1981-12-19 00:00:00,UZ 100295 Tashkent Lake Cassandraburgh,"yeah, poor",laptop,HP,2023.0,,,,,,,,Tashkent,Lake Cassandraburgh,100295
636,Unknown,19,Female,72,Unknown,Allenfort,Incorrect email format,1984-12-25 00:00:00,Data science,88,active,,excellent,252.0,1981-12-19 00:00:00,UZ 100295 Tashkent Lake Cassandraburgh,"yeah, poor",phone,Xiaomi,2024.0,,,,,,,,Tashkent,Lake Cassandraburgh,100295
637,Melissa Floyd,18,Female,90,+1-428-590-7104,Jamestown,Incorrect email format,2012-03-24 00:00:00,Python,100,active,0.0,,112.0,1991-09-11 00:00:00,UZ 100152 Tashkent Michaelshire,,,,,,,,,,,,Tashkent,Michaelshire,100152
638,Unknown,20,Female,,+1-378-916-4534,Coopermouth,Incorrect email format,1991-11-18 09:44:08,Data science,,pending,,excellent,230.0,1984-06-21 00:00:00,"BROKEN,ADDRESS,DATA,,,",,,,,,,,,,,,,,
639,Unknown,22,Male,56,+1-660-071-7305,Monroeview,Incorrect email format,1998-06-17 00:00:00,Other,100,inactive,3.38,excellent,235.0,2004-02-27 00:00:00,UZ 100501 Tashkent South Robert,"defense, firm",laptop,Lenovo,2020.0,,,,,,,,Tashkent,South Robert,100501
639,Unknown,22,Male,56,+1-660-071-7305,Monroeview,Incorrect email format,1998-06-17 00:00:00,Other,100,inactive,3.38,excellent,235.0,2004-02-27 00:00:00,UZ 100501 Tashkent South Robert,"defense, firm",phone,Apple,2020.0,,,,,,,,Tashkent,South Robert,100501
640,Unknown,21,Unknown,90,Unknown,New Amandastad,Incorrect email format,2021-12-19 23:11:24,Python,,inactive,,average,121.0,1991-05-03 00:00:00,"BROKEN,ADDRESS,DATA,,,",,,,,,,,,,,,,,
641,Unknown,20,Female,89,+1-558-863-8436,Lucasstad,Incorrect email format,2011-08-29 00:00:00,Python,,inactive,,,165.0,2004-07-07 00:00:00,"39572 Sparks Ville, Smithfort",,,,,,,,,,,,Smithfort,,
642,Kristen Wu,20,Male,90,+1-597-648-2146,Port Timothy,Incorrect email format,2022-01-05 00:00:00,Other,100,inactive,,excellent,279.0,1988-07-02 00:00:00,"Apartment 23, Jayport district, Tashkent, UZ, 100728",,,,,,,,,,,,Tashkent,Jayport,100728
643,Unknown,20,Female,90,Unknown,West Ryan,Incorrect email format,2010-07-21 00:00:00,Data science,97,pending,4.5,good,223.0,1986-05-28 00:00:00,"011 Clark Stravenue Apt. 882, Port Ericborough","prove, rest",laptop,Lenovo,2017.0,,,,,,,,Port Ericborough,,
643,Unknown,20,Female,90,Unknown,West Ryan,Incorrect email format,2010-07-21 00:00:00,Data science,97,pending,4.5,good,223.0,1986-05-28 00:00:00,"011 Clark Stravenue Apt. 882, Port Ericborough","prove, rest",phone,Xiaomi,2021.0,,,,,,,,Port Ericborough,,
644,Unknown,,Female,52,+1-134-282-1013,East Angelabury,Incorrect email format,1977-10-13 00:00:00,Python,84,inactive,3.7,,212.0,2025-01-03 02:54:30,"Apartment 5, Irwinport district, Tashkent, UZ, 100581","plan, hotel",laptop,Lenovo,2023.0,,,,,,,,Tashkent,Irwinport,100581
644,Unknown,,Female,52,+1-134-282-1013,East Angelabury,Incorrect email format,1977-10-13 00:00:00,Python,84,inactive,3.7,,212.0,2025-01-03 02:54:30,"Apartment 5, Irwinport district, Tashkent, UZ, 100581","plan, hotel",phone,Samsung,2020.0,,,,,,,,Tashkent,Irwinport,100581
645,Michael Richardson,20,Male,90,Unknown,Carsonbury,Incorrect email format,2021-07-27 11:32:29,Python,95,pending,4.5,,247.0,2016-09-01 00:00:00,"Apartment 41, North Benjamin district, Tashkent, UZ, 100898","call, low",laptop,HP,2023.0,,,,,,,,Tashkent,North Benjamin,100898
645,Michael Richardson,20,Male,90,Unknown,Carsonbury,Incorrect email format,2021-07-27 11:32:29,Python,95,pending,4.5,,247.0,2016-09-01 00:00:00,"Apartment 41, North Benjamin district, Tashkent, UZ, 100898","call, low",phone,Samsung,2022.0,,,,,,,,Tashkent,North Benjamin,100898
646,Karen Miller,18,Female,78,+1-807-124-2803,New Anthonyberg,Incorrect email format,1991-06-04 21:05:42,Python,89,inactive,3.7,,66.0,1992-12-12 00:00:00,"Apartment 12, East Christopher district, Tashkent, UZ, 100491",,,,,,,,,,,,Tashkent,East Christopher,100491
647,Meagan Benton,19,Female,61,Unknown,West Edward,nathanortiz@stein.com,1985-11-20 05:11:00,Data science,100,active,,excellent,299.0,2001-10-07 00:00:00,UZ 100647 Tashkent Fordton,,,,,,,,,,,,Tashkent,Fordton,100647
648,Michelle Turner,20,Male,90,Unknown,Port Bethanyton,Incorrect email format,2020-11-05 08:00:10,Python,100,inactive,3.7,average,84.0,2021-12-16 19:16:51,"Lake James 13-kv, dom 2, Tashkent","force, as",laptop,HP,2020.0,,,,,,,,Tashkent,Lake James,
648,Michelle Turner,20,Male,90,Unknown,Port Bethanyton,Incorrect email format,2020-11-05 08:00:10,Python,100,inactive,3.7,average,84.0,2021-12-16 19:16:51,"Lake James 13-kv, dom 2, Tashkent","force, as",phone,Samsung,2020.0,,,,,,,,Tashkent,Lake James,
649,Unknown,21,Unknown,,+1-514-135-2854,West Eric,Incorrect email format,2016-03-19 00:00:00,Python,100,pending,3.7,excellent,61.0,2021-03-21 00:00:00,"Apartment 22, Thomasborough district, Tashkent, UZ, 100030",,,,,,,,,,,,Tashkent,Thomasborough,100030
650,Janice Sutton,18,Unknown,,Unknown,Carterton,Incorrect email format,1974-02-08 00:00:00,Python,64,pending,3.7,average,284.0,1986-01-21 06:47:27,"BROKEN,ADDRESS,DATA,,,",,,,,,,,,,,,,,
651,Ryan Wilson,18,Female,65,+1-641-481-4742,Michaelport,jacksonvictoria@mullins-fuller.net,2007-04-29 09:49:00,Data science,98,active,2.23,excellent,183.0,1998-01-14 00:00:00,UZ 100519 Tashkent Rodneytown,"recently, catch",laptop,Dell,2016.0,,,,,,,,Tashkent,Rodneytown,100519
651,Ryan Wilson,18,Female,65,+1-641-481-4742,Michaelport,jacksonvictoria@mullins-fuller.net,2007-04-29 09:49:00,Data science,98,active,2.23,excellent,183.0,1998-01-14 00:00:00,UZ 100519 Tashkent Rodneytown,"recently, catch",phone,Xiaomi,2024.0,,,,,,,,Tashkent,Rodneytown,100519
652,Unknown,18,Female,90,Unknown,Danatown,Incorrect email format,1978-02-18 21:56:00,Python,,inactive,0.0,excellent,131.0,2022-12-01 23:40:15,UZ 100805 Tashkent Cabreraberg,,,,,,,,,,,,Tashkent,Cabreraberg,100805
653,Melissa Moore DDS,20,Male,84,+1-814-084-9308,South Johnton,Incorrect email format,1995-11-06 00:00:00,Python,,pending,1.3,excellent,135.0,2003-05-19 00:00:00,"Apartment 17, West Gregoryburgh district, Tashkent, UZ, 100707",,,,,,,,,,,,Tashkent,West Gregoryburgh,100707
654,Tina Brown,20,Female,,Unknown,Ginafort,Incorrect email format,1975-12-14 17:01:28,Python,100,pending,,excellent,225.0,2019-03-28 00:00:00,"West Jameschester 12-kv, dom 34, Tashkent",,,,,,,,,,,,Tashkent,West Jameschester,
655,Unknown,21,Female,94,Unknown,Grayborough,Incorrect email format,2017-03-08 12:35:00,Data science,,active,,good,292.0,2014-05-20 00:00:00,"BROKEN,ADDRESS,DATA,,,","television, sport",laptop,Dell,2020.0,,,,,,,,,,
655,Unknown,21,Female,94,Unknown,Grayborough,Incorrect email format,2017-03-08 12:35:00,Data science,,active,,good,292.0,2014-05-20 00:00:00,"BROKEN,ADDRESS,DATA,,,","television, sport",phone,Apple,2019.0,,,,,,,,,,
656,Brandon Gross,22,Female,79,+1-130-534-5966,Paulfort,nwong@yahoo.com,2017-03-23 15:50:00,Other,100,inactive,2.0,,197.0,2007-10-15 00:59:49,"7610 Baker Glens Suite 376, Port Carol","woman, human",laptop,Lenovo,2022.0,,,,,,,,Port Carol,,
656,Brandon Gross,22,Female,79,+1-130-534-5966,Paulfort,nwong@yahoo.com,2017-03-23 15:50:00,Other,100,inactive,2.0,,197.0,2007-10-15 00:59:49,"7610 Baker Glens Suite 376, Port Carol","woman, human",phone,Apple,2021.0,,,,,,,,Port Carol,,
657,Eric Stewart,22,Male,74,Unknown,Williamsborough,Incorrect email format,2023-04-04 05:52:51,Data science,,active,2.0,average,188.0,1993-10-20 00:00:00,"Shahburgh 22-kv, dom 42, Tashkent","standard, attack",laptop,Lenovo,2019.0,,,,,,,,Tashkent,Shahburgh,
657,Eric Stewart,22,Male,74,Unknown,Williamsborough,Incorrect email format,2023-04-04 05:52:51,Data science,,active,2.0,average,188.0,1993-10-20 00:00:00,"Shahburgh 22-kv, dom 42, Tashkent","standard, attack",phone,Xiaomi,2023.0,,,,,,,,Tashkent,Shahburgh,
658,Kaitlin Cobb,18,Female,90,+1-580-419-2810,Coxfort,Incorrect email format,2015-07-06 00:00:00,Python,,inactive,2.0,average,167.0,1992-04-28 00:24:00,"BROKEN,ADDRESS,DATA,,,","clear, miss",laptop,HP,2016.0,,,,,,,,,,
658,Kaitlin Cobb,18,Female,90,+1-580-419-2810,Coxfort,Incorrect email format,2015-07-06 00:00:00,Python,,inactive,2.0,average,167.0,1992-04-28 00:24:00,"BROKEN,ADDRESS,DATA,,,","clear, miss",phone,Xiaomi,2024.0,,,,,,,,,,
659,Brittney Chapman,19,Female,60,Unknown,Nicholasbury,Incorrect email format,2002-09-06 21:07:00,Data science,100,active,,,93.0,2010-09-18 03:12:00,UZ 100771 Tashkent South Janet,,,,,,,,,,,,Tashkent,South Janet,100771
660,Unknown,,Unknown,90,+1-411-969-9710,Christopherton,Incorrect email format,2016-07-18 07:03:00,Data science,,inactive,4.5,excellent,259.0,2009-06-16 00:00:00,"West Kari 8-kv, dom 5, Tashkent","first, article",laptop,Lenovo,2023.0,,,,,,,,Tashkent,West Kari,
660,Unknown,,Unknown,90,+1-411-969-9710,Christopherton,Incorrect email format,2016-07-18 07:03:00,Data science,,inactive,4.5,excellent,259.0,2009-06-16 00:00:00,"West Kari 8-kv, dom 5, Tashkent","first, article",phone,Samsung,2019.0,,,,,,,,Tashkent,West Kari,
661,Jennifer Chavez,21,Male,,Unknown,Rodriguezberg,Incorrect email format,2016-10-16 13:13:41,Data science,100,active,2.0,excellent,160.0,2016-02-13 11:02:19,"BROKEN,ADDRESS,DATA,,,","president, enter",laptop,HP,2020.0,,,,,,,,,,
661,Jennifer Chavez,21,Male,,Unknown,Rodriguezberg,Incorrect email format,2016-10-16 13:13:41,Data science,100,active,2.0,excellent,160.0,2016-02-13 11:02:19,"BROKEN,ADDRESS,DATA,,,","president, enter",phone,Apple,2023.0,,,,,,,,,,
662,Unknown,20,Unknown,80,Unknown,Port Daniel,ageorge@gmail.com,2009-11-17 00:00:00,Python,100,active,,,73.0,1974-03-22 00:00:00,"Lake Christopherchester 3-kv, dom 9, Tashkent",,,,,,,,,,,,Tashkent,Lake Christopherchester,
663,Thomas Bailey,,Male,90,+1-499-941-3476,Melissachester,Incorrect email format,2008-08-16 23:17:00,Python,100,inactive,,average,295.0,1975-08-14 18:49:44,UZ 100301 Tashkent West Jessefurt,"build, break",laptop,Dell,2023.0,,,,,,,,Tashkent,West Jessefurt,100301
663,Thomas Bailey,,Male,90,+1-499-941-3476,Melissachester,Incorrect email format,2008-08-16 23:17:00,Python,100,inactive,,average,295.0,1975-08-14 18:49:44,UZ 100301 Tashkent West Jessefurt,"build, break",phone,Apple,2018.0,,,,,,,,Tashkent,West Jessefurt,100301
664,Joel Lam,18,Female,88,+1-135-685-6995,Lake Josephbury,Incorrect email format,2008-05-13 00:00:00,Python,100,inactive,3.46,good,294.0,1984-10-21 00:00:00,"Apartment 4, Jordanton district, Tashkent, UZ, 100711","line, can",laptop,Dell,2019.0,,,,,,,,Tashkent,Jordanton,100711
664,Joel Lam,18,Female,88,+1-135-685-6995,Lake Josephbury,Incorrect email format,2008-05-13 00:00:00,Python,100,inactive,3.46,good,294.0,1984-10-21 00:00:00,"Apartment 4, Jordanton district, Tashkent, UZ, 100711","line, can",phone,Samsung,2018.0,,,,,,,,Tashkent,Jordanton,100711
665,Unknown,18,Female,73,+1-328-661-9055,New Wendyville,Incorrect email format,2021-07-30 04:25:00,Python,,inactive,3.93,excellent,257.0,1991-06-23 18:14:56,"Apartment 35, North Davidburgh district, Tashkent, UZ, 100920","take, group",laptop,HP,2020.0,,,,,,,,Tashkent,North Davidburgh,100920
665,Unknown,18,Female,73,+1-328-661-9055,New Wendyville,Incorrect email format,2021-07-30 04:25:00,Python,,inactive,3.93,excellent,257.0,1991-06-23 18:14:56,"Apartment 35, North Davidburgh district, Tashkent, UZ, 100920","take, group",phone,Apple,2024.0,,,,,,,,Tashkent,North Davidburgh,100920
666,Unknown,18,Male,60,+1-498-554-4500,Johnsonburgh,Incorrect email format,2002-08-19 19:18:47,Data science,,inactive,,excellent,112.0,2008-07-19 03:02:43,"BROKEN,ADDRESS,DATA,,,",,,,,,,,,,,,,,
667,Joshua Wiley,20,Female,70,Unknown,New Michael,Incorrect email format,2025-03-01 23:37:41,Data science,100,inactive,2.35,,157.0,2022-06-17 13:07:01,UZ 100944 Tashkent Paulburgh,,,,,,,,,,,,Tashkent,Paulburgh,100944
668,Unknown,20,Unknown,90,Unknown,South Ryan,villarrealronald@rogers.com,1998-04-23 03:06:42,Data science,100,active,,good,247.0,2023-12-26 00:00:00,"Apartment 42, Christieville district, Tashkent, UZ, 100696","third, out",laptop,Dell,2023.0,,,,,,,,Tashkent,Christieville,100696
668,Unknown,20,Unknown,90,Unknown,South Ryan,villarrealronald@rogers.com,1998-04-23 03:06:42,Data science,100,active,,good,247.0,2023-12-26 00:00:00,"Apartment 42, Christieville district, Tashkent, UZ, 100696","third, out",phone,Samsung,2024.0,,,,,,,,Tashkent,Christieville,100696
669,Andrea Thomas,,Female,90,+1-388-509-7753,Kennethland,Incorrect email format,1982-07-22 00:00:00,Data science,80,inactive,4.5,excellent,58.0,1994-02-20 00:00:00,UZ 100474 Tashkent Jasonhaven,"live, arrive",laptop,Lenovo,2022.0,,,,,,,,Tashkent,Jasonhaven,100474
669,Andrea Thomas,,Female,90,+1-388-509-7753,Kennethland,Incorrect email format,1982-07-22 00:00:00,Data science,80,inactive,4.5,excellent,58.0,1994-02-20 00:00:00,UZ 100474 Tashkent Jasonhaven,"live, arrive",phone,Samsung,2018.0,,,,,,,,Tashkent,Jasonhaven,100474
670,Unknown,18,Male,90,Unknown,West Kimberly,Incorrect email format,2022-01-22 09:55:31,Python,,active,3.87,good,61.0,1996-06-19 00:00:00,"Apartment 28, North Lauraville district, Tashkent, UZ, 100298",,,,,,,,,,,,Tashkent,North Lauraville,100298
671,Unknown,,Male,91,+1-959-281-5921,Lake Susan,frazieramber@gmail.com,2003-10-04 09:49:55,Other,,inactive,,excellent,270.0,1996-07-03 00:00:00,"Apartment 32, West Angela district, Tashkent, UZ, 100459",,,,,,,,,,,,Tashkent,West Angela,100459
672,Frank Ward,,Female,90,Unknown,West Erikamouth,rowevalerie@gmail.com,2006-07-04 04:24:18,Data science,100,pending,,excellent,84.0,2014-05-16 00:00:00,UZ 100098 Tashkent North Tammy,"rise, instead",laptop,HP,2023.0,,,,,,,,Tashkent,North Tammy,100098
672,Frank Ward,,Female,90,Unknown,West Erikamouth,rowevalerie@gmail.com,2006-07-04 04:24:18,Data science,100,pending,,excellent,84.0,2014-05-16 00:00:00,UZ 100098 Tashkent North Tammy,"rise, instead",phone,Samsung,2018.0,,,,,,,,Tashkent,North Tammy,100098
673,Caitlin Brown,20,Female,90,+1-884-021-7757,East Jasmineborough,Incorrect email format,2018-12-21 00:00:00,Data science,,active,0.0,excellent,297.0,2019-01-13 00:00:00,UZ 100047 Tashkent Ruiztown,,,,,,,,,,,,Tashkent,Ruiztown,100047
674,Aaron Reynolds,18,Female,93,+1-366-541-5025,Johnshire,Incorrect email format,1980-09-11 02:22:00,Data science,,active,,good,56.0,2017-10-19 02:05:43,UZ 100463 Tashkent Allenberg,,,,,,,,,,,,Tashkent,Allenberg,100463
675,Unknown,20,Female,68,+1-907-565-0218,Vanessaburgh,rjohnson@gmail.com,2017-06-13 00:55:00,Data science,92,pending,2.0,excellent,181.0,1982-03-23 00:00:00,"BROKEN,ADDRESS,DATA,,,","bed, address",laptop,Dell,2020.0,,,,,,,,,,
675,Unknown,20,Female,68,+1-907-565-0218,Vanessaburgh,rjohnson@gmail.com,2017-06-13 00:55:00,Data science,92,pending,2.0,excellent,181.0,1982-03-23 00:00:00,"BROKEN,ADDRESS,DATA,,,","bed, address",phone,Samsung,2022.0,,,,,,,,,,
676,Keith Marshall,18,Male,,+1-232-808-0214,Lake Ricardo,Incorrect email format,2021-02-28 23:36:03,Data science,100,inactive,0.0,excellent,245.0,2022-03-22 00:00:00,"BROKEN,ADDRESS,DATA,,,","security, artist",laptop,Dell,2018.0,,,,,,,,,,
676,Keith Marshall,18,Male,,+1-232-808-0214,Lake Ricardo,Incorrect email format,2021-02-28 23:36:03,Data science,100,inactive,0.0,excellent,245.0,2022-03-22 00:00:00,"BROKEN,ADDRESS,DATA,,,","security, artist",phone,Xiaomi,2019.0,,,,,,,,,,
677,Christopher Griffin,22,Male,90,Unknown,New Jessicaburgh,danielsbrent@gmail.com,1995-11-27 18:10:00,Data science,70,active,2.0,excellent,227.0,1979-01-17 00:00:00,UZ 100395 Tashkent Lake Andre,"seven, or",laptop,HP,2024.0,,,,,,,,Tashkent,Lake Andre,100395
677,Christopher Griffin,22,Male,90,Unknown,New Jessicaburgh,danielsbrent@gmail.com,1995-11-27 18:10:00,Data science,70,active,2.0,excellent,227.0,1979-01-17 00:00:00,UZ 100395 Tashkent Lake Andre,"seven, or",phone,Samsung,2018.0,,,,,,,,Tashkent,Lake Andre,100395
678,Amanda Johnson,18,Female,,Unknown,Lake Lindsayport,Incorrect email format,2015-08-10 00:00:00,Python,,pending,4.5,excellent,259.0,2005-12-04 19:31:13,UZ 100414 Tashkent Andreafort,"need, when",laptop,HP,2024.0,,,,,,,,Tashkent,Andreafort,100414
678,Amanda Johnson,18,Female,,Unknown,Lake Lindsayport,Incorrect email format,2015-08-10 00:00:00,Python,,pending,4.5,excellent,259.0,2005-12-04 19:31:13,UZ 100414 Tashkent Andreafort,"need, when",phone,Apple,2024.0,,,,,,,,Tashkent,Andreafort,100414
679,Gary Munoz,18,Female,90,+1-966-514-1194,Port Michaelton,Incorrect email format,1977-02-25 00:00:00,Data science,100,inactive,,average,293.0,1986-05-21 00:00:00,UZ 100733 Tashkent North Davidberg,,,,,,,,,,,,Tashkent,North Davidberg,100733
680,Tammy Haynes,18,Female,,+1-011-277-5166,South Elizabethborough,Incorrect email format,2017-11-03 05:12:00,Data science,100,pending,,excellent,262.0,1975-02-03 00:00:00,"2547 Brandon Points Suite 778, Ricetown",,,,,,,,,,,,Ricetown,,
681,Jennifer Hanson,18,Male,90,Unknown,Williamsport,Incorrect email format,2020-09-27 00:00:00,Data science,100,active,2.0,average,188.0,1976-04-19 00:09:16,"New Whitney 5-kv, dom 24, Tashkent",,,,,,,,,,,,Tashkent,New Whitney,
682,Steven Rodriguez,20,Female,73,+1-923-070-3425,Donnaview,Incorrect email format,2023-01-20 10:26:48,Python,100,active,3.89,excellent,260.0,2021-07-29 19:42:40,UZ 100158 Tashkent North Toddfurt,"no, score",laptop,Dell,2018.0,,,,,,,,Tashkent,North Toddfurt,100158
682,Steven Rodriguez,20,Female,73,+1-923-070-3425,Donnaview,Incorrect email format,2023-01-20 10:26:48,Python,100,active,3.89,excellent,260.0,2021-07-29 19:42:40,UZ 100158 Tashkent North Toddfurt,"no, score",phone,Samsung,2022.0,,,,,,,,Tashkent,North Toddfurt,100158
683,Joseph Ruiz,21,Unknown,,+1-432-376-4962,Davidfort,stoutpaul@yahoo.com,1993-02-12 13:30:00,Data science,91,inactive,2.0,excellent,158.0,2014-05-24 00:00:00,"BROKEN,ADDRESS,DATA,,,","couple, grow",laptop,Lenovo,2020.0,,,,,,,,,,
683,Joseph Ruiz,21,Unknown,,+1-432-376-4962,Davidfort,stoutpaul@yahoo.com,1993-02-12 13:30:00,Data science,91,inactive,2.0,excellent,158.0,2014-05-24 00:00:00,"BROKEN,ADDRESS,DATA,,,","couple, grow",phone,Xiaomi,2022.0,,,,,,,,,,
684,Unknown,22,Male,85,+1-014-026-4689,Clairestad,Incorrect email format,2018-07-10 00:00:00,Data science,100,active,,average,162.0,1989-05-13 00:00:00,UZ 100137 Tashkent Gloverborough,,,,,,,,,,,,Tashkent,Gloverborough,100137
685,Scott Vazquez,18,Female,90,+1-140-569-3589,North Rachelville,xkelley@gmail.com,2023-08-03 11:46:45,Data science,,inactive,4.5,excellent,260.0,2010-02-28 00:00:00,"840 Mcdaniel Route Suite 183, Joshuatown","hospital, address",laptop,HP,2020.0,,,,,,,,Joshuatown,,
685,Scott Vazquez,18,Female,90,+1-140-569-3589,North Rachelville,xkelley@gmail.com,2023-08-03 11:46:45,Data science,,inactive,4.5,excellent,260.0,2010-02-28 00:00:00,"840 Mcdaniel Route Suite 183, Joshuatown","hospital, address",phone,Apple,2024.0,,,,,,,,Joshuatown,,
686,Christina Small MD,20,Unknown,66,+1-474-831-4110,Port Juliaport,Incorrect email format,1976-03-07 00:00:00,Python,,pending,2.0,average,177.0,2021-07-07 03:35:25,UZ 100787 Tashkent Carneyview,,,,,,,,,,,,Tashkent,Carneyview,100787
687,Sarah Brown,20,Unknown,90,+1-576-051-8069,Robertsville,Incorrect email format,2014-05-14 23:46:13,Data science,,active,3.7,average,165.0,2008-09-17 20:10:00,UZ 100811 Tashkent Johnnyton,"who, player",laptop,HP,2015.0,,,,,,,,Tashkent,Johnnyton,100811
687,Sarah Brown,20,Unknown,90,+1-576-051-8069,Robertsville,Incorrect email format,2014-05-14 23:46:13,Data science,,active,3.7,average,165.0,2008-09-17 20:10:00,UZ 100811 Tashkent Johnnyton,"who, player",phone,Samsung,2022.0,,,,,,,,Tashkent,Johnnyton,100811
688,Samuel Garcia,18,Female,52,+1-886-210-0875,Gonzalezfurt,andrew67@hotmail.com,2019-02-14 00:00:00,Data science,100,inactive,,average,177.0,2017-05-26 00:00:00,UZ 100532 Tashkent Kevintown,"rich, road",laptop,Dell,2015.0,,,,,,,,Tashkent,Kevintown,100532
688,Samuel Garcia,18,Female,52,+1-886-210-0875,Gonzalezfurt,andrew67@hotmail.com,2019-02-14 00:00:00,Data science,100,inactive,,average,177.0,2017-05-26 00:00:00,UZ 100532 Tashkent Kevintown,"rich, road",phone,Xiaomi,2020.0,,,,,,,,Tashkent,Kevintown,100532
689,Unknown,21,Unknown,67,+1-535-498-4540,East Markview,gregory47@garcia-maldonado.com,2000-02-11 00:00:00,Data science,100,pending,4.5,excellent,213.0,1983-04-24 00:00:00,"South Thomas 10-kv, dom 16, Tashkent","wide, rise",laptop,Dell,2022.0,,,,,,,,Tashkent,South Thomas,
689,Unknown,21,Unknown,67,+1-535-498-4540,East Markview,gregory47@garcia-maldonado.com,2000-02-11 00:00:00,Data science,100,pending,4.5,excellent,213.0,1983-04-24 00:00:00,"South Thomas 10-kv, dom 16, Tashkent","wide, rise",phone,Samsung,2023.0,,,,,,,,Tashkent,South Thomas,
690,Thomas Hickman,20,Female,90,+1-198-607-4748,Yangstad,bgarcia@yahoo.com,1988-10-12 00:00:00,Data science,,inactive,,,275.0,1970-02-03 00:00:00,"234 Jennifer Station, Tylerfurt",,,,,,,,,,,,Tylerfurt,,
691,Clinton Walton,20,Female,,+1-019-568-6502,South Aliciamouth,Incorrect email format,2024-05-12 00:00:00,Data science,,inactive,3.29,good,184.0,2012-05-24 00:00:00,"Lake Robert 27-kv, dom 23, Tashkent","responsibility, person",laptop,HP,2022.0,,,,,,,,Tashkent,Lake Robert,
691,Clinton Walton,20,Female,,+1-019-568-6502,South Aliciamouth,Incorrect email format,2024-05-12 00:00:00,Data science,,inactive,3.29,good,184.0,2012-05-24 00:00:00,"Lake Robert 27-kv, dom 23, Tashkent","responsibility, person",phone,Apple,2018.0,,,,,,,,Tashkent,Lake Robert,
692,Ryan Johnson,20,Female,,+1-500-825-2784,West Jamesfurt,christycole@hotmail.com,1993-08-21 00:00:00,Data science,100,inactive,4.5,average,283.0,2025-03-14 19:33:00,"BROKEN,ADDRESS,DATA,,,","tree, Democrat",laptop,Lenovo,2024.0,,,,,,,,,,
692,Ryan Johnson,20,Female,,+1-500-825-2784,West Jamesfurt,christycole@hotmail.com,1993-08-21 00:00:00,Data science,100,inactive,4.5,average,283.0,2025-03-14 19:33:00,"BROKEN,ADDRESS,DATA,,,","tree, Democrat",phone,Samsung,2019.0,,,,,,,,,,
693,John Martin,19,Female,95,+1-632-365-2942,Thompsonmouth,Incorrect email format,2023-06-02 04:43:42,Python,100,inactive,0.0,excellent,254.0,1982-01-14 00:00:00,"99339 Daniel Plains Suite 713, Carterstad","yeah, stay",laptop,HP,2018.0,,,,,,,,Carterstad,,
693,John Martin,19,Female,95,+1-632-365-2942,Thompsonmouth,Incorrect email format,2023-06-02 04:43:42,Python,100,inactive,0.0,excellent,254.0,1982-01-14 00:00:00,"99339 Daniel Plains Suite 713, Carterstad","yeah, stay",phone,Apple,2024.0,,,,,,,,Carterstad,,
694,Unknown,,Female,,Unknown,Mcdonaldmouth,adamsandrew@sharp.biz,2003-10-01 00:00:00,Python,100,pending,1.68,good,113.0,1999-09-11 02:34:00,"West Matthewfurt 15-kv, dom 32, Tashkent",,,,,,,,,,,,Tashkent,West Matthewfurt,
695,Unknown,18,Female,70,Unknown,West Patrickchester,vthompson@lewis.com,1995-07-13 00:00:00,Python,83,inactive,2.0,good,208.0,1972-05-01 21:41:00,"19337 Fitzgerald Rapids Suite 180, Tiffanytown",,,,,,,,,,,,Tiffanytown,,
696,Unknown,22,Male,90,Unknown,Hermanhaven,Incorrect email format,2023-01-22 01:22:53,Data science,,inactive,4.5,average,73.0,1997-06-04 06:01:00,"615 Freeman Camp, Sandersberg","civil, follow",laptop,Lenovo,2022.0,,,,,,,,Sandersberg,,
696,Unknown,22,Male,90,Unknown,Hermanhaven,Incorrect email format,2023-01-22 01:22:53,Data science,,inactive,4.5,average,73.0,1997-06-04 06:01:00,"615 Freeman Camp, Sandersberg","civil, follow",phone,Samsung,2022.0,,,,,,,,Sandersberg,,
697,Unknown,20,Unknown,93,+1-692-879-0399,Watsonbury,Incorrect email format,1998-06-04 00:00:00,Data science,,inactive,,good,203.0,1985-12-20 00:00:00,"1505 Moon Shore, Smithchester",,,,,,,,,,,,Smithchester,,
698,Theresa King,19,Male,91,+1-424-622-7514,Hurleyburgh,Incorrect email format,1977-07-25 14:23:23,Data science,,active,1.22,excellent,226.0,1977-05-28 23:01:00,"BROKEN,ADDRESS,DATA,,,",,,,,,,,,,,,,,
699,Charles White,20,Female,90,+1-703-025-7395,New Antonio,Incorrect email format,2022-05-08 12:54:14,Data science,100,inactive,2.0,,225.0,2019-12-19 00:00:00,"Apartment 1, Fisherbury district, Tashkent, UZ, 100016","side, resource",laptop,HP,2024.0,,,,,,,,Tashkent,Fisherbury,100016
699,Charles White,20,Female,90,+1-703-025-7395,New Antonio,Incorrect email format,2022-05-08 12:54:14,Data science,100,inactive,2.0,,225.0,2019-12-19 00:00:00,"Apartment 1, Fisherbury district, Tashkent, UZ, 100016","side, resource",phone,Xiaomi,2019.0,,,,,,,,Tashkent,Fisherbury,100016
700,Angela Nichols,19,Female,90,+1-315-086-7047,South Christopherberg,Incorrect email format,2014-03-04 00:00:00,Python,,inactive,0.0,good,56.0,2010-04-01 00:00:00,"West Sara 6-kv, dom 12, Tashkent","vote, speak",laptop,HP,2015.0,,,,,,,,Tashkent,West Sara,
700,Angela Nichols,19,Female,90,+1-315-086-7047,South Christopherberg,Incorrect email format,2014-03-04 00:00:00,Python,,inactive,0.0,good,56.0,2010-04-01 00:00:00,"West Sara 6-kv, dom 12, Tashkent","vote, speak",phone,Apple,2022.0,,,,,,,,Tashkent,West Sara,
701,Unknown,20,Female,,+1-376-610-9989,North Kimberlymouth,Incorrect email format,1990-07-26 00:00:00,Data science,100,pending,,,102.0,2000-08-15 00:00:00,"BROKEN,ADDRESS,DATA,,,",,,,,,,,,,,,,,
702,Megan Lester,18,Female,90,+1-610-729-2481,Port Victoria,Incorrect email format,1976-05-25 00:00:00,Data science,67,pending,3.2,excellent,106.0,1997-02-17 11:19:00,"BROKEN,ADDRESS,DATA,,,",,,,,,,,,,,,,,
703,Unknown,19,Male,55,+1-962-606-3863,Colemanmouth,Incorrect email format,1999-10-30 00:00:00,Data science,100,inactive,,excellent,217.0,1976-10-31 00:00:00,"North Zacharyville 23-kv, dom 2, Tashkent",,,,,,,,,,,,Tashkent,North Zacharyville,
704,Unknown,,Female,90,+1-549-099-9472,Rogersbury,bkim@hotmail.com,2000-06-10 00:00:00,Data science,99,inactive,4.5,,246.0,2015-12-01 10:53:11,"BROKEN,ADDRESS,DATA,,,","create, kind",laptop,Dell,2016.0,,,,,,,,,,
704,Unknown,,Female,90,+1-549-099-9472,Rogersbury,bkim@hotmail.com,2000-06-10 00:00:00,Data science,99,inactive,4.5,,246.0,2015-12-01 10:53:11,"BROKEN,ADDRESS,DATA,,,","create, kind",phone,Xiaomi,2018.0,,,,,,,,,,
705,Blake Schneider,22,Female,50,+1-416-205-3111,North Paultown,Incorrect email format,1985-10-08 00:00:00,Data science,100,inactive,3.7,excellent,93.0,2011-02-09 05:02:20,"BROKEN,ADDRESS,DATA,,,",,,,,,,,,,,,,,
706,Jessica Mann,20,Male,96,+1-267-135-3325,Brookefort,Incorrect email format,1981-01-01 14:52:58,Other,100,active,,good,264.0,1988-09-20 12:48:00,"BROKEN,ADDRESS,DATA,,,","side, with",laptop,Dell,2021.0,,,,,,,,,,
706,Jessica Mann,20,Male,96,+1-267-135-3325,Brookefort,Incorrect email format,1981-01-01 14:52:58,Other,100,active,,good,264.0,1988-09-20 12:48:00,"BROKEN,ADDRESS,DATA,,,","side, with",phone,Apple,2018.0,,,,,,,,,,
707,Ronald Bowman,18,Female,,+1-763-790-1275,Sharonhaven,Incorrect email format,2022-04-28 03:04:10,Data science,,pending,2.78,,243.0,1997-07-28 01:41:45,"48855 Griffith Flats Apt. 769, Port Lindseymouth","let, option",laptop,Dell,2024.0,,,,,,,,Port Lindseymouth,,
707,Ronald Bowman,18,Female,,+1-763-790-1275,Sharonhaven,Incorrect email format,2022-04-28 03:04:10,Data science,,pending,2.78,,243.0,1997-07-28 01:41:45,"48855 Griffith Flats Apt. 769, Port Lindseymouth","let, option",phone,Samsung,2019.0,,,,,,,,Port Lindseymouth,,
708,Unknown,21,Male,70,+1-850-380-1632,Lake Jonathan,Incorrect email format,2024-05-20 00:00:00,Data science,65,inactive,2.74,good,72.0,1987-12-20 00:00:00,"5025 Stephanie Tunnel Apt. 091, Paulbury","your, likely",laptop,HP,2018.0,,,,,,,,Paulbury,,
708,Unknown,21,Male,70,+1-850-380-1632,Lake Jonathan,Incorrect email format,2024-05-20 00:00:00,Data science,65,inactive,2.74,good,72.0,1987-12-20 00:00:00,"5025 Stephanie Tunnel Apt. 091, Paulbury","your, likely",phone,Samsung,2019.0,,,,,,,,Paulbury,,
709,Amanda Cortez,20,Female,89,+1-275-427-6850,South Jeffrey,Incorrect email format,2023-08-19 12:39:40,Data science,91,inactive,3.7,good,142.0,2024-04-05 00:00:00,"BROKEN,ADDRESS,DATA,,,","assume, month",laptop,Lenovo,2020.0,,,,,,,,,,
709,Amanda Cortez,20,Female,89,+1-275-427-6850,South Jeffrey,Incorrect email format,2023-08-19 12:39:40,Data science,91,inactive,3.7,good,142.0,2024-04-05 00:00:00,"BROKEN,ADDRESS,DATA,,,","assume, month",phone,Xiaomi,2022.0,,,,,,,,,,
710,Amber Brock,20,Unknown,,Unknown,Mirandaville,brianbenson@yahoo.com,2022-01-27 16:31:06,Data science,100,active,0.0,average,191.0,1996-12-07 00:00:00,"986 Brown Cliff Apt. 309, New Gregory",,,,,,,,,,,,New Gregory,,
711,Unknown,20,Female,62,Unknown,West Mark,codycarroll@hotmail.com,2023-05-28 01:51:10,Data science,100,pending,,excellent,95.0,2024-03-30 06:45:00,"696 Roth Falls Suite 393, Port Joseph","our, thing",laptop,Lenovo,2020.0,,,,,,,,Port Joseph,,
711,Unknown,20,Female,62,Unknown,West Mark,codycarroll@hotmail.com,2023-05-28 01:51:10,Data science,100,pending,,excellent,95.0,2024-03-30 06:45:00,"696 Roth Falls Suite 393, Port Joseph","our, thing",phone,Apple,2020.0,,,,,,,,Port Joseph,,
712,Mr. Timothy Herrera,18,Female,,+1-316-265-1050,East Tammy,Incorrect email format,2022-12-28 14:26:00,Data science,77,pending,0.0,good,64.0,1989-09-30 00:00:00,"Apartment 13, Cobbfort district, Tashkent, UZ, 100837","manage, nature",laptop,Dell,2024.0,,,,,,,,Tashkent,Cobbfort,100837
712,Mr. Timothy Herrera,18,Female,,+1-316-265-1050,East Tammy,Incorrect email format,2022-12-28 14:26:00,Data science,77,pending,0.0,good,64.0,1989-09-30 00:00:00,"Apartment 13, Cobbfort district, Tashkent, UZ, 100837","manage, nature",phone,Samsung,2018.0,,,,,,,,Tashkent,Cobbfort,100837
713,Johnny Alexander,18,Unknown,90,Unknown,Port Natashastad,Incorrect email format,1974-03-26 20:31:00,Python,100,inactive,0.0,excellent,243.0,1977-08-16 00:00:00,UZ 100627 Tashkent Burkeside,"of, wrong",laptop,Lenovo,2015.0,,,,,,,,Tashkent,Burkeside,100627
713,Johnny Alexander,18,Unknown,90,Unknown,Port Natashastad,Incorrect email format,1974-03-26 20:31:00,Python,100,inactive,0.0,excellent,243.0,1977-08-16 00:00:00,UZ 100627 Tashkent Burkeside,"of, wrong",phone,Samsung,2024.0,,,,,,,,Tashkent,Burkeside,100627
714,Marcus Sanchez,21,Female,90,Unknown,Lake Jasonmouth,Incorrect email format,1980-07-14 00:00:00,Data science,,pending,,excellent,58.0,2018-11-06 10:50:00,UZ 100938 Tashkent New Aliciaview,"save, beat",laptop,HP,2024.0,,,,,,,,Tashkent,New Aliciaview,100938
714,Marcus Sanchez,21,Female,90,Unknown,Lake Jasonmouth,Incorrect email format,1980-07-14 00:00:00,Data science,,pending,,excellent,58.0,2018-11-06 10:50:00,UZ 100938 Tashkent New Aliciaview,"save, beat",phone,Xiaomi,2021.0,,,,,,,,Tashkent,New Aliciaview,100938
715,Brian Payne,18,Male,81,+1-307-853-9838,New Mary,Incorrect email format,1991-03-02 00:00:00,Data science,100,pending,,average,143.0,1976-03-03 00:00:00,"26959 Mark Coves Apt. 082, North Thomasberg","PM, toward",laptop,Dell,2020.0,,,,,,,,North Thomasberg,,
715,Brian Payne,18,Male,81,+1-307-853-9838,New Mary,Incorrect email format,1991-03-02 00:00:00,Data science,100,pending,,average,143.0,1976-03-03 00:00:00,"26959 Mark Coves Apt. 082, North Thomasberg","PM, toward",phone,Apple,2024.0,,,,,,,,North Thomasberg,,
716,Kathy Wright,20,Male,90,Unknown,West Davidchester,Incorrect email format,2022-06-28 00:00:00,Data science,100,active,0.0,excellent,82.0,1991-04-15 00:00:00,"BROKEN,ADDRESS,DATA,,,","when, avoid",laptop,Dell,2017.0,,,,,,,,,,
716,Kathy Wright,20,Male,90,Unknown,West Davidchester,Incorrect email format,2022-06-28 00:00:00,Data science,100,active,0.0,excellent,82.0,1991-04-15 00:00:00,"BROKEN,ADDRESS,DATA,,,","when, avoid",phone,Samsung,2019.0,,,,,,,,,,
717,Unknown,20,Female,,+1-016-363-9556,Lake Rebecca,Incorrect email format,2022-05-02 10:28:02,Data science,,pending,,good,210.0,2022-08-10 09:16:22,"Apartment 4, South Christopher district, Tashkent, UZ, 100917","to, name",laptop,Lenovo,2022.0,,,,,,,,Tashkent,South Christopher,100917
717,Unknown,20,Female,,+1-016-363-9556,Lake Rebecca,Incorrect email format,2022-05-02 10:28:02,Data science,,pending,,good,210.0,2022-08-10 09:16:22,"Apartment 4, South Christopher district, Tashkent, UZ, 100917","to, name",phone,Xiaomi,2020.0,,,,,,,,Tashkent,South Christopher,100917
718,Sara Contreras,18,Unknown,,+1-239-890-6741,Port Meganberg,Incorrect email format,2022-10-04 14:39:54,Data science,100,pending,0.0,,79.0,1970-08-16 00:00:00,UZ 100007 Tashkent Mclaughlinstad,"foreign, school",laptop,HP,2023.0,,,,,,,,Tashkent,Mclaughlinstad,100007
718,Sara Contreras,18,Unknown,,+1-239-890-6741,Port Meganberg,Incorrect email format,2022-10-04 14:39:54,Data science,100,pending,0.0,,79.0,1970-08-16 00:00:00,UZ 100007 Tashkent Mclaughlinstad,"foreign, school",phone,Apple,2023.0,,,,,,,,Tashkent,Mclaughlinstad,100007
719,Rodney Jackson,20,Unknown,87,+1-959-900-7842,Ramirezchester,ann40@morales-wolf.com,1998-11-09 00:00:00,Data science,100,inactive,3.7,average,54.0,1985-04-13 00:00:00,"Apartment 20, North Katieville district, Tashkent, UZ, 100714",,,,,,,,,,,,Tashkent,North Katieville,100714
720,Amanda Miller,18,Male,68,Unknown,West Matthewshire,Incorrect email format,2009-06-16 00:00:00,Data science,100,pending,0.0,average,240.0,2008-12-02 18:43:00,UZ 100243 Tashkent Meganhaven,,,,,,,,,,,,Tashkent,Meganhaven,100243
721,Cody Wilson,19,Female,95,+1-113-509-6348,North Kristin,daviskevin@aguilar-moran.com,2022-06-13 04:10:10,Python,100,pending,0.0,,193.0,1979-09-24 06:40:43,UZ 100355 Tashkent New Jenniferport,"place, become",laptop,Dell,2019.0,,,,,,,,Tashkent,New Jenniferport,100355
721,Cody Wilson,19,Female,95,+1-113-509-6348,North Kristin,daviskevin@aguilar-moran.com,2022-06-13 04:10:10,Python,100,pending,0.0,,193.0,1979-09-24 06:40:43,UZ 100355 Tashkent New Jenniferport,"place, become",phone,Xiaomi,2021.0,,,,,,,,Tashkent,New Jenniferport,100355
722,Danielle Brown,19,Unknown,77,+1-032-351-1177,Gibsonport,Incorrect email format,2002-12-06 00:00:00,Data science,81,pending,,excellent,57.0,1980-03-31 00:00:00,"BROKEN,ADDRESS,DATA,,,",,,,,,,,,,,,,,
723,William Davis,18,Male,,+1-896-831-1482,Scottfurt,Incorrect email format,2023-11-14 00:00:00,Other,61,inactive,0.0,excellent,102.0,1976-09-03 23:57:00,"Apartment 5, West Austin district, Tashkent, UZ, 100839","off, because",laptop,Lenovo,2023.0,,,,,,,,Tashkent,West Austin,100839
723,William Davis,18,Male,,+1-896-831-1482,Scottfurt,Incorrect email format,2023-11-14 00:00:00,Other,61,inactive,0.0,excellent,102.0,1976-09-03 23:57:00,"Apartment 5, West Austin district, Tashkent, UZ, 100839","off, because",phone,Apple,2023.0,,,,,,,,Tashkent,West Austin,100839
724,James Perez,20,Female,82,+1-326-340-6267,East Andrew,Incorrect email format,1980-03-14 00:00:00,Data science,,inactive,,average,60.0,1970-12-19 00:00:00,"63452 Johnny Ports Suite 957, North Maria",,,,,,,,,,,,North Maria,,
725,Ashley Harper,18,Male,,+1-662-376-7419,Franciscobury,katherine53@phillips.com,1983-10-04 20:48:03,Data science,100,active,0.0,,260.0,2022-11-04 05:31:42,UZ 100448 Tashkent North Marytown,,,,,,,,,,,,Tashkent,North Marytown,100448
726,Jason Cunningham,20,Female,63,+1-390-644-9769,Williamsonstad,Incorrect email format,2024-08-10 00:00:00,Data science,100,active,4.5,average,263.0,2022-08-26 12:24:35,"BROKEN,ADDRESS,DATA,,,",,,,,,,,,,,,,,
727,Molly Hernandez,19,Male,75,+1-142-437-5779,Port Heatherbury,Incorrect email format,2000-11-30 00:00:00,Data science,62,active,3.7,,194.0,1986-06-05 21:08:00,"479 Kimberly Dale Apt. 159, Newtonstad","society, sometimes",laptop,HP,2022.0,,,,,,,,Newtonstad,,
727,Molly Hernandez,19,Male,75,+1-142-437-5779,Port Heatherbury,Incorrect email format,2000-11-30 00:00:00,Data science,62,active,3.7,,194.0,1986-06-05 21:08:00,"479 Kimberly Dale Apt. 159, Newtonstad","society, sometimes",phone,Samsung,2022.0,,,,,,,,Newtonstad,,
728,Unknown,18,Male,90,Unknown,West Tammie,Incorrect email format,1998-09-18 04:51:00,Data science,,inactive,,excellent,62.0,2022-11-25 23:42:00,"BROKEN,ADDRESS,DATA,,,","whole, century",laptop,HP,2016.0,,,,,,,,,,
728,Unknown,18,Male,90,Unknown,West Tammie,Incorrect email format,1998-09-18 04:51:00,Data science,,inactive,,excellent,62.0,2022-11-25 23:42:00,"BROKEN,ADDRESS,DATA,,,","whole, century",phone,Apple,2023.0,,,,,,,,,,
729,Glenn Nguyen,21,Unknown,65,+1-625-645-7646,Davidland,Incorrect email format,2010-10-30 00:00:00,Python,,pending,4.5,average,180.0,2005-01-15 00:00:00,"2360 Bass Gateway, Port Wesley",,,,,,,,,,,,Port Wesley,,
730,Unknown,18,Male,81,+1-154-940-4835,Lake Joseph,bdelgado@gmail.com,2020-04-02 00:00:00,Other,,active,0.0,good,58.0,1990-01-07 20:29:00,UZ 100825 Tashkent Carlosberg,,,,,,,,,,,,Tashkent,Carlosberg,100825
731,Janet Mueller,20,Male,90,Unknown,Greerhaven,Incorrect email format,2022-03-03 10:50:42,Data science,100,inactive,0.0,excellent,69.0,1980-11-07 23:05:00,"031 Annette Harbors Suite 552, Ellisview",,,,,,,,,,,,Ellisview,,
732,Andrea Parsons,19,Male,76,+1-853-323-0304,Robertstad,Incorrect email format,2012-09-04 21:49:24,Python,100,inactive,2.0,excellent,219.0,2002-11-05 17:42:04,"Brianberg 11-kv, dom 28, Tashkent",,,,,,,,,,,,Tashkent,Brianberg,
733,Ann Ford,18,Female,68,+1-562-185-2442,Nealmouth,Incorrect email format,2018-01-24 00:00:00,Python,,active,3.7,excellent,193.0,2011-02-20 00:00:00,"BROKEN,ADDRESS,DATA,,,","deep, understand",laptop,HP,2017.0,,,,,,,,,,
733,Ann Ford,18,Female,68,+1-562-185-2442,Nealmouth,Incorrect email format,2018-01-24 00:00:00,Python,,active,3.7,excellent,193.0,2011-02-20 00:00:00,"BROKEN,ADDRESS,DATA,,,","deep, understand",phone,Xiaomi,2019.0,,,,,,,,,,
734,Unknown,20,Unknown,,Unknown,Port Joshuaborough,Incorrect email format,1990-06-18 00:00:00,Python,100,inactive,4.5,,182.0,1980-07-30 00:00:00,"34007 Young Courts, South Kennethborough","wait, reduce",laptop,HP,2024.0,,,,,,,,South Kennethborough,,
734,Unknown,20,Unknown,,Unknown,Port Joshuaborough,Incorrect email format,1990-06-18 00:00:00,Python,100,inactive,4.5,,182.0,1980-07-30 00:00:00,"34007 Young Courts, South Kennethborough","wait, reduce",phone,Samsung,2020.0,,,,,,,,South Kennethborough,,
735,Jeffrey Harper,19,Female,,Unknown,North Jameston,Incorrect email format,2001-07-25 12:59:00,Data science,100,pending,4.5,excellent,71.0,2006-09-28 00:00:00,"BROKEN,ADDRESS,DATA,,,",,,,,,,,,,,,,,
736,Roy Buchanan,18,Unknown,90,+1-180-674-9803,South Ivanland,lisa49@gilbert-morris.com,2019-09-22 04:47:00,Data science,,inactive,2.0,good,292.0,1977-03-22 00:00:00,UZ 100284 Tashkent South Elizabethburgh,"must, add",laptop,Lenovo,2024.0,,,,,,,,Tashkent,South Elizabethburgh,100284
736,Roy Buchanan,18,Unknown,90,+1-180-674-9803,South Ivanland,lisa49@gilbert-morris.com,2019-09-22 04:47:00,Data science,,inactive,2.0,good,292.0,1977-03-22 00:00:00,UZ 100284 Tashkent South Elizabethburgh,"must, add",phone,Apple,2019.0,,,,,,,,Tashkent,South Elizabethburgh,100284
737,Kimberly Mckinney,22,Female,,Unknown,Josephton,Incorrect email format,1982-12-28 00:00:00,Data science,100,active,1.15,excellent,120.0,2021-08-07 08:47:09,"BROKEN,ADDRESS,DATA,,,",,,,,,,,,,,,,,
738,Richard Todd,22,Female,,+1-262-772-2943,Darrylland,Incorrect email format,2017-11-21 00:00:00,Python,,pending,,average,233.0,2022-07-25 13:25:47,"37735 Mendoza Extensions Suite 641, Port Brian",,,,,,,,,,,,Port Brian,,
739,Joshua Phillips,18,Male,,Unknown,Ingramview,stephen59@love.com,2013-09-01 00:00:00,Data science,100,pending,,excellent,67.0,1995-02-03 00:00:00,"Apartment 21, North Amandachester district, Tashkent, UZ, 100894",,,,,,,,,,,,Tashkent,North Amandachester,100894
740,Unknown,20,Male,69,+1-621-763-5302,Stephenfurt,gibsonjacob@garcia-curtis.info,1989-12-02 00:00:00,Data science,100,active,3.7,good,110.0,1992-06-19 00:00:00,"BROKEN,ADDRESS,DATA,,,","also, suggest",laptop,Lenovo,2017.0,,,,,,,,,,
740,Unknown,20,Male,69,+1-621-763-5302,Stephenfurt,gibsonjacob@garcia-curtis.info,1989-12-02 00:00:00,Data science,100,active,3.7,good,110.0,1992-06-19 00:00:00,"BROKEN,ADDRESS,DATA,,,","also, suggest",phone,Apple,2021.0,,,,,,,,,,
741,Melinda Wright,19,Unknown,56,Unknown,East Jason,Incorrect email format,1992-03-25 00:00:00,Python,100,active,,average,96.0,1985-02-20 16:33:10,"Port Angelfort 6-kv, dom 20, Tashkent","as, job",laptop,Lenovo,2019.0,,,,,,,,Tashkent,Port Angelfort,
741,Melinda Wright,19,Unknown,56,Unknown,East Jason,Incorrect email format,1992-03-25 00:00:00,Python,100,active,,average,96.0,1985-02-20 16:33:10,"Port Angelfort 6-kv, dom 20, Tashkent","as, job",phone,Samsung,2018.0,,,,,,,,Tashkent,Port Angelfort,
742,Jonathan Anderson,22,Male,77,Unknown,New Dawnshire,Incorrect email format,2012-10-26 00:00:00,Data science,,pending,2.0,excellent,283.0,1991-09-13 00:00:00,"Apartment 49, Lisastad district, Tashkent, UZ, 100302","page, Congress",laptop,Lenovo,2021.0,,,,,,,,Tashkent,Lisastad,100302
742,Jonathan Anderson,22,Male,77,Unknown,New Dawnshire,Incorrect email format,2012-10-26 00:00:00,Data science,,pending,2.0,excellent,283.0,1991-09-13 00:00:00,"Apartment 49, Lisastad district, Tashkent, UZ, 100302","page, Congress",phone,Apple,2020.0,,,,,,,,Tashkent,Lisastad,100302
743,Richard Rogers,19,Unknown,,+1-822-405-4295,Port Wandashire,yanggary@miles-morris.info,2014-01-03 00:00:00,Python,100,active,3.7,good,133.0,2021-04-07 15:48:00,UZ 100742 Tashkent Port Martha,,,,,,,,,,,,Tashkent,Port Martha,100742
744,Jonathan Stevens,18,Male,70,Unknown,Andreafurt,Incorrect email format,1992-01-28 00:00:00,Data science,,active,,excellent,214.0,2013-06-26 00:41:00,"Courtneyport 16-kv, dom 13, Tashkent","course, benefit",laptop,Dell,2024.0,,,,,,,,Tashkent,Courtneyport,
744,Jonathan Stevens,18,Male,70,Unknown,Andreafurt,Incorrect email format,1992-01-28 00:00:00,Data science,,active,,excellent,214.0,2013-06-26 00:41:00,"Courtneyport 16-kv, dom 13, Tashkent","course, benefit",phone,Samsung,2019.0,,,,,,,,Tashkent,Courtneyport,
745,Lisa Murphy,21,Unknown,74,+1-502-454-7420,East Lauren,michaelwalker@erickson-martin.biz,1983-09-19 00:00:00,Other,61,active,3.7,good,76.0,1972-12-05 00:00:00,"13169 Davis Knolls, Castroland","player, daughter",laptop,Dell,2022.0,,,,,,,,Castroland,,
745,Lisa Murphy,21,Unknown,74,+1-502-454-7420,East Lauren,michaelwalker@erickson-martin.biz,1983-09-19 00:00:00,Other,61,active,3.7,good,76.0,1972-12-05 00:00:00,"13169 Davis Knolls, Castroland","player, daughter",phone,Xiaomi,2021.0,,,,,,,,Castroland,,
746,Sherri Alexander,21,Female,57,+1-215-490-4363,Brownchester,pattersonmarie@yahoo.com,2010-02-18 00:00:00,Data science,100,inactive,,good,185.0,1990-11-11 00:00:00,"41485 Roach Park Suite 766, Joshuahaven","learn, any",laptop,Lenovo,2024.0,,,,,,,,Joshuahaven,,
746,Sherri Alexander,21,Female,57,+1-215-490-4363,Brownchester,pattersonmarie@yahoo.com,2010-02-18 00:00:00,Data science,100,inactive,,good,185.0,1990-11-11 00:00:00,"41485 Roach Park Suite 766, Joshuahaven","learn, any",phone,Apple,2018.0,,,,,,,,Joshuahaven,,
747,Unknown,20,Male,84,Unknown,Sabrinamouth,austin07@compton-johnson.com,2022-06-22 23:39:42,Python,87,inactive,0.0,good,205.0,1999-10-29 00:00:00,"8768 Tracy Wall Apt. 624, North Yolanda",,,,,,,,,,,,North Yolanda,,
748,Tonya Bruce,18,Unknown,63,Unknown,Westhaven,davidlamb@long-nunez.com,1972-07-24 00:00:00,Data science,100,inactive,3.7,average,254.0,2004-07-31 00:00:00,"Pottsstad 30-kv, dom 38, Tashkent",,,,,,,,,,,,Tashkent,Pottsstad,
749,Jason Mack,20,Male,74,+1-453-192-7531,Derekmouth,millerpatrick@leach.info,2021-10-14 03:41:53,Data science,100,active,0.0,,188.0,2000-11-11 01:10:00,"Ruthfort 25-kv, dom 28, Tashkent",,,,,,,,,,,,Tashkent,Ruthfort,
750,Brandon Ryan,20,Male,83,Unknown,Potterborough,Incorrect email format,2008-12-27 15:44:41,Data science,100,pending,,good,174.0,2011-03-03 00:00:00,"5988 James Views, Mccormickhaven",,,,,,,,,,,,Mccormickhaven,,
751,Unknown,20,Female,93,+1-629-612-1459,Alexanderview,Incorrect email format,2014-07-31 23:32:00,Python,100,inactive,4.5,good,74.0,1986-10-21 00:00:00,UZ 100245 Tashkent New Diamond,"land, break",laptop,HP,2024.0,,,,,,,,Tashkent,New Diamond,100245
751,Unknown,20,Female,93,+1-629-612-1459,Alexanderview,Incorrect email format,2014-07-31 23:32:00,Python,100,inactive,4.5,good,74.0,1986-10-21 00:00:00,UZ 100245 Tashkent New Diamond,"land, break",phone,Xiaomi,2023.0,,,,,,,,Tashkent,New Diamond,100245
752,Erica Stark,22,Female,90,Unknown,East Donald,Incorrect email format,1981-03-03 00:00:00,Data science,99,active,4.5,excellent,264.0,2022-05-29 16:33:01,UZ 100332 Tashkent Kaylastad,"agent, poor",laptop,Lenovo,2019.0,,,,,,,,Tashkent,Kaylastad,100332
752,Erica Stark,22,Female,90,Unknown,East Donald,Incorrect email format,1981-03-03 00:00:00,Data science,99,active,4.5,excellent,264.0,2022-05-29 16:33:01,UZ 100332 Tashkent Kaylastad,"agent, poor",phone,Xiaomi,2021.0,,,,,,,,Tashkent,Kaylastad,100332
753,Unknown,20,Male,63,+1-416-237-9974,Port Christopherside,Incorrect email format,2015-12-12 00:00:00,Data science,,inactive,3.19,good,164.0,2018-01-30 06:48:00,"South Juliaburgh 19-kv, dom 9, Tashkent",,,,,,,,,,,,Tashkent,South Juliaburgh,
754,Sarah Herrera,18,Male,,+1-557-907-2856,Port Elizabethshire,Incorrect email format,2015-12-02 00:00:00,Data science,100,inactive,0.0,excellent,95.0,2000-08-01 00:00:00,UZ 100158 Tashkent Katherinechester,,,,,,,,,,,,Tashkent,Katherinechester,100158
755,Rebecca Williams,22,Female,57,+1-898-857-4205,South Joshuaburgh,Incorrect email format,1981-05-05 22:20:00,Data science,100,active,,excellent,139.0,1977-10-17 00:00:00,"East John 7-kv, dom 28, Tashkent","blood, general",laptop,Dell,2018.0,,,,,,,,Tashkent,East John,
755,Rebecca Williams,22,Female,57,+1-898-857-4205,South Joshuaburgh,Incorrect email format,1981-05-05 22:20:00,Data science,100,active,,excellent,139.0,1977-10-17 00:00:00,"East John 7-kv, dom 28, Tashkent","blood, general",phone,Apple,2021.0,,,,,,,,Tashkent,East John,
756,Unknown,19,Female,68,+1-784-022-4979,Ballardstad,Incorrect email format,2008-02-11 00:00:00,Data science,,active,4.5,,181.0,2008-03-19 13:45:07,UZ 100780 Tashkent Lake Timothy,"whether, size",laptop,Dell,2024.0,,,,,,,,Tashkent,Lake Timothy,100780
756,Unknown,19,Female,68,+1-784-022-4979,Ballardstad,Incorrect email format,2008-02-11 00:00:00,Data science,,active,4.5,,181.0,2008-03-19 13:45:07,UZ 100780 Tashkent Lake Timothy,"whether, size",phone,Xiaomi,2019.0,,,,,,,,Tashkent,Lake Timothy,100780
757,Unknown,19,Male,92,Unknown,Port Vickie,Incorrect email format,1994-07-24 00:00:00,Data science,,inactive,,excellent,178.0,1979-07-16 00:00:00,"BROKEN,ADDRESS,DATA,,,","product, class",laptop,HP,2023.0,,,,,,,,,,
757,Unknown,19,Male,92,Unknown,Port Vickie,Incorrect email format,1994-07-24 00:00:00,Data science,,inactive,,excellent,178.0,1979-07-16 00:00:00,"BROKEN,ADDRESS,DATA,,,","product, class",phone,Samsung,2020.0,,,,,,,,,,
758,Kevin Chavez,20,Male,,Unknown,Paultown,Incorrect email format,2023-10-17 09:26:29,Python,92,active,4.5,,118.0,1979-08-03 00:00:00,"38279 Johnson Junctions Apt. 058, Hopkinsshire","often, seat",laptop,Dell,2018.0,,,,,,,,Hopkinsshire,,
758,Kevin Chavez,20,Male,,Unknown,Paultown,Incorrect email format,2023-10-17 09:26:29,Python,92,active,4.5,,118.0,1979-08-03 00:00:00,"38279 Johnson Junctions Apt. 058, Hopkinsshire","often, seat",phone,Xiaomi,2019.0,,,,,,,,Hopkinsshire,,
759,Leslie Hubbard,21,Unknown,,+1-413-158-1431,Lake Jonport,harpersharon@yahoo.com,1971-12-17 00:00:00,Data science,100,pending,,good,117.0,1995-12-08 00:00:00,"58426 James Burg, Markmouth",,,,,,,,,,,,Markmouth,,
760,Tracey Fields,18,Male,87,+1-389-103-3742,East Jonathanbury,Incorrect email format,2006-03-05 00:00:00,Data science,100,pending,3.99,average,195.0,1998-12-16 00:00:00,"74126 Smith Drives, North Geoffreyburgh",,,,,,,,,,,,North Geoffreyburgh,,
761,Unknown,18,Male,90,+1-792-414-6936,Clarkport,mackenzie10@gmail.com,2011-04-10 17:37:29,Python,,inactive,3.7,excellent,62.0,1978-08-18 00:00:00,"18410 Richard Orchard Suite 816, Charlesside",,,,,,,,,,,,Charlesside,,
762,William Stewart,22,Female,,Unknown,Evansmouth,Incorrect email format,2019-12-16 07:48:05,Python,95,pending,4.5,excellent,159.0,1978-02-20 00:00:00,"Apartment 32, Lake Christopher district, Tashkent, UZ, 100248","whose, floor",laptop,Dell,2023.0,,,,,,,,Tashkent,Lake Christopher,100248
762,William Stewart,22,Female,,Unknown,Evansmouth,Incorrect email format,2019-12-16 07:48:05,Python,95,pending,4.5,excellent,159.0,1978-02-20 00:00:00,"Apartment 32, Lake Christopher district, Tashkent, UZ, 100248","whose, floor",phone,Xiaomi,2019.0,,,,,,,,Tashkent,Lake Christopher,100248
763,Unknown,20,Male,94,Unknown,East Jenniferton,Incorrect email format,2016-09-29 00:00:00,Other,100,inactive,,excellent,233.0,1983-06-23 00:00:00,"03154 Jessica Islands Apt. 709, New Kennethton","society, money",laptop,Dell,2021.0,,,,,,,,New Kennethton,,
763,Unknown,20,Male,94,Unknown,East Jenniferton,Incorrect email format,2016-09-29 00:00:00,Other,100,inactive,,excellent,233.0,1983-06-23 00:00:00,"03154 Jessica Islands Apt. 709, New Kennethton","society, money",phone,Apple,2022.0,,,,,,,,New Kennethton,,
764,Unknown,19,Female,90,Unknown,West Jessicafort,james82@smith.com,2014-07-07 06:59:14,Data science,,active,,excellent,251.0,2002-06-19 00:00:00,UZ 100103 Tashkent East Amberburgh,"ask, threat",laptop,Lenovo,2023.0,,,,,,,,Tashkent,East Amberburgh,100103
764,Unknown,19,Female,90,Unknown,West Jessicafort,james82@smith.com,2014-07-07 06:59:14,Data science,,active,,excellent,251.0,2002-06-19 00:00:00,UZ 100103 Tashkent East Amberburgh,"ask, threat",phone,Xiaomi,2018.0,,,,,,,,Tashkent,East Amberburgh,100103
765,Tammy Garcia,18,Unknown,90,Unknown,South Dorischester,Incorrect email format,2010-04-24 00:00:00,Data science,100,pending,,excellent,197.0,2005-12-10 00:00:00,"57963 Rachel Lock, Kevinhaven","mind, even",laptop,HP,2018.0,,,,,,,,Kevinhaven,,
765,Tammy Garcia,18,Unknown,90,Unknown,South Dorischester,Incorrect email format,2010-04-24 00:00:00,Data science,100,pending,,excellent,197.0,2005-12-10 00:00:00,"57963 Rachel Lock, Kevinhaven","mind, even",phone,Apple,2021.0,,,,,,,,Kevinhaven,,
766,Mr. Andre Miller,21,Female,,+1-076-315-1587,Garrettstad,Incorrect email format,1973-06-17 06:27:00,Data science,65,inactive,,excellent,60.0,1990-12-29 00:00:00,UZ 100834 Tashkent South Kathrynberg,,,,,,,,,,,,Tashkent,South Kathrynberg,100834
767,Angelica Holmes,20,Male,,Unknown,Lake Matthew,Incorrect email format,2008-07-04 00:00:00,Data science,75,inactive,4.5,good,188.0,2022-01-14 01:33:05,"Apartment 39, Williamsshire district, Tashkent, UZ, 100365",,,,,,,,,,,,Tashkent,Williamsshire,100365
768,Jonathan Doyle,20,Female,76,+1-753-657-7382,Walkerhaven,ericray@yahoo.com,2022-11-11 07:54:28,Python,,active,0.0,average,123.0,2024-08-03 00:00:00,"BROKEN,ADDRESS,DATA,,,",,,,,,,,,,,,,,
769,Unknown,20,Female,90,Unknown,Saraville,Incorrect email format,2012-08-16 21:43:55,Data science,,inactive,1.54,good,279.0,1991-12-10 00:00:00,"East Alexchester 14-kv, dom 31, Tashkent","test, reveal",laptop,Lenovo,2023.0,,,,,,,,Tashkent,East Alexchester,
769,Unknown,20,Female,90,Unknown,Saraville,Incorrect email format,2012-08-16 21:43:55,Data science,,inactive,1.54,good,279.0,1991-12-10 00:00:00,"East Alexchester 14-kv, dom 31, Tashkent","test, reveal",phone,Apple,2023.0,,,,,,,,Tashkent,East Alexchester,
770,Gene Gill,20,Female,55,+1-874-083-3901,Port Angelberg,angeladavis@crawford.org,2024-11-23 08:36:44,Data science,,inactive,3.7,good,299.0,1985-04-24 11:22:00,UZ 100052 Tashkent Samanthatown,"money, expect",laptop,HP,2016.0,,,,,,,,Tashkent,Samanthatown,100052
770,Gene Gill,20,Female,55,+1-874-083-3901,Port Angelberg,angeladavis@crawford.org,2024-11-23 08:36:44,Data science,,inactive,3.7,good,299.0,1985-04-24 11:22:00,UZ 100052 Tashkent Samanthatown,"money, expect",phone,Samsung,2021.0,,,,,,,,Tashkent,Samanthatown,100052
771,Unknown,21,Male,90,+1-427-976-9186,Jenniferburgh,Incorrect email format,1996-09-29 00:00:00,Data science,100,active,,average,184.0,1993-12-02 22:20:25,"Pamelaburgh 11-kv, dom 21, Tashkent",,,,,,,,,,,,Tashkent,Pamelaburgh,
772,Christopher Sullivan,20,Female,77,+1-435-345-9683,Joshuaside,hunter62@vazquez-lewis.com,1988-10-16 00:00:00,Python,100,active,4.5,excellent,296.0,1991-02-09 20:50:41,UZ 100672 Tashkent East Jacobshire,"short, number",laptop,Lenovo,2024.0,,,,,,,,Tashkent,East Jacobshire,100672
772,Christopher Sullivan,20,Female,77,+1-435-345-9683,Joshuaside,hunter62@vazquez-lewis.com,1988-10-16 00:00:00,Python,100,active,4.5,excellent,296.0,1991-02-09 20:50:41,UZ 100672 Tashkent East Jacobshire,"short, number",phone,Xiaomi,2023.0,,,,,,,,Tashkent,East Jacobshire,100672
773,Tracy Austin,,Male,,Unknown,South Ivanburgh,Incorrect email format,1980-01-31 23:10:42,Data science,100,inactive,,,109.0,2022-06-24 23:18:49,UZ 100291 Tashkent West Andrew,,,,,,,,,,,,Tashkent,West Andrew,100291
774,Kristina Anderson,18,Female,89,Unknown,East Jill,jake25@mcgee.com,1991-04-21 04:36:49,Data science,79,inactive,,excellent,85.0,1994-03-13 11:19:00,"BROKEN,ADDRESS,DATA,,,","ever, down",laptop,Dell,2018.0,,,,,,,,,,
774,Kristina Anderson,18,Female,89,Unknown,East Jill,jake25@mcgee.com,1991-04-21 04:36:49,Data science,79,inactive,,excellent,85.0,1994-03-13 11:19:00,"BROKEN,ADDRESS,DATA,,,","ever, down",phone,Xiaomi,2023.0,,,,,,,,,,
775,Chelsea Thompson,18,Female,90,+1-746-584-3276,Claystad,Incorrect email format,2021-05-13 00:00:00,Data science,,inactive,2.0,good,239.0,1996-02-16 00:11:40,UZ 100223 Tashkent North Julie,"from, already",laptop,Dell,2021.0,,,,,,,,Tashkent,North Julie,100223
775,Chelsea Thompson,18,Female,90,+1-746-584-3276,Claystad,Incorrect email format,2021-05-13 00:00:00,Data science,,inactive,2.0,good,239.0,1996-02-16 00:11:40,UZ 100223 Tashkent North Julie,"from, already",phone,Samsung,2022.0,,,,,,,,Tashkent,North Julie,100223
776,Madison James,,Female,73,+1-007-598-0702,East Dylan,Incorrect email format,2007-11-01 17:58:00,Other,,inactive,3.7,good,265.0,1998-04-22 14:38:00,"BROKEN,ADDRESS,DATA,,,","paper, chance",laptop,Lenovo,2024.0,,,,,,,,,,
776,Madison James,,Female,73,+1-007-598-0702,East Dylan,Incorrect email format,2007-11-01 17:58:00,Other,,inactive,3.7,good,265.0,1998-04-22 14:38:00,"BROKEN,ADDRESS,DATA,,,","paper, chance",phone,Xiaomi,2019.0,,,,,,,,,,
777,Adam Barnes,20,Female,90,+1-116-940-6186,Lake Nicoleton,jeffrey42@kelly.com,2024-01-25 07:14:00,Data science,93,pending,3.7,excellent,176.0,2021-08-02 11:45:22,"10288 Charles Expressway, Davidshire",,,,,,,,,,,,Davidshire,,
778,Tony Holland,20,Male,,Unknown,Heathermouth,melissa71@yahoo.com,1998-07-08 00:00:00,Data science,84,active,0.0,excellent,260.0,1978-01-09 09:40:35,"0850 Norma Manor Apt. 789, Port Aprilshire",,,,,,,,,,,,Port Aprilshire,,
779,Unknown,20,Female,89,Unknown,North Jennifer,Incorrect email format,2021-01-06 06:54:32,Data science,98,active,3.7,excellent,78.0,2021-09-26 08:40:10,"Lake Katherine 9-kv, dom 42, Tashkent","forget, capital",laptop,Dell,2017.0,,,,,,,,Tashkent,Lake Katherine,
779,Unknown,20,Female,89,Unknown,North Jennifer,Incorrect email format,2021-01-06 06:54:32,Data science,98,active,3.7,excellent,78.0,2021-09-26 08:40:10,"Lake Katherine 9-kv, dom 42, Tashkent","forget, capital",phone,Xiaomi,2021.0,,,,,,,,Tashkent,Lake Katherine,
780,Elizabeth Carrillo,21,Female,89,+1-727-043-1621,Ayalaport,Incorrect email format,2020-04-28 00:00:00,Python,69,active,4.5,excellent,164.0,2009-06-19 12:52:45,"Apartment 23, East Matthew district, Tashkent, UZ, 100465",,,,,,,,,,,,Tashkent,East Matthew,100465
781,Abigail Miller,,Female,65,+1-755-855-7960,West Carl,Incorrect email format,1997-05-03 00:00:00,Data science,,pending,,average,276.0,2020-10-06 01:42:01,"South Jennifer 6-kv, dom 50, Tashkent","fine, traditional",laptop,Lenovo,2019.0,,,,,,,,Tashkent,South Jennifer,
781,Abigail Miller,,Female,65,+1-755-855-7960,West Carl,Incorrect email format,1997-05-03 00:00:00,Data science,,pending,,average,276.0,2020-10-06 01:42:01,"South Jennifer 6-kv, dom 50, Tashkent","fine, traditional",phone,Xiaomi,2022.0,,,,,,,,Tashkent,South Jennifer,
782,Erika Thompson,,Male,72,+1-325-348-6105,New Donborough,Incorrect email format,1976-03-14 00:00:00,Data science,100,pending,4.5,average,238.0,1988-06-23 00:00:00,"BROKEN,ADDRESS,DATA,,,",,,,,,,,,,,,,,
783,Richard Powell,18,Unknown,69,Unknown,Jameschester,Incorrect email format,2022-05-01 05:53:23,Data science,100,inactive,0.0,good,73.0,1973-07-25 00:00:00,"Apartment 9, Christinastad district, Tashkent, UZ, 100084","along, staff",laptop,Dell,2017.0,,,,,,,,Tashkent,Christinastad,100084
783,Richard Powell,18,Unknown,69,Unknown,Jameschester,Incorrect email format,2022-05-01 05:53:23,Data science,100,inactive,0.0,good,73.0,1973-07-25 00:00:00,"Apartment 9, Christinastad district, Tashkent, UZ, 100084","along, staff",phone,Apple,2021.0,,,,,,,,Tashkent,Christinastad,100084
784,Howard Frank,,Unknown,,+1-160-299-2499,New Shelia,Incorrect email format,1996-03-16 00:00:00,Data science,100,inactive,2.0,excellent,298.0,2008-11-19 00:00:00,UZ 100325 Tashkent Michaelland,"ball, suddenly",laptop,HP,2022.0,,,,,,,,Tashkent,Michaelland,100325
784,Howard Frank,,Unknown,,+1-160-299-2499,New Shelia,Incorrect email format,1996-03-16 00:00:00,Data science,100,inactive,2.0,excellent,298.0,2008-11-19 00:00:00,UZ 100325 Tashkent Michaelland,"ball, suddenly",phone,Xiaomi,2021.0,,,,,,,,Tashkent,Michaelland,100325
785,Unknown,21,Unknown,59,+1-123-753-4701,Morrisstad,Incorrect email format,1982-04-27 00:00:00,Data science,,active,,,147.0,2022-12-10 23:55:20,"033 Stewart Lights Suite 397, South Courtneymouth","organization, near",laptop,Dell,2015.0,,,,,,,,South Courtneymouth,,
785,Unknown,21,Unknown,59,+1-123-753-4701,Morrisstad,Incorrect email format,1982-04-27 00:00:00,Data science,,active,,,147.0,2022-12-10 23:55:20,"033 Stewart Lights Suite 397, South Courtneymouth","organization, near",phone,Xiaomi,2022.0,,,,,,,,South Courtneymouth,,
786,Unknown,20,Female,76,Unknown,Jonathanchester,cortezholly@yahoo.com,2023-07-24 04:39:21,Data science,61,pending,0.0,,128.0,2022-12-27 09:06:12,"697 Debbie Neck Suite 615, Fosterside",,,,,,,,,,,,Fosterside,,
787,Bradley Schwartz,22,Unknown,92,+1-808-143-5711,South Jacquelinemouth,jeanette11@smith.com,1995-11-26 00:00:00,Data science,,pending,4.5,average,244.0,2011-07-02 00:00:00,"BROKEN,ADDRESS,DATA,,,","several, practice",laptop,Dell,2018.0,,,,,,,,,,
787,Bradley Schwartz,22,Unknown,92,+1-808-143-5711,South Jacquelinemouth,jeanette11@smith.com,1995-11-26 00:00:00,Data science,,pending,4.5,average,244.0,2011-07-02 00:00:00,"BROKEN,ADDRESS,DATA,,,","several, practice",phone,Xiaomi,2020.0,,,,,,,,,,
788,Michelle Jones,,Female,79,+1-405-863-2330,Anthonyshire,Incorrect email format,2022-04-24 04:28:43,Data science,94,inactive,0.0,,65.0,2000-06-01 00:00:00,UZ 100501 Tashkent Ochoahaven,"nice, last",laptop,HP,2019.0,,,,,,,,Tashkent,Ochoahaven,100501
788,Michelle Jones,,Female,79,+1-405-863-2330,Anthonyshire,Incorrect email format,2022-04-24 04:28:43,Data science,94,inactive,0.0,,65.0,2000-06-01 00:00:00,UZ 100501 Tashkent Ochoahaven,"nice, last",phone,Samsung,2022.0,,,,,,,,Tashkent,Ochoahaven,100501
789,Bradley Hawkins,22,Female,71,+1-618-520-5972,East Sarahport,vazquezjessica@gmail.com,2004-04-14 23:11:00,Python,,active,,excellent,237.0,1993-01-30 02:39:27,"3626 Joseph Bridge, Port Rebecca",,,,,,,,,,,,Port Rebecca,,
790,Edward Holmes,21,Female,51,Unknown,East Deborahview,Incorrect email format,2012-10-22 00:00:00,Python,100,inactive,3.7,average,184.0,2016-12-09 23:58:10,"Apartment 2, North Melissafort district, Tashkent, UZ, 100116","establish, evidence",laptop,Lenovo,2019.0,,,,,,,,Tashkent,North Melissafort,100116
790,Edward Holmes,21,Female,51,Unknown,East Deborahview,Incorrect email format,2012-10-22 00:00:00,Python,100,inactive,3.7,average,184.0,2016-12-09 23:58:10,"Apartment 2, North Melissafort district, Tashkent, UZ, 100116","establish, evidence",phone,Apple,2022.0,,,,,,,,Tashkent,North Melissafort,100116
791,Tyler Burke,20,Unknown,95,Unknown,South Jeremy,Incorrect email format,1984-06-08 00:00:00,Python,100,inactive,0.0,,276.0,1976-04-26 00:00:00,"South Michellestad 28-kv, dom 8, Tashkent","out, art",laptop,Dell,2018.0,,,,,,,,Tashkent,South Michellestad,
791,Tyler Burke,20,Unknown,95,Unknown,South Jeremy,Incorrect email format,1984-06-08 00:00:00,Python,100,inactive,0.0,,276.0,1976-04-26 00:00:00,"South Michellestad 28-kv, dom 8, Tashkent","out, art",phone,Xiaomi,2024.0,,,,,,,,Tashkent,South Michellestad,
792,Unknown,,Female,,+1-199-189-7524,Danaburgh,Incorrect email format,1982-07-29 00:00:00,Data science,100,pending,0.0,excellent,201.0,1997-01-31 00:00:00,UZ 100432 Tashkent Angelaberg,"upon, education",laptop,Lenovo,2022.0,,,,,,,,Tashkent,Angelaberg,100432
792,Unknown,,Female,,+1-199-189-7524,Danaburgh,Incorrect email format,1982-07-29 00:00:00,Data science,100,pending,0.0,excellent,201.0,1997-01-31 00:00:00,UZ 100432 Tashkent Angelaberg,"upon, education",phone,Apple,2018.0,,,,,,,,Tashkent,Angelaberg,100432
793,Alexander Baird,20,Female,88,Unknown,Rickyland,Incorrect email format,1993-05-04 08:28:16,Data science,,pending,,,92.0,2018-07-19 00:00:00,"BROKEN,ADDRESS,DATA,,,","ago, the",laptop,HP,2023.0,,,,,,,,,,
793,Alexander Baird,20,Female,88,Unknown,Rickyland,Incorrect email format,1993-05-04 08:28:16,Data science,,pending,,,92.0,2018-07-19 00:00:00,"BROKEN,ADDRESS,DATA,,,","ago, the",phone,Apple,2024.0,,,,,,,,,,
794,Unknown,18,Male,70,+1-020-602-1317,West Angelastad,Incorrect email format,1974-10-30 12:21:00,Data science,,inactive,2.0,excellent,236.0,1989-12-24 00:00:00,"Apartment 42, New Fernando district, Tashkent, UZ, 100031","avoid, happen",laptop,Dell,2019.0,,,,,,,,Tashkent,New Fernando,100031
794,Unknown,18,Male,70,+1-020-602-1317,West Angelastad,Incorrect email format,1974-10-30 12:21:00,Data science,,inactive,2.0,excellent,236.0,1989-12-24 00:00:00,"Apartment 42, New Fernando district, Tashkent, UZ, 100031","avoid, happen",phone,Samsung,2021.0,,,,,,,,Tashkent,New Fernando,100031
795,Unknown,20,Female,,+1-612-152-9772,East Jo,Incorrect email format,2025-04-23 00:00:00,Data science,,active,4.5,,242.0,2020-04-03 00:00:00,"Stephaniebury 3-kv, dom 8, Tashkent","from, fall",laptop,Dell,2024.0,,,,,,,,Tashkent,Stephaniebury,
795,Unknown,20,Female,,+1-612-152-9772,East Jo,Incorrect email format,2025-04-23 00:00:00,Data science,,active,4.5,,242.0,2020-04-03 00:00:00,"Stephaniebury 3-kv, dom 8, Tashkent","from, fall",phone,Apple,2018.0,,,,,,,,Tashkent,Stephaniebury,
796,Unknown,20,Female,90,+1-934-293-8606,Port John,Incorrect email format,1984-06-16 00:00:00,Data science,,pending,,good,163.0,2021-08-30 18:23:53,"BROKEN,ADDRESS,DATA,,,","fact, boy",laptop,HP,2018.0,,,,,,,,,,
796,Unknown,20,Female,90,+1-934-293-8606,Port John,Incorrect email format,1984-06-16 00:00:00,Data science,,pending,,good,163.0,2021-08-30 18:23:53,"BROKEN,ADDRESS,DATA,,,","fact, boy",phone,Apple,2020.0,,,,,,,,,,
797,Grant Oneill,21,Female,90,+1-407-636-8425,Mcmillanview,Incorrect email format,2023-06-17 07:34:12,Python,100,inactive,,good,84.0,2019-05-16 01:21:00,UZ 100895 Tashkent West Jessicaview,"table, least",laptop,HP,2017.0,,,,,,,,Tashkent,West Jessicaview,100895
797,Grant Oneill,21,Female,90,+1-407-636-8425,Mcmillanview,Incorrect email format,2023-06-17 07:34:12,Python,100,inactive,,good,84.0,2019-05-16 01:21:00,UZ 100895 Tashkent West Jessicaview,"table, least",phone,Xiaomi,2019.0,,,,,,,,Tashkent,West Jessicaview,100895
798,Unknown,19,Female,92,+1-393-992-2626,Kerrymouth,Incorrect email format,2022-07-25 02:09:23,Python,,inactive,0.0,excellent,295.0,2023-12-10 17:59:07,"01332 Gordon Ford Apt. 639, East Pamelachester","at, word",laptop,HP,2021.0,,,,,,,,East Pamelachester,,
798,Unknown,19,Female,92,+1-393-992-2626,Kerrymouth,Incorrect email format,2022-07-25 02:09:23,Python,,inactive,0.0,excellent,295.0,2023-12-10 17:59:07,"01332 Gordon Ford Apt. 639, East Pamelachester","at, word",phone,Samsung,2023.0,,,,,,,,East Pamelachester,,
799,Linda Hernandez,19,Female,61,Unknown,New Kylefort,Incorrect email format,2004-09-25 04:34:00,Other,,active,3.7,excellent,75.0,1977-12-31 12:06:52,"BROKEN,ADDRESS,DATA,,,","continue, everybody",laptop,Dell,2015.0,,,,,,,,,,
799,Linda Hernandez,19,Female,61,Unknown,New Kylefort,Incorrect email format,2004-09-25 04:34:00,Other,,active,3.7,excellent,75.0,1977-12-31 12:06:52,"BROKEN,ADDRESS,DATA,,,","continue, everybody",phone,Xiaomi,2022.0,,,,,,,,,,
800,Jeffrey Jones,,Female,71,+1-851-104-8595,North Lindaton,Incorrect email format,1984-08-11 04:13:00,Other,74,inactive,3.7,average,184.0,1998-02-26 00:00:00,"West Anthony 17-kv, dom 21, Tashkent",,,,,,,,,,,,Tashkent,West Anthony,
801,Unknown,19,Female,76,+1-657-171-9683,Bakertown,Incorrect email format,1997-07-30 15:21:00,Data science,64,inactive,4.5,good,77.0,1976-07-18 00:00:00,"Apartment 25, New Jerry district, Tashkent, UZ, 100509","middle, card",laptop,HP,2016.0,,,,,,,,Tashkent,New Jerry,100509
801,Unknown,19,Female,76,+1-657-171-9683,Bakertown,Incorrect email format,1997-07-30 15:21:00,Data science,64,inactive,4.5,good,77.0,1976-07-18 00:00:00,"Apartment 25, New Jerry district, Tashkent, UZ, 100509","middle, card",phone,Xiaomi,2020.0,,,,,,,,Tashkent,New Jerry,100509
802,Debra Wade,20,Male,97,+1-007-813-9193,West Cynthiafurt,Incorrect email format,2025-10-28 02:46:41,Python,,pending,,good,143.0,2022-09-18 06:48:43,"BROKEN,ADDRESS,DATA,,,","star, above",laptop,HP,2016.0,,,,,,,,,,
802,Debra Wade,20,Male,97,+1-007-813-9193,West Cynthiafurt,Incorrect email format,2025-10-28 02:46:41,Python,,pending,,good,143.0,2022-09-18 06:48:43,"BROKEN,ADDRESS,DATA,,,","star, above",phone,Samsung,2018.0,,,,,,,,,,
803,Michael Pacheco,18,Male,90,Unknown,Daviesland,Incorrect email format,1972-05-19 00:00:00,Data science,85,inactive,0.0,good,243.0,1987-04-07 00:00:00,"BROKEN,ADDRESS,DATA,,,",,,,,,,,,,,,,,
804,Erika Hardy,20,Female,82,+1-995-765-5179,North Dennis,Incorrect email format,1996-08-30 00:00:00,Data science,,inactive,3.7,,88.0,1993-02-24 00:00:00,UZ 100460 Tashkent Nicholasport,,,,,,,,,,,,Tashkent,Nicholasport,100460
805,Lisa Gibson,20,Female,70,Unknown,Lake Allisonport,kelleywanda@yahoo.com,2003-01-20 00:00:00,Data science,89,active,0.0,good,187.0,2023-02-20 10:51:07,"Kristinabury 6-kv, dom 7, Tashkent","five, the",laptop,HP,2024.0,,,,,,,,Tashkent,Kristinabury,
805,Lisa Gibson,20,Female,70,Unknown,Lake Allisonport,kelleywanda@yahoo.com,2003-01-20 00:00:00,Data science,89,active,0.0,good,187.0,2023-02-20 10:51:07,"Kristinabury 6-kv, dom 7, Tashkent","five, the",phone,Xiaomi,2022.0,,,,,,,,Tashkent,Kristinabury,
806,Unknown,19,Female,68,+1-262-935-6533,South Juliehaven,Incorrect email format,2019-05-29 00:00:00,Data science,100,inactive,3.7,average,296.0,1977-01-27 16:13:00,UZ 100501 Tashkent Jeffreyhaven,,,,,,,,,,,,Tashkent,Jeffreyhaven,100501
807,Unknown,22,Female,90,+1-236-794-5761,Port Sarah,kenneth39@anthony.info,1984-01-28 00:00:00,Data science,100,inactive,,,113.0,2021-04-11 07:42:31,UZ 100749 Tashkent Angieborough,"treatment, medical",laptop,Dell,2019.0,,,,,,,,Tashkent,Angieborough,100749
807,Unknown,22,Female,90,+1-236-794-5761,Port Sarah,kenneth39@anthony.info,1984-01-28 00:00:00,Data science,100,inactive,,,113.0,2021-04-11 07:42:31,UZ 100749 Tashkent Angieborough,"treatment, medical",phone,Samsung,2024.0,,,,,,,,Tashkent,Angieborough,100749
808,Sharon Moore,20,Unknown,90,+1-169-240-2387,Albertshire,Incorrect email format,2019-01-26 00:00:00,Data science,,active,2.0,excellent,252.0,1984-12-26 14:43:24,"Apartment 44, North James district, Tashkent, UZ, 100181","nothing, machine",laptop,Dell,2024.0,,,,,,,,Tashkent,North James,100181
808,Sharon Moore,20,Unknown,90,+1-169-240-2387,Albertshire,Incorrect email format,2019-01-26 00:00:00,Data science,,active,2.0,excellent,252.0,1984-12-26 14:43:24,"Apartment 44, North James district, Tashkent, UZ, 100181","nothing, machine",phone,Apple,2018.0,,,,,,,,Tashkent,North James,100181
809,Amber Kelly,20,Male,,Unknown,Port Jerry,Incorrect email format,2017-01-01 00:00:00,Data science,100,pending,4.03,average,292.0,2017-09-08 01:33:00,"BROKEN,ADDRESS,DATA,,,","method, within",laptop,Lenovo,2024.0,,,,,,,,,,
809,Amber Kelly,20,Male,,Unknown,Port Jerry,Incorrect email format,2017-01-01 00:00:00,Data science,100,pending,4.03,average,292.0,2017-09-08 01:33:00,"BROKEN,ADDRESS,DATA,,,","method, within",phone,Apple,2023.0,,,,,,,,,,
810,Jennifer English,,Male,,Unknown,Port Joshua,Incorrect email format,2019-09-03 19:30:30,Python,90,inactive,4.5,,109.0,2007-11-21 13:42:05,"Apartment 17, Port Brandi district, Tashkent, UZ, 100041","property, resource",laptop,Dell,2023.0,,,,,,,,Tashkent,Port Brandi,100041
810,Jennifer English,,Male,,Unknown,Port Joshua,Incorrect email format,2019-09-03 19:30:30,Python,90,inactive,4.5,,109.0,2007-11-21 13:42:05,"Apartment 17, Port Brandi district, Tashkent, UZ, 100041","property, resource",phone,Xiaomi,2020.0,,,,,,,,Tashkent,Port Brandi,100041
811,Crystal King,18,Unknown,,+1-538-435-1329,New Taylorchester,jennakeller@yahoo.com,2022-07-03 18:02:13,Data science,100,pending,,good,129.0,1982-12-09 05:21:06,UZ 100887 Tashkent Port Brendafurt,"suffer, fight",laptop,HP,2020.0,,,,,,,,Tashkent,Port Brendafurt,100887
811,Crystal King,18,Unknown,,+1-538-435-1329,New Taylorchester,jennakeller@yahoo.com,2022-07-03 18:02:13,Data science,100,pending,,good,129.0,1982-12-09 05:21:06,UZ 100887 Tashkent Port Brendafurt,"suffer, fight",phone,Apple,2019.0,,,,,,,,Tashkent,Port Brendafurt,100887
812,Unknown,22,Male,90,Unknown,Port Brianside,Incorrect email format,2020-10-10 17:33:26,Data science,,inactive,,average,52.0,2005-07-06 00:00:00,"Apartment 14, East Monica district, Tashkent, UZ, 100389","teacher, tell",laptop,Lenovo,2019.0,,,,,,,,Tashkent,East Monica,100389
812,Unknown,22,Male,90,Unknown,Port Brianside,Incorrect email format,2020-10-10 17:33:26,Data science,,inactive,,average,52.0,2005-07-06 00:00:00,"Apartment 14, East Monica district, Tashkent, UZ, 100389","teacher, tell",phone,Apple,2022.0,,,,,,,,Tashkent,East Monica,100389
813,Aaron Webster,20,Unknown,84,+1-586-664-2250,West Donna,Incorrect email format,1993-09-02 02:08:00,Python,,pending,3.7,good,203.0,2023-05-31 14:39:14,"BROKEN,ADDRESS,DATA,,,","rate, she",laptop,Lenovo,2023.0,,,,,,,,,,
813,Aaron Webster,20,Unknown,84,+1-586-664-2250,West Donna,Incorrect email format,1993-09-02 02:08:00,Python,,pending,3.7,good,203.0,2023-05-31 14:39:14,"BROKEN,ADDRESS,DATA,,,","rate, she",phone,Samsung,2021.0,,,,,,,,,,
814,Steven Kelley,20,Female,,Unknown,East Amandachester,Incorrect email format,1980-05-22 00:00:00,Python,65,active,4.5,excellent,223.0,1982-11-20 18:43:00,"BROKEN,ADDRESS,DATA,,,",,,,,,,,,,,,,,
815,Unknown,20,Female,83,+1-239-041-5612,North Josephfort,chahn@graves.com,1998-01-17 23:19:00,Data science,100,active,3.69,average,107.0,2023-04-15 21:13:03,"BROKEN,ADDRESS,DATA,,,",,,,,,,,,,,,,,
816,Michelle Rodriguez,18,Female,93,+1-116-056-7814,West Deanna,Incorrect email format,2010-06-14 00:00:00,Data science,100,inactive,4.5,excellent,244.0,1989-09-25 00:00:00,"BROKEN,ADDRESS,DATA,,,",,,,,,,,,,,,,,
817,Joshua Munoz,20,Female,,+1-578-790-8153,West Margaretchester,wchan@hotmail.com,2005-01-29 00:00:00,Python,,active,3.24,average,101.0,2021-05-28 01:09:20,"Apartment 48, Williamton district, Tashkent, UZ, 100704",,,,,,,,,,,,Tashkent,Williamton,100704
818,Randy Hogan,19,Female,,Unknown,New Laura,bennettdonna@moore.info,1991-07-19 13:36:19,Python,91,active,4.5,average,261.0,2021-11-08 09:20:54,"BROKEN,ADDRESS,DATA,,,","education, police",laptop,Lenovo,2022.0,,,,,,,,,,
818,Randy Hogan,19,Female,,Unknown,New Laura,bennettdonna@moore.info,1991-07-19 13:36:19,Python,91,active,4.5,average,261.0,2021-11-08 09:20:54,"BROKEN,ADDRESS,DATA,,,","education, police",phone,Samsung,2018.0,,,,,,,,,,
819,Thomas Rogers,20,Female,90,+1-226-267-4539,Sandramouth,Incorrect email format,1970-06-13 00:00:00,Data science,,pending,4.5,good,85.0,1995-11-10 00:00:00,"Christineview 27-kv, dom 19, Tashkent","leave, address",laptop,HP,2016.0,,,,,,,,Tashkent,Christineview,
819,Thomas Rogers,20,Female,90,+1-226-267-4539,Sandramouth,Incorrect email format,1970-06-13 00:00:00,Data science,,pending,4.5,good,85.0,1995-11-10 00:00:00,"Christineview 27-kv, dom 19, Tashkent","leave, address",phone,Samsung,2018.0,,,,,,,,Tashkent,Christineview,
820,Unknown,20,Female,82,+1-971-111-4927,Scotthaven,Incorrect email format,2022-01-14 03:06:05,Data science,100,inactive,4.0,excellent,234.0,1972-06-06 08:39:43,"Apartment 19, Larryland district, Tashkent, UZ, 100863",,,,,,,,,,,,Tashkent,Larryland,100863
821,Unknown,,Female,80,Unknown,East Melissa,tuckerjeremy@giles.net,1991-11-05 00:00:00,Data science,100,active,0.0,average,208.0,1995-11-22 00:00:00,"156 Mack Ports, Floresbury",,,,,,,,,,,,Floresbury,,
822,Sandra Allen,,Female,90,+1-845-313-8332,New Joseph,Incorrect email format,2021-04-06 02:48:08,Python,,inactive,,excellent,258.0,2022-12-02 17:50:40,"West Mark 17-kv, dom 41, Tashkent",,,,,,,,,,,,Tashkent,West Mark,
823,Grace Russell,20,Female,95,Unknown,North James,kellyromero@mccoy.biz,2009-07-17 00:00:00,Other,100,pending,3.7,good,250.0,1977-11-12 00:00:00,"0473 Hess Dam Suite 547, South Charles",,,,,,,,,,,,South Charles,,
824,Unknown,,Male,,Unknown,Port Nathan,Incorrect email format,2011-07-29 13:34:00,Data science,,inactive,4.5,excellent,158.0,2023-10-11 21:43:31,"BROKEN,ADDRESS,DATA,,,","Republican, dark",laptop,HP,2020.0,,,,,,,,,,
824,Unknown,,Male,,Unknown,Port Nathan,Incorrect email format,2011-07-29 13:34:00,Data science,,inactive,4.5,excellent,158.0,2023-10-11 21:43:31,"BROKEN,ADDRESS,DATA,,,","Republican, dark",phone,Apple,2024.0,,,,,,,,,,
825,Elizabeth Hawkins,22,Female,90,Unknown,East Alicia,Incorrect email format,2015-04-20 00:00:00,Data science,,active,4.5,average,239.0,1974-12-25 00:00:00,"Lake Annafurt 16-kv, dom 40, Tashkent",,,,,,,,,,,,Tashkent,Lake Annafurt,
826,Unknown,21,Male,90,Unknown,Youngmouth,Incorrect email format,1980-11-20 00:00:00,Python,,inactive,,,270.0,1991-05-20 00:00:00,"BROKEN,ADDRESS,DATA,,,",,,,,,,,,,,,,,
827,Douglas Matthews,19,Female,,+1-391-996-8082,Lake Donnaland,kevin36@yahoo.com,1984-09-26 10:03:00,Data science,100,active,1.59,,229.0,1991-02-16 04:17:00,"BROKEN,ADDRESS,DATA,,,","both, believe",laptop,Lenovo,2018.0,,,,,,,,,,
827,Douglas Matthews,19,Female,,+1-391-996-8082,Lake Donnaland,kevin36@yahoo.com,1984-09-26 10:03:00,Data science,100,active,1.59,,229.0,1991-02-16 04:17:00,"BROKEN,ADDRESS,DATA,,,","both, believe",phone,Samsung,2022.0,,,,,,,,,,
828,Christian Butler,22,Male,71,Unknown,Lake Christophermouth,Incorrect email format,2000-09-20 05:52:00,Data science,100,active,2.0,excellent,299.0,1975-06-15 00:00:00,UZ 100216 Tashkent Johnchester,"next, improve",laptop,Lenovo,2018.0,,,,,,,,Tashkent,Johnchester,100216
828,Christian Butler,22,Male,71,Unknown,Lake Christophermouth,Incorrect email format,2000-09-20 05:52:00,Data science,100,active,2.0,excellent,299.0,1975-06-15 00:00:00,UZ 100216 Tashkent Johnchester,"next, improve",phone,Apple,2022.0,,,,,,,,Tashkent,Johnchester,100216
829,Unknown,18,Unknown,90,Unknown,New Diane,Incorrect email format,2021-04-21 06:06:07,Python,,active,3.7,good,242.0,2016-04-25 15:12:40,"Lake Danielview 16-kv, dom 13, Tashkent","night, officer",laptop,HP,2019.0,,,,,,,,Tashkent,Lake Danielview,
829,Unknown,18,Unknown,90,Unknown,New Diane,Incorrect email format,2021-04-21 06:06:07,Python,,active,3.7,good,242.0,2016-04-25 15:12:40,"Lake Danielview 16-kv, dom 13, Tashkent","night, officer",phone,Xiaomi,2018.0,,,,,,,,Tashkent,Lake Danielview,
830,Kevin Hayes,20,Male,,Unknown,South Amanda,tfisher@hotmail.com,2008-10-10 00:00:00,Data science,,active,0.0,good,156.0,2004-10-26 05:03:41,UZ 100066 Tashkent South Kaylastad,"successful, show",laptop,HP,2019.0,,,,,,,,Tashkent,South Kaylastad,100066
830,Kevin Hayes,20,Male,,Unknown,South Amanda,tfisher@hotmail.com,2008-10-10 00:00:00,Data science,,active,0.0,good,156.0,2004-10-26 05:03:41,UZ 100066 Tashkent South Kaylastad,"successful, show",phone,Xiaomi,2020.0,,,,,,,,Tashkent,South Kaylastad,100066
831,Unknown,20,Male,90,+1-261-613-7847,West Christopherside,pday@hernandez.com,1992-09-16 00:00:00,Python,100,pending,,,92.0,1999-01-29 16:08:09,"88881 Craig Run Suite 270, Tonyfurt","experience, party",laptop,HP,2021.0,,,,,,,,Tonyfurt,,
831,Unknown,20,Male,90,+1-261-613-7847,West Christopherside,pday@hernandez.com,1992-09-16 00:00:00,Python,100,pending,,,92.0,1999-01-29 16:08:09,"88881 Craig Run Suite 270, Tonyfurt","experience, party",phone,Xiaomi,2020.0,,,,,,,,Tonyfurt,,
832,Carrie Gonzales,,Female,,Unknown,Brandonshire,Incorrect email format,1979-03-15 00:00:00,Python,100,pending,3.7,,242.0,1984-11-25 00:00:00,"BROKEN,ADDRESS,DATA,,,","race, big",laptop,Dell,2019.0,,,,,,,,,,
832,Carrie Gonzales,,Female,,Unknown,Brandonshire,Incorrect email format,1979-03-15 00:00:00,Python,100,pending,3.7,,242.0,1984-11-25 00:00:00,"BROKEN,ADDRESS,DATA,,,","race, big",phone,Samsung,2019.0,,,,,,,,,,
833,Lauren Briggs,20,Unknown,92,Unknown,Lake Jessica,Incorrect email format,2021-07-06 01:16:16,Data science,,pending,,excellent,88.0,1992-07-28 04:15:23,"408 Dawn Drives, Lake Richard","strategy, effect",laptop,Lenovo,2016.0,,,,,,,,Lake Richard,,
833,Lauren Briggs,20,Unknown,92,Unknown,Lake Jessica,Incorrect email format,2021-07-06 01:16:16,Data science,,pending,,excellent,88.0,1992-07-28 04:15:23,"408 Dawn Drives, Lake Richard","strategy, effect",phone,Xiaomi,2020.0,,,,,,,,Lake Richard,,
834,Megan Roberts,21,Male,65,+1-406-759-5558,Bentonberg,Incorrect email format,1989-09-04 00:00:00,Other,100,inactive,4.5,average,200.0,1983-09-11 00:00:00,"Apartment 11, North John district, Tashkent, UZ, 100241","indicate, available",laptop,Lenovo,2022.0,,,,,,,,Tashkent,North John,100241
834,Megan Roberts,21,Male,65,+1-406-759-5558,Bentonberg,Incorrect email format,1989-09-04 00:00:00,Other,100,inactive,4.5,average,200.0,1983-09-11 00:00:00,"Apartment 11, North John district, Tashkent, UZ, 100241","indicate, available",phone,Xiaomi,2024.0,,,,,,,,Tashkent,North John,100241
835,Tiffany Beard,20,Female,99,Unknown,Susanchester,Incorrect email format,2021-01-30 00:45:40,Other,100,active,4.5,average,111.0,2003-07-05 00:00:00,"BROKEN,ADDRESS,DATA,,,",,,,,,,,,,,,,,
836,April Bryant,20,Male,90,+1-837-626-7959,Joelhaven,Incorrect email format,2023-03-01 09:13:19,Data science,100,pending,1.49,,137.0,1974-03-13 20:49:00,"BROKEN,ADDRESS,DATA,,,",,,,,,,,,,,,,,
837,Terry James,18,Unknown,74,Unknown,Josephburgh,Incorrect email format,1979-05-06 07:09:48,Data science,100,inactive,3.7,excellent,105.0,1970-12-11 13:04:36,"Jonesport 21-kv, dom 14, Tashkent",,,,,,,,,,,,Tashkent,Jonesport,
838,Unknown,,Female,,Unknown,West Matthew,Incorrect email format,1971-08-23 10:16:03,Python,100,inactive,,,240.0,2025-07-09 00:00:00,"BROKEN,ADDRESS,DATA,,,","prepare, together",laptop,HP,2021.0,,,,,,,,,,
838,Unknown,,Female,,Unknown,West Matthew,Incorrect email format,1971-08-23 10:16:03,Python,100,inactive,,,240.0,2025-07-09 00:00:00,"BROKEN,ADDRESS,DATA,,,","prepare, together",phone,Apple,2021.0,,,,,,,,,,
839,Willie Smith,18,Male,90,Unknown,Daleland,nbaker@yahoo.com,1986-03-20 20:31:04,Python,,active,4.5,good,213.0,1995-05-10 10:19:00,"03191 Brooke Expressway, Katiemouth",,,,,,,,,,,,Katiemouth,,
840,Ronald Wade,20,Male,82,Unknown,New Kristine,Incorrect email format,2011-03-06 00:00:00,Data science,,active,4.5,average,104.0,2012-07-06 00:00:00,"Apartment 47, Garciaborough district, Tashkent, UZ, 100793",,,,,,,,,,,,Tashkent,Garciaborough,100793
841,Unknown,20,Female,64,+1-254-428-1140,Frenchside,Incorrect email format,2023-06-12 05:23:09,Data science,100,active,,,109.0,2022-02-08 03:03:48,UZ 100459 Tashkent Andrewland,"ask, model",laptop,Lenovo,2020.0,,,,,,,,Tashkent,Andrewland,100459
841,Unknown,20,Female,64,+1-254-428-1140,Frenchside,Incorrect email format,2023-06-12 05:23:09,Data science,100,active,,,109.0,2022-02-08 03:03:48,UZ 100459 Tashkent Andrewland,"ask, model",phone,Samsung,2022.0,,,,,,,,Tashkent,Andrewland,100459
842,Jessica Schroeder,22,Female,76,Unknown,Blanchardhaven,morrisonchristopher@rodriguez.com,1975-02-22 00:00:00,Python,100,active,,good,181.0,1981-02-13 03:39:00,UZ 100194 Tashkent North Hannahberg,,,,,,,,,,,,Tashkent,North Hannahberg,100194
843,Michael Bell,18,Unknown,80,+1-269-674-3191,Port Toddbury,Incorrect email format,1995-07-15 00:00:00,Data science,100,inactive,4.5,average,168.0,2020-10-15 07:08:52,"07099 Perez Forges, Joseborough",,,,,,,,,,,,Joseborough,,
844,Amanda Diaz,18,Female,73,+1-165-566-1846,North Theresa,Incorrect email format,2004-06-20 00:00:00,Data science,100,pending,4.5,,92.0,2013-05-09 00:00:00,"BROKEN,ADDRESS,DATA,,,","on, stock",laptop,Lenovo,2022.0,,,,,,,,,,
844,Amanda Diaz,18,Female,73,+1-165-566-1846,North Theresa,Incorrect email format,2004-06-20 00:00:00,Data science,100,pending,4.5,,92.0,2013-05-09 00:00:00,"BROKEN,ADDRESS,DATA,,,","on, stock",phone,Samsung,2018.0,,,,,,,,,,
845,Michael Johnson,19,Unknown,82,Unknown,Randytown,nmason@hotmail.com,2019-10-24 00:00:00,Python,100,pending,0.0,average,111.0,1979-05-09 00:00:00,UZ 100473 Tashkent Scottmouth,,,,,,,,,,,,Tashkent,Scottmouth,100473
846,Unknown,19,Unknown,71,+1-754-247-5677,Johnview,Incorrect email format,2018-12-09 21:28:50,Data science,,pending,4.5,,76.0,2008-03-14 00:00:00,UZ 100817 Tashkent North Kelly,"help, exist",laptop,Dell,2015.0,,,,,,,,Tashkent,North Kelly,100817
846,Unknown,19,Unknown,71,+1-754-247-5677,Johnview,Incorrect email format,2018-12-09 21:28:50,Data science,,pending,4.5,,76.0,2008-03-14 00:00:00,UZ 100817 Tashkent North Kelly,"help, exist",phone,Xiaomi,2020.0,,,,,,,,Tashkent,North Kelly,100817
847,Derrick Cain,20,Male,,Unknown,East Angela,Incorrect email format,1990-05-16 03:17:19,Data science,,pending,0.0,excellent,290.0,1973-03-15 11:00:23,"East Brittanychester 22-kv, dom 28, Tashkent","million, democratic",laptop,Dell,2022.0,,,,,,,,Tashkent,East Brittanychester,
847,Derrick Cain,20,Male,,Unknown,East Angela,Incorrect email format,1990-05-16 03:17:19,Data science,,pending,0.0,excellent,290.0,1973-03-15 11:00:23,"East Brittanychester 22-kv, dom 28, Tashkent","million, democratic",phone,Xiaomi,2022.0,,,,,,,,Tashkent,East Brittanychester,
848,Unknown,20,Male,,+1-388-381-1205,Brooksport,Incorrect email format,1982-06-08 00:00:00,Data science,100,inactive,3.7,excellent,243.0,2002-05-16 22:20:00,"BROKEN,ADDRESS,DATA,,,","consumer, expect",laptop,Lenovo,2024.0,,,,,,,,,,
848,Unknown,20,Male,,+1-388-381-1205,Brooksport,Incorrect email format,1982-06-08 00:00:00,Data science,100,inactive,3.7,excellent,243.0,2002-05-16 22:20:00,"BROKEN,ADDRESS,DATA,,,","consumer, expect",phone,Apple,2019.0,,,,,,,,,,
849,Steven Powell,20,Unknown,71,+1-342-305-7171,West Brittanybury,Incorrect email format,2025-03-14 00:00:00,Data science,,inactive,2.89,,188.0,2003-03-09 00:00:00,UZ 100398 Tashkent Jeremyland,"reality, similar",laptop,Dell,2024.0,,,,,,,,Tashkent,Jeremyland,100398
849,Steven Powell,20,Unknown,71,+1-342-305-7171,West Brittanybury,Incorrect email format,2025-03-14 00:00:00,Data science,,inactive,2.89,,188.0,2003-03-09 00:00:00,UZ 100398 Tashkent Jeremyland,"reality, similar",phone,Xiaomi,2022.0,,,,,,,,Tashkent,Jeremyland,100398
850,Unknown,20,Female,87,Unknown,Paulfort,chambersjames@yahoo.com,2002-07-08 00:00:00,Python,100,pending,1.81,average,50.0,2022-08-02 23:39:52,"40380 Rodriguez Harbor, New Samantha","process, rather",laptop,Lenovo,2016.0,,,,,,,,New Samantha,,
850,Unknown,20,Female,87,Unknown,Paulfort,chambersjames@yahoo.com,2002-07-08 00:00:00,Python,100,pending,1.81,average,50.0,2022-08-02 23:39:52,"40380 Rodriguez Harbor, New Samantha","process, rather",phone,Xiaomi,2021.0,,,,,,,,New Samantha,,
851,Unknown,,Female,,Unknown,Aguilarfort,dclark@hotmail.com,1976-05-27 00:00:00,Python,100,pending,3.7,excellent,110.0,1974-06-21 00:00:00,"Juanburgh 25-kv, dom 35, Tashkent",,,,,,,,,,,,Tashkent,Juanburgh,
852,Catherine Powell,18,Unknown,90,+1-881-006-0039,Powellmouth,garywilson@gmail.com,2016-01-31 14:22:00,Other,91,inactive,,average,158.0,2022-05-15 20:12:06,"Apartment 33, South Andrewport district, Tashkent, UZ, 100176",,,,,,,,,,,,Tashkent,South Andrewport,100176
853,Justin Garcia,20,Female,,+1-178-684-5405,New Ryan,Incorrect email format,1993-02-05 00:09:40,Other,100,pending,4.5,excellent,96.0,1993-09-04 20:42:00,"Rodriguezmouth 29-kv, dom 31, Tashkent","man, mission",laptop,Lenovo,2023.0,,,,,,,,Tashkent,Rodriguezmouth,
853,Justin Garcia,20,Female,,+1-178-684-5405,New Ryan,Incorrect email format,1993-02-05 00:09:40,Other,100,pending,4.5,excellent,96.0,1993-09-04 20:42:00,"Rodriguezmouth 29-kv, dom 31, Tashkent","man, mission",phone,Samsung,2020.0,,,,,,,,Tashkent,Rodriguezmouth,
854,Unknown,,Male,66,+1-350-162-2490,South Kristintown,thomasamanda@hotmail.com,1971-03-10 08:36:23,Data science,100,pending,4.5,,188.0,2023-05-29 00:00:00,UZ 100538 Tashkent Lake Patricia,"during, difference",laptop,Dell,2024.0,,,,,,,,Tashkent,Lake Patricia,100538
854,Unknown,,Male,66,+1-350-162-2490,South Kristintown,thomasamanda@hotmail.com,1971-03-10 08:36:23,Data science,100,pending,4.5,,188.0,2023-05-29 00:00:00,UZ 100538 Tashkent Lake Patricia,"during, difference",phone,Apple,2022.0,,,,,,,,Tashkent,Lake Patricia,100538
855,Judith Williams,20,Female,90,+1-413-845-8795,Port Ericville,Incorrect email format,2021-08-01 04:06:24,Data science,,pending,3.7,excellent,227.0,1981-11-13 00:00:00,"Apartment 22, Wheelerville district, Tashkent, UZ, 100676","region, must",laptop,Lenovo,2019.0,,,,,,,,Tashkent,Wheelerville,100676
855,Judith Williams,20,Female,90,+1-413-845-8795,Port Ericville,Incorrect email format,2021-08-01 04:06:24,Data science,,pending,3.7,excellent,227.0,1981-11-13 00:00:00,"Apartment 22, Wheelerville district, Tashkent, UZ, 100676","region, must",phone,Apple,2020.0,,,,,,,,Tashkent,Wheelerville,100676
856,Andrea Luna,20,Male,90,+1-906-090-4285,Brentside,Incorrect email format,2003-06-15 00:00:00,Python,,inactive,,excellent,164.0,1972-04-12 06:59:13,"BROKEN,ADDRESS,DATA,,,","station, son",laptop,Dell,2021.0,,,,,,,,,,
856,Andrea Luna,20,Male,90,+1-906-090-4285,Brentside,Incorrect email format,2003-06-15 00:00:00,Python,,inactive,,excellent,164.0,1972-04-12 06:59:13,"BROKEN,ADDRESS,DATA,,,","station, son",phone,Samsung,2021.0,,,,,,,,,,
857,Julia Higgins,18,Unknown,54,+1-276-434-2162,East Jennamouth,Incorrect email format,1992-02-15 18:54:25,Data science,100,active,3.7,good,210.0,1997-01-21 00:00:00,UZ 100673 Tashkent Brendahaven,"create, kitchen",laptop,Dell,2020.0,,,,,,,,Tashkent,Brendahaven,100673
857,Julia Higgins,18,Unknown,54,+1-276-434-2162,East Jennamouth,Incorrect email format,1992-02-15 18:54:25,Data science,100,active,3.7,good,210.0,1997-01-21 00:00:00,UZ 100673 Tashkent Brendahaven,"create, kitchen",phone,Xiaomi,2020.0,,,,,,,,Tashkent,Brendahaven,100673
858,Hailey Porter,18,Male,90,+1-443-526-9877,Jacobfort,Incorrect email format,2020-03-28 06:06:51,Python,69,inactive,,average,134.0,1998-01-14 00:00:00,"Apartment 16, Heatherport district, Tashkent, UZ, 100632",,,,,,,,,,,,Tashkent,Heatherport,100632
859,Kevin King,20,Female,88,+1-525-531-8835,Garytown,meganobrien@brown-bartlett.org,2014-04-13 00:00:00,Python,90,pending,2.0,good,139.0,2006-03-20 00:00:00,"Barnettshire 20-kv, dom 48, Tashkent","build, task",laptop,Lenovo,2018.0,,,,,,,,Tashkent,Barnettshire,
859,Kevin King,20,Female,88,+1-525-531-8835,Garytown,meganobrien@brown-bartlett.org,2014-04-13 00:00:00,Python,90,pending,2.0,good,139.0,2006-03-20 00:00:00,"Barnettshire 20-kv, dom 48, Tashkent","build, task",phone,Xiaomi,2023.0,,,,,,,,Tashkent,Barnettshire,
860,Unknown,21,Female,50,Unknown,Port Rhonda,Incorrect email format,2015-02-07 00:00:00,Data science,100,active,,average,180.0,1993-04-22 07:05:04,"76896 Walker Crossroad Suite 276, Port Frederickbury",,,,,,,,,,,,Port Frederickbury,,
861,Unknown,19,Unknown,,+1-484-815-9087,New Briannaside,Incorrect email format,2023-06-05 19:35:00,Data science,76,inactive,0.0,good,87.0,1975-06-21 00:00:00,"BROKEN,ADDRESS,DATA,,,",,,,,,,,,,,,,,
862,Unknown,18,Male,76,Unknown,Kellyport,melissa44@nelson.com,2024-10-29 00:00:00,Data science,,active,,,106.0,2022-09-23 14:39:58,"Keithville 16-kv, dom 47, Tashkent","season, much",laptop,Lenovo,2021.0,,,,,,,,Tashkent,Keithville,
862,Unknown,18,Male,76,Unknown,Kellyport,melissa44@nelson.com,2024-10-29 00:00:00,Data science,,active,,,106.0,2022-09-23 14:39:58,"Keithville 16-kv, dom 47, Tashkent","season, much",phone,Xiaomi,2024.0,,,,,,,,Tashkent,Keithville,
863,Unknown,21,Male,84,Unknown,Port Thomas,Incorrect email format,1998-05-31 03:39:00,Data science,,inactive,0.0,,87.0,2020-11-11 12:46:00,"Benderburgh 26-kv, dom 23, Tashkent","rate, start",laptop,Lenovo,2020.0,,,,,,,,Tashkent,Benderburgh,
863,Unknown,21,Male,84,Unknown,Port Thomas,Incorrect email format,1998-05-31 03:39:00,Data science,,inactive,0.0,,87.0,2020-11-11 12:46:00,"Benderburgh 26-kv, dom 23, Tashkent","rate, start",phone,Xiaomi,2021.0,,,,,,,,Tashkent,Benderburgh,
864,Unknown,20,Female,90,Unknown,East Kendraborough,edward98@yahoo.com,1989-10-02 06:49:00,Python,100,active,3.7,good,143.0,1971-04-16 00:00:00,"BROKEN,ADDRESS,DATA,,,","believe, religious",laptop,Dell,2017.0,,,,,,,,,,
864,Unknown,20,Female,90,Unknown,East Kendraborough,edward98@yahoo.com,1989-10-02 06:49:00,Python,100,active,3.7,good,143.0,1971-04-16 00:00:00,"BROKEN,ADDRESS,DATA,,,","believe, religious",phone,Xiaomi,2022.0,,,,,,,,,,
865,Kayla Arroyo,20,Female,,+1-841-329-3989,Hicksfurt,Incorrect email format,1995-09-23 00:00:00,Python,100,inactive,3.64,excellent,157.0,2007-12-27 00:00:00,"BROKEN,ADDRESS,DATA,,,","million, difference",laptop,Lenovo,2019.0,,,,,,,,,,
865,Kayla Arroyo,20,Female,,+1-841-329-3989,Hicksfurt,Incorrect email format,1995-09-23 00:00:00,Python,100,inactive,3.64,excellent,157.0,2007-12-27 00:00:00,"BROKEN,ADDRESS,DATA,,,","million, difference",phone,Samsung,2019.0,,,,,,,,,,
866,Unknown,21,Unknown,,Unknown,South Brandon,Incorrect email format,1995-06-05 00:00:00,Data science,74,inactive,,,186.0,1981-10-11 00:00:00,"BROKEN,ADDRESS,DATA,,,","fall, garden",laptop,HP,2016.0,,,,,,,,,,
866,Unknown,21,Unknown,,Unknown,South Brandon,Incorrect email format,1995-06-05 00:00:00,Data science,74,inactive,,,186.0,1981-10-11 00:00:00,"BROKEN,ADDRESS,DATA,,,","fall, garden",phone,Apple,2022.0,,,,,,,,,,
867,Jessica Wilkinson,22,Female,90,+1-707-785-1092,Clarkborough,Incorrect email format,2025-11-08 00:00:00,Other,,pending,4.5,average,59.0,2012-09-29 05:08:40,"North Bobby 7-kv, dom 41, Tashkent","agent, provide",laptop,HP,2015.0,,,,,,,,Tashkent,North Bobby,
867,Jessica Wilkinson,22,Female,90,+1-707-785-1092,Clarkborough,Incorrect email format,2025-11-08 00:00:00,Other,,pending,4.5,average,59.0,2012-09-29 05:08:40,"North Bobby 7-kv, dom 41, Tashkent","agent, provide",phone,Apple,2024.0,,,,,,,,Tashkent,North Bobby,
868,Unknown,20,Female,,Unknown,Meganstad,Incorrect email format,2022-10-23 00:00:00,Data science,100,inactive,,excellent,227.0,2001-01-26 00:00:00,"24542 Kirby Parks, Wilsontown",,,,,,,,,,,,Wilsontown,,
869,Kelly Santos,19,Male,73,Unknown,West Raymondville,Incorrect email format,2009-12-10 00:00:00,Data science,100,inactive,,excellent,127.0,1986-10-02 11:14:00,"BROKEN,ADDRESS,DATA,,,","practice, week",laptop,Dell,2020.0,,,,,,,,,,
869,Kelly Santos,19,Male,73,Unknown,West Raymondville,Incorrect email format,2009-12-10 00:00:00,Data science,100,inactive,,excellent,127.0,1986-10-02 11:14:00,"BROKEN,ADDRESS,DATA,,,","practice, week",phone,Apple,2021.0,,,,,,,,,,
870,Unknown,19,Female,87,+1-955-814-6166,South Christopherview,jacksonphilip@jones.info,2010-09-19 00:00:00,Python,,active,4.5,,154.0,1988-05-13 19:21:00,"Lake Kimberlyside 7-kv, dom 18, Tashkent",,,,,,,,,,,,Tashkent,Lake Kimberlyside,
871,Sarah Juarez,19,Female,,Unknown,Anneshire,robersonrhonda@petersen.com,2023-04-18 06:32:20,Python,,inactive,4.5,excellent,66.0,2005-05-29 14:10:00,"8578 Carr Plains, West Erik",,,,,,,,,,,,West Erik,,
872,Stephanie Anderson,21,Female,90,+1-811-251-6010,Reedland,Incorrect email format,2006-03-22 00:00:00,Python,,pending,3.7,good,184.0,2023-11-12 03:02:51,UZ 100769 Tashkent East Jonathan,,,,,,,,,,,,Tashkent,East Jonathan,100769
873,Unknown,20,Unknown,,+1-654-403-4572,New Kathleentown,Incorrect email format,2010-06-30 00:00:00,Other,,inactive,0.0,excellent,270.0,2022-06-13 00:00:00,"Apartment 38, Santosside district, Tashkent, UZ, 100536","sound, sell",laptop,Lenovo,2022.0,,,,,,,,Tashkent,Santosside,100536
873,Unknown,20,Unknown,,+1-654-403-4572,New Kathleentown,Incorrect email format,2010-06-30 00:00:00,Other,,inactive,0.0,excellent,270.0,2022-06-13 00:00:00,"Apartment 38, Santosside district, Tashkent, UZ, 100536","sound, sell",phone,Samsung,2020.0,,,,,,,,Tashkent,Santosside,100536
874,Justin Smith,,Unknown,90,Unknown,East Anita,kevin23@hotmail.com,2023-04-04 04:18:29,Data science,100,active,,excellent,140.0,2013-12-02 23:13:25,UZ 100318 Tashkent Mcculloughview,"movie, guy",laptop,HP,2023.0,,,,,,,,Tashkent,Mcculloughview,100318
874,Justin Smith,,Unknown,90,Unknown,East Anita,kevin23@hotmail.com,2023-04-04 04:18:29,Data science,100,active,,excellent,140.0,2013-12-02 23:13:25,UZ 100318 Tashkent Mcculloughview,"movie, guy",phone,Apple,2019.0,,,,,,,,Tashkent,Mcculloughview,100318
875,Karen Hall,18,Female,,+1-321-718-8171,Lake David,Incorrect email format,1982-10-31 00:00:00,Python,100,active,2.0,average,226.0,2021-07-06 15:09:06,"74391 Alexandra Knoll, South Taylorland","economy, financial",laptop,Dell,2018.0,,,,,,,,South Taylorland,,
875,Karen Hall,18,Female,,+1-321-718-8171,Lake David,Incorrect email format,1982-10-31 00:00:00,Python,100,active,2.0,average,226.0,2021-07-06 15:09:06,"74391 Alexandra Knoll, South Taylorland","economy, financial",phone,Samsung,2018.0,,,,,,,,South Taylorland,,
876,Unknown,20,Male,90,+1-702-871-1474,Jessicamouth,hopkinsjulie@gmail.com,2015-05-24 00:00:00,Data science,,pending,,excellent,139.0,2002-01-25 00:00:00,"East Brucemouth 3-kv, dom 17, Tashkent",,,,,,,,,,,,Tashkent,East Brucemouth,
877,Haley Fowler,20,Female,90,+1-826-225-9854,Charleschester,alexkent@travis.com,2021-02-19 12:36:23,Python,100,active,2.52,,195.0,1973-05-24 00:00:00,"Rodriguezshire 21-kv, dom 15, Tashkent","focus, economic",laptop,Lenovo,2022.0,,,,,,,,Tashkent,Rodriguezshire,
877,Haley Fowler,20,Female,90,+1-826-225-9854,Charleschester,alexkent@travis.com,2021-02-19 12:36:23,Python,100,active,2.52,,195.0,1973-05-24 00:00:00,"Rodriguezshire 21-kv, dom 15, Tashkent","focus, economic",phone,Apple,2021.0,,,,,,,,Tashkent,Rodriguezshire,
878,Andrea Young,,Female,62,+1-363-365-0213,East Alexander,Incorrect email format,2022-12-28 11:14:05,Other,100,active,2.0,good,219.0,1991-04-27 00:00:00,"05295 Kendra Plain, South Christinaview",,,,,,,,,,,,South Christinaview,,
879,Yesenia Nguyen,19,Female,77,+1-419-364-8953,Tylermouth,williamscarolyn@gmail.com,2011-08-22 00:00:00,Python,100,active,4.5,average,57.0,2005-04-02 13:45:11,"West Keith 1-kv, dom 11, Tashkent","reach, direction",laptop,Dell,2017.0,,,,,,,,Tashkent,West Keith,
879,Yesenia Nguyen,19,Female,77,+1-419-364-8953,Tylermouth,williamscarolyn@gmail.com,2011-08-22 00:00:00,Python,100,active,4.5,average,57.0,2005-04-02 13:45:11,"West Keith 1-kv, dom 11, Tashkent","reach, direction",phone,Xiaomi,2023.0,,,,,,,,Tashkent,West Keith,
880,Unknown,19,Female,74,+1-947-812-9259,Henryburgh,chernandez@yahoo.com,1984-03-30 07:37:28,Data science,100,active,0.0,,268.0,1995-09-22 00:00:00,"BROKEN,ADDRESS,DATA,,,",,,,,,,,,,,,,,
881,Jasmine Wilcox,21,Unknown,,+1-886-119-5751,Claytonchester,kelsey14@yahoo.com,1970-02-05 00:00:00,Data science,94,active,3.7,,250.0,2012-05-28 22:15:05,UZ 100315 Tashkent Leahchester,"wonder, camera",laptop,Lenovo,2021.0,,,,,,,,Tashkent,Leahchester,100315
881,Jasmine Wilcox,21,Unknown,,+1-886-119-5751,Claytonchester,kelsey14@yahoo.com,1970-02-05 00:00:00,Data science,94,active,3.7,,250.0,2012-05-28 22:15:05,UZ 100315 Tashkent Leahchester,"wonder, camera",phone,Xiaomi,2019.0,,,,,,,,Tashkent,Leahchester,100315
882,Eric Gonzales,21,Male,84,+1-082-172-8165,South Donaldtown,Incorrect email format,2005-10-30 07:28:00,Python,86,inactive,4.5,good,152.0,1982-10-08 00:00:00,"Apartment 36, Johnsonbury district, Tashkent, UZ, 100549",,,,,,,,,,,,Tashkent,Johnsonbury,100549
883,Curtis Cox,20,Female,92,+1-436-463-5172,Johnbury,shawna25@hotmail.com,1993-10-25 00:00:00,Python,,active,3.7,excellent,91.0,1999-03-24 00:00:00,UZ 100062 Tashkent Robertsonview,"establish, assume",laptop,Lenovo,2022.0,,,,,,,,Tashkent,Robertsonview,100062
883,Curtis Cox,20,Female,92,+1-436-463-5172,Johnbury,shawna25@hotmail.com,1993-10-25 00:00:00,Python,,active,3.7,excellent,91.0,1999-03-24 00:00:00,UZ 100062 Tashkent Robertsonview,"establish, assume",phone,Xiaomi,2021.0,,,,,,,,Tashkent,Robertsonview,100062
884,Unknown,22,Unknown,72,Unknown,Hernandezville,kristincarter@willis.com,1994-07-23 11:13:29,Python,100,inactive,,excellent,249.0,2012-06-07 00:00:00,UZ 100602 Tashkent Port Alexanderborough,"moment, return",laptop,HP,2022.0,,,,,,,,Tashkent,Port Alexanderborough,100602
884,Unknown,22,Unknown,72,Unknown,Hernandezville,kristincarter@willis.com,1994-07-23 11:13:29,Python,100,inactive,,excellent,249.0,2012-06-07 00:00:00,UZ 100602 Tashkent Port Alexanderborough,"moment, return",phone,Apple,2018.0,,,,,,,,Tashkent,Port Alexanderborough,100602
885,Mark Mccall,19,Unknown,90,Unknown,Millerhaven,qvincent@gmail.com,2008-03-27 08:42:00,Other,,active,0.0,excellent,83.0,2006-07-01 09:24:00,"8483 Kenneth Harbor, West Miguelton","something, not",laptop,HP,2021.0,,,,,,,,West Miguelton,,
885,Mark Mccall,19,Unknown,90,Unknown,Millerhaven,qvincent@gmail.com,2008-03-27 08:42:00,Other,,active,0.0,excellent,83.0,2006-07-01 09:24:00,"8483 Kenneth Harbor, West Miguelton","something, not",phone,Apple,2024.0,,,,,,,,West Miguelton,,
886,Thomas Nelson,20,Male,90,+1-227-354-9658,East Michael,Incorrect email format,1972-09-27 00:00:00,Data science,,pending,3.7,good,88.0,1970-08-27 00:00:00,"Apartment 25, East Justin district, Tashkent, UZ, 100910","message, head",laptop,Dell,2019.0,,,,,,,,Tashkent,East Justin,100910
886,Thomas Nelson,20,Male,90,+1-227-354-9658,East Michael,Incorrect email format,1972-09-27 00:00:00,Data science,,pending,3.7,good,88.0,1970-08-27 00:00:00,"Apartment 25, East Justin district, Tashkent, UZ, 100910","message, head",phone,Apple,2024.0,,,,,,,,Tashkent,East Justin,100910
887,Danielle Baker,21,Unknown,97,+1-346-021-3140,Port Joshuabury,Incorrect email format,2011-03-18 20:14:00,Python,,pending,4.5,,247.0,1978-02-14 00:00:00,"4332 Tanner Village Suite 017, East Michaelside",,,,,,,,,,,,East Michaelside,,
888,John Barrera,20,Female,74,+1-679-487-2404,Teresaville,Incorrect email format,2017-10-24 17:10:37,Python,100,inactive,2.0,good,106.0,2002-01-23 13:10:09,"699 David Valleys Apt. 047, Salasberg",,,,,,,,,,,,Salasberg,,
889,Christina Harris,18,Female,63,Unknown,North Thomasmouth,Incorrect email format,1974-05-27 00:00:00,Other,100,inactive,4.5,good,202.0,1970-10-10 00:00:00,"Apartment 30, Jonathanshire district, Tashkent, UZ, 100993",,,,,,,,,,,,Tashkent,Jonathanshire,100993
890,Unknown,22,Unknown,82,Unknown,Lake Carrie,Incorrect email format,1977-12-18 01:56:00,Python,100,active,,good,82.0,1970-06-24 12:21:00,UZ 100591 Tashkent Lopezland,"team, force",laptop,HP,2021.0,,,,,,,,Tashkent,Lopezland,100591
890,Unknown,22,Unknown,82,Unknown,Lake Carrie,Incorrect email format,1977-12-18 01:56:00,Python,100,active,,good,82.0,1970-06-24 12:21:00,UZ 100591 Tashkent Lopezland,"team, force",phone,Samsung,2018.0,,,,,,,,Tashkent,Lopezland,100591
891,Robin Potts,18,Female,63,+1-000-444-0093,North Mistymouth,Incorrect email format,2019-06-27 15:35:00,Data science,100,active,4.5,excellent,228.0,2022-01-26 10:14:43,"Apartment 42, North Brittany district, Tashkent, UZ, 100625","skill, less",laptop,Dell,2023.0,,,,,,,,Tashkent,North Brittany,100625
891,Robin Potts,18,Female,63,+1-000-444-0093,North Mistymouth,Incorrect email format,2019-06-27 15:35:00,Data science,100,active,4.5,excellent,228.0,2022-01-26 10:14:43,"Apartment 42, North Brittany district, Tashkent, UZ, 100625","skill, less",phone,Apple,2020.0,,,,,,,,Tashkent,North Brittany,100625
892,David Sanders,18,Female,65,+1-096-554-6473,Shawnbury,Incorrect email format,2022-05-03 01:14:52,Data science,100,active,4.39,,76.0,1983-09-28 16:25:06,"Robinsonland 17-kv, dom 50, Tashkent",,,,,,,,,,,,Tashkent,Robinsonland,
893,William Kennedy,20,Female,72,+1-599-013-6858,Hollymouth,Incorrect email format,2007-01-08 00:00:00,Other,100,active,3.7,excellent,77.0,2008-03-04 00:00:00,"Apartment 28, Erinport district, Tashkent, UZ, 100647",,,,,,,,,,,,Tashkent,Erinport,100647
894,Mrs. Kristy Payne,20,Unknown,61,+1-738-963-8793,New Caseyside,adamskyle@hotmail.com,2011-04-07 15:53:00,Data science,100,active,4.5,average,87.0,2011-11-21 00:00:00,"Apartment 26, Penaborough district, Tashkent, UZ, 100472","wife, his",laptop,HP,2018.0,,,,,,,,Tashkent,Penaborough,100472
894,Mrs. Kristy Payne,20,Unknown,61,+1-738-963-8793,New Caseyside,adamskyle@hotmail.com,2011-04-07 15:53:00,Data science,100,active,4.5,average,87.0,2011-11-21 00:00:00,"Apartment 26, Penaborough district, Tashkent, UZ, 100472","wife, his",phone,Xiaomi,2023.0,,,,,,,,Tashkent,Penaborough,100472
895,Brandon Miles,18,Female,88,Unknown,North Laurastad,Incorrect email format,2023-11-19 00:00:00,Other,83,active,0.0,,264.0,1999-06-21 18:00:39,"78495 Brittany Trail, East Kendraview",,,,,,,,,,,,East Kendraview,,
896,Melissa Cortez,21,Female,68,+1-521-794-9150,Port Melissaburgh,joe35@lopez-anderson.com,1988-03-31 00:00:00,Python,100,inactive,,average,206.0,1990-06-17 00:00:00,"BROKEN,ADDRESS,DATA,,,","film, again",laptop,HP,2017.0,,,,,,,,,,
896,Melissa Cortez,21,Female,68,+1-521-794-9150,Port Melissaburgh,joe35@lopez-anderson.com,1988-03-31 00:00:00,Python,100,inactive,,average,206.0,1990-06-17 00:00:00,"BROKEN,ADDRESS,DATA,,,","film, again",phone,Apple,2018.0,,,,,,,,,,
897,Unknown,20,Female,90,+1-641-158-8646,East Davidhaven,Incorrect email format,1986-09-12 00:00:00,Python,100,pending,2.0,,107.0,2021-10-24 03:17:49,UZ 100152 Tashkent East Angie,"someone, generation",laptop,Dell,2015.0,,,,,,,,Tashkent,East Angie,100152
897,Unknown,20,Female,90,+1-641-158-8646,East Davidhaven,Incorrect email format,1986-09-12 00:00:00,Python,100,pending,2.0,,107.0,2021-10-24 03:17:49,UZ 100152 Tashkent East Angie,"someone, generation",phone,Samsung,2023.0,,,,,,,,Tashkent,East Angie,100152
898,Alejandro Pierce,20,Male,63,+1-660-798-4278,North Jennifer,Incorrect email format,1975-12-06 00:00:00,Python,,active,,excellent,247.0,1994-09-23 00:00:00,"Apartment 3, West Madisonberg district, Tashkent, UZ, 100586",,,,,,,,,,,,Tashkent,West Madisonberg,100586
899,Unknown,,Female,,+1-205-662-8875,Williamsmouth,Incorrect email format,2021-02-08 16:43:06,Data science,100,pending,,good,225.0,2021-11-26 20:33:31,"Apartment 35, Velasquezfurt district, Tashkent, UZ, 100998",,,,,,,,,,,,Tashkent,Velasquezfurt,100998
900,Michael Guerra,18,Female,90,+1-933-792-0750,New Ryanfort,Incorrect email format,1990-09-27 11:36:38,Python,100,inactive,3.7,average,167.0,2003-05-09 19:54:57,"Murphyberg 11-kv, dom 30, Tashkent",,,,,,,,,,,,Tashkent,Murphyberg,
901,Megan Nelson,20,Female,60,+1-743-417-8425,Port Jacquelineshire,Incorrect email format,2017-03-31 20:25:34,Data science,100,inactive,3.7,good,174.0,2000-09-03 00:00:00,"Apartment 19, Jenniferport district, Tashkent, UZ, 100946","customer, security",laptop,HP,2022.0,,,,,,,,Tashkent,Jenniferport,100946
901,Megan Nelson,20,Female,60,+1-743-417-8425,Port Jacquelineshire,Incorrect email format,2017-03-31 20:25:34,Data science,100,inactive,3.7,good,174.0,2000-09-03 00:00:00,"Apartment 19, Jenniferport district, Tashkent, UZ, 100946","customer, security",phone,Samsung,2023.0,,,,,,,,Tashkent,Jenniferport,100946
902,Paul Cummings,20,Unknown,90,+1-158-574-1474,New Michael,Incorrect email format,2023-05-11 00:09:06,Data science,,inactive,,average,204.0,2017-01-03 01:59:00,"Apartment 44, Davisfort district, Tashkent, UZ, 100800","scene, friend",laptop,Lenovo,2022.0,,,,,,,,Tashkent,Davisfort,100800
902,Paul Cummings,20,Unknown,90,+1-158-574-1474,New Michael,Incorrect email format,2023-05-11 00:09:06,Data science,,inactive,,average,204.0,2017-01-03 01:59:00,"Apartment 44, Davisfort district, Tashkent, UZ, 100800","scene, friend",phone,Xiaomi,2023.0,,,,,,,,Tashkent,Davisfort,100800
903,Jennifer Lucas,22,Male,90,+1-089-987-7508,East Ronaldview,Incorrect email format,2014-01-18 00:00:00,Python,100,active,2.57,,200.0,2021-05-19 00:00:00,"BROKEN,ADDRESS,DATA,,,",,,,,,,,,,,,,,
904,Kevin Aguirre,21,Female,90,+1-959-668-8387,Port Donald,zking@ramirez-rodriguez.biz,1970-05-18 13:55:42,Data science,100,pending,3.7,,258.0,1993-10-03 14:58:46,UZ 100855 Tashkent Valentineview,"thus, leader",laptop,Lenovo,2017.0,,,,,,,,Tashkent,Valentineview,100855
904,Kevin Aguirre,21,Female,90,+1-959-668-8387,Port Donald,zking@ramirez-rodriguez.biz,1970-05-18 13:55:42,Data science,100,pending,3.7,,258.0,1993-10-03 14:58:46,UZ 100855 Tashkent Valentineview,"thus, leader",phone,Samsung,2022.0,,,,,,,,Tashkent,Valentineview,100855
905,Michael Garcia,20,Male,61,Unknown,Sallyland,Incorrect email format,2020-07-22 00:00:00,Python,,inactive,,good,188.0,2001-10-03 00:00:00,"BROKEN,ADDRESS,DATA,,,","keep, speak",laptop,HP,2015.0,,,,,,,,,,
905,Michael Garcia,20,Male,61,Unknown,Sallyland,Incorrect email format,2020-07-22 00:00:00,Python,,inactive,,good,188.0,2001-10-03 00:00:00,"BROKEN,ADDRESS,DATA,,,","keep, speak",phone,Samsung,2021.0,,,,,,,,,,
906,Vicki Cardenas,20,Female,,Unknown,Daisyton,jason39@yahoo.com,2012-01-05 00:00:00,Python,,inactive,,average,98.0,2021-04-06 03:38:52,"BROKEN,ADDRESS,DATA,,,","task, hand",laptop,Dell,2022.0,,,,,,,,,,
906,Vicki Cardenas,20,Female,,Unknown,Daisyton,jason39@yahoo.com,2012-01-05 00:00:00,Python,,inactive,,average,98.0,2021-04-06 03:38:52,"BROKEN,ADDRESS,DATA,,,","task, hand",phone,Apple,2023.0,,,,,,,,,,
907,Unknown,20,Female,77,Unknown,North Peter,Incorrect email format,1984-08-14 00:00:00,Data science,,inactive,,good,293.0,2018-05-19 00:00:00,UZ 100507 Tashkent Craneville,,,,,,,,,,,,Tashkent,Craneville,100507
908,Unknown,18,Unknown,90,+1-966-917-0594,New Denise,Incorrect email format,2005-03-11 00:00:00,Python,93,active,3.7,excellent,296.0,1983-08-28 00:00:00,"Apartment 39, New Shirleyside district, Tashkent, UZ, 100073",,,,,,,,,,,,Tashkent,New Shirleyside,100073
909,Unknown,20,Male,90,+1-532-921-2430,East Terriberg,Incorrect email format,1998-04-06 00:00:00,Python,100,inactive,0.0,excellent,195.0,1981-02-14 03:44:00,"East Brianshire 9-kv, dom 29, Tashkent","development, reach",laptop,HP,2019.0,,,,,,,,Tashkent,East Brianshire,
909,Unknown,20,Male,90,+1-532-921-2430,East Terriberg,Incorrect email format,1998-04-06 00:00:00,Python,100,inactive,0.0,excellent,195.0,1981-02-14 03:44:00,"East Brianshire 9-kv, dom 29, Tashkent","development, reach",phone,Apple,2020.0,,,,,,,,Tashkent,East Brianshire,
910,Christopher Reed,18,Female,,+1-866-064-0331,East Michael,Incorrect email format,1991-11-11 00:00:00,Data science,100,inactive,2.0,excellent,284.0,2010-04-06 23:07:00,"Apartment 2, Schaeferfurt district, Tashkent, UZ, 100131","sign, traditional",laptop,Lenovo,2017.0,,,,,,,,Tashkent,Schaeferfurt,100131
910,Christopher Reed,18,Female,,+1-866-064-0331,East Michael,Incorrect email format,1991-11-11 00:00:00,Data science,100,inactive,2.0,excellent,284.0,2010-04-06 23:07:00,"Apartment 2, Schaeferfurt district, Tashkent, UZ, 100131","sign, traditional",phone,Apple,2022.0,,,,,,,,Tashkent,Schaeferfurt,100131
911,Rebecca Wise,21,Male,90,+1-140-612-2237,Fosterchester,austinevans@levy.com,1987-08-03 00:00:00,Data science,100,pending,,average,279.0,2013-10-31 05:19:00,UZ 100309 Tashkent Andrewsshire,"talk, network",laptop,Lenovo,2022.0,,,,,,,,Tashkent,Andrewsshire,100309
911,Rebecca Wise,21,Male,90,+1-140-612-2237,Fosterchester,austinevans@levy.com,1987-08-03 00:00:00,Data science,100,pending,,average,279.0,2013-10-31 05:19:00,UZ 100309 Tashkent Andrewsshire,"talk, network",phone,Apple,2021.0,,,,,,,,Tashkent,Andrewsshire,100309
912,Unknown,20,Unknown,90,Unknown,Cabreraberg,michael93@schmidt.com,1987-09-24 00:00:00,Python,83,active,,excellent,255.0,1985-08-08 00:00:00,"BROKEN,ADDRESS,DATA,,,","right, tell",laptop,Dell,2024.0,,,,,,,,,,
912,Unknown,20,Unknown,90,Unknown,Cabreraberg,michael93@schmidt.com,1987-09-24 00:00:00,Python,83,active,,excellent,255.0,1985-08-08 00:00:00,"BROKEN,ADDRESS,DATA,,,","right, tell",phone,Apple,2022.0,,,,,,,,,,
913,Kylie Herrera,20,Male,90,+1-734-856-0835,Laraside,Incorrect email format,1987-01-26 22:47:46,Python,89,pending,0.0,,294.0,2020-12-20 06:01:06,UZ 100833 Tashkent Gregoryfurt,,,,,,,,,,,,Tashkent,Gregoryfurt,100833
914,Unknown,20,Unknown,90,+1-438-110-5062,New Rebeccahaven,Incorrect email format,1975-07-23 23:00:00,Data science,,inactive,,average,236.0,1975-05-24 00:00:00,"Apartment 9, North Valerie district, Tashkent, UZ, 100224","management, just",laptop,HP,2022.0,,,,,,,,Tashkent,North Valerie,100224
914,Unknown,20,Unknown,90,+1-438-110-5062,New Rebeccahaven,Incorrect email format,1975-07-23 23:00:00,Data science,,inactive,,average,236.0,1975-05-24 00:00:00,"Apartment 9, North Valerie district, Tashkent, UZ, 100224","management, just",phone,Apple,2024.0,,,,,,,,Tashkent,North Valerie,100224
915,Unknown,20,Unknown,91,+1-651-195-8738,Lake Robert,anaalvarez@gmail.com,2015-03-12 12:43:00,Data science,,inactive,2.0,good,250.0,2015-02-01 23:48:00,"BROKEN,ADDRESS,DATA,,,","woman, itself",laptop,Lenovo,2022.0,,,,,,,,,,
915,Unknown,20,Unknown,91,+1-651-195-8738,Lake Robert,anaalvarez@gmail.com,2015-03-12 12:43:00,Data science,,inactive,2.0,good,250.0,2015-02-01 23:48:00,"BROKEN,ADDRESS,DATA,,,","woman, itself",phone,Samsung,2020.0,,,,,,,,,,
916,Jay Wright,20,Female,70,+1-115-181-7946,Andreston,Incorrect email format,2011-12-01 00:00:00,Data science,100,pending,0.0,good,144.0,2022-11-30 23:46:42,"New Michaelchester 25-kv, dom 39, Tashkent",,,,,,,,,,,,Tashkent,New Michaelchester,
917,Heather Johnson,18,Male,71,+1-590-942-5745,Jonathanhaven,carlsondakota@gmail.com,2022-08-22 05:22:18,Python,65,active,3.82,average,84.0,1971-11-09 00:00:00,"Apartment 33, Conleyside district, Tashkent, UZ, 100363",,,,,,,,,,,,Tashkent,Conleyside,100363
918,Unknown,,Unknown,60,Unknown,Lake Amandaside,Incorrect email format,1982-10-15 14:54:01,Other,,inactive,2.0,excellent,60.0,2023-07-14 00:00:00,"BROKEN,ADDRESS,DATA,,,","author, address",laptop,HP,2015.0,,,,,,,,,,
918,Unknown,,Unknown,60,Unknown,Lake Amandaside,Incorrect email format,1982-10-15 14:54:01,Other,,inactive,2.0,excellent,60.0,2023-07-14 00:00:00,"BROKEN,ADDRESS,DATA,,,","author, address",phone,Apple,2020.0,,,,,,,,,,
919,Christopher Henry,20,Male,78,Unknown,Lake Darlenemouth,Incorrect email format,1975-07-14 00:00:00,Python,100,active,0.0,excellent,206.0,2021-07-01 12:03:58,"BROKEN,ADDRESS,DATA,,,","hear, adult",laptop,Lenovo,2017.0,,,,,,,,,,
919,Christopher Henry,20,Male,78,Unknown,Lake Darlenemouth,Incorrect email format,1975-07-14 00:00:00,Python,100,active,0.0,excellent,206.0,2021-07-01 12:03:58,"BROKEN,ADDRESS,DATA,,,","hear, adult",phone,Xiaomi,2018.0,,,,,,,,,,
920,Unknown,21,Female,,+1-163-701-1464,Jenkinsborough,obray@aguirre.org,2020-03-17 05:54:00,Data science,100,active,1.13,excellent,246.0,1987-03-28 00:00:00,"Richardsonchester 27-kv, dom 41, Tashkent",,,,,,,,,,,,Tashkent,Richardsonchester,
921,Angela Moore,,Female,87,Unknown,South Crystalmouth,samanthabray@martinez-jones.com,1984-10-15 00:00:00,Python,100,inactive,,excellent,262.0,1992-12-07 00:00:00,"Thompsonshire 8-kv, dom 40, Tashkent",,,,,,,,,,,,Tashkent,Thompsonshire,
922,Timothy Tran,18,Male,65,+1-259-010-1007,Wilsonton,Incorrect email format,2021-07-18 14:22:49,Python,,inactive,2.11,,285.0,1994-09-30 00:00:00,"South Bryan 12-kv, dom 27, Tashkent",,,,,,,,,,,,Tashkent,South Bryan,
923,Brittany Walton,20,Female,90,Unknown,Victoriabury,austinlewis@jackson.net,2020-09-21 00:00:00,Data science,100,inactive,,excellent,50.0,2002-02-26 00:00:00,"BROKEN,ADDRESS,DATA,,,",,,,,,,,,,,,,,
924,Sandra Webster,20,Male,90,+1-333-433-6868,North Danielle,Incorrect email format,1981-10-19 00:00:00,Python,100,pending,3.7,excellent,287.0,1972-04-18 00:00:00,"BROKEN,ADDRESS,DATA,,,","short, interest",laptop,Lenovo,2019.0,,,,,,,,,,
924,Sandra Webster,20,Male,90,+1-333-433-6868,North Danielle,Incorrect email format,1981-10-19 00:00:00,Python,100,pending,3.7,excellent,287.0,1972-04-18 00:00:00,"BROKEN,ADDRESS,DATA,,,","short, interest",phone,Xiaomi,2018.0,,,,,,,,,,
925,Unknown,20,Female,,+1-194-274-7937,Johnburgh,lisa52@gmail.com,2010-04-12 01:28:00,Python,72,pending,4.5,,85.0,2009-01-02 00:00:00,"West Richard 16-kv, dom 36, Tashkent",,,,,,,,,,,,Tashkent,West Richard,
926,Unknown,20,Female,90,Unknown,North Chad,Incorrect email format,2004-01-14 00:00:00,Data science,100,active,3.25,good,105.0,2021-08-30 00:00:00,"223 Jason Groves, Bennettview","risk, thus",laptop,HP,2020.0,,,,,,,,Bennettview,,
926,Unknown,20,Female,90,Unknown,North Chad,Incorrect email format,2004-01-14 00:00:00,Data science,100,active,3.25,good,105.0,2021-08-30 00:00:00,"223 Jason Groves, Bennettview","risk, thus",phone,Xiaomi,2023.0,,,,,,,,Bennettview,,
927,Unknown,19,Female,63,Unknown,New Rhondaside,Incorrect email format,2022-12-12 17:13:14,Data science,,pending,4.5,good,188.0,2004-12-09 22:13:35,"Apartment 44, Pamelaburgh district, Tashkent, UZ, 100968",,,,,,,,,,,,Tashkent,Pamelaburgh,100968
928,Unknown,21,Male,70,Unknown,Lake Adam,april93@morris.com,2017-04-17 21:31:07,Data science,100,active,0.0,excellent,248.0,1993-06-28 00:00:00,"Apartment 29, Lake Debraville district, Tashkent, UZ, 100194","one, clearly",laptop,Dell,2022.0,,,,,,,,Tashkent,Lake Debraville,100194
928,Unknown,21,Male,70,Unknown,Lake Adam,april93@morris.com,2017-04-17 21:31:07,Data science,100,active,0.0,excellent,248.0,1993-06-28 00:00:00,"Apartment 29, Lake Debraville district, Tashkent, UZ, 100194","one, clearly",phone,Apple,2019.0,,,,,,,,Tashkent,Lake Debraville,100194
929,Unknown,,Male,63,+1-588-717-3328,South Matthewmouth,Incorrect email format,2001-08-05 08:12:58,Other,100,inactive,3.7,good,232.0,2019-04-19 00:00:00,"1888 Weaver Tunnel Suite 109, North Theresa","whatever, remember",laptop,Dell,2022.0,,,,,,,,North Theresa,,
929,Unknown,,Male,63,+1-588-717-3328,South Matthewmouth,Incorrect email format,2001-08-05 08:12:58,Other,100,inactive,3.7,good,232.0,2019-04-19 00:00:00,"1888 Weaver Tunnel Suite 109, North Theresa","whatever, remember",phone,Xiaomi,2020.0,,,,,,,,North Theresa,,
930,Joshua Graham,19,Unknown,63,Unknown,Ramosfort,kathryn35@yahoo.com,1975-10-12 10:00:00,Data science,100,active,2.0,average,234.0,2021-12-30 01:03:41,UZ 100170 Tashkent West Miguelview,"any, learn",laptop,HP,2024.0,,,,,,,,Tashkent,West Miguelview,100170
930,Joshua Graham,19,Unknown,63,Unknown,Ramosfort,kathryn35@yahoo.com,1975-10-12 10:00:00,Data science,100,active,2.0,average,234.0,2021-12-30 01:03:41,UZ 100170 Tashkent West Miguelview,"any, learn",phone,Samsung,2018.0,,,,,,,,Tashkent,West Miguelview,100170
931,Unknown,18,Unknown,,Unknown,West Clinton,Incorrect email format,1992-09-15 00:00:00,Python,,pending,0.0,excellent,156.0,2014-08-07 00:00:00,UZ 100464 Tashkent New Jenniferview,"list, assume",laptop,Lenovo,2023.0,,,,,,,,Tashkent,New Jenniferview,100464
931,Unknown,18,Unknown,,Unknown,West Clinton,Incorrect email format,1992-09-15 00:00:00,Python,,pending,0.0,excellent,156.0,2014-08-07 00:00:00,UZ 100464 Tashkent New Jenniferview,"list, assume",phone,Samsung,2023.0,,,,,,,,Tashkent,New Jenniferview,100464
932,Unknown,20,Male,90,+1-080-943-4080,Marciashire,Incorrect email format,2009-06-11 03:36:51,Data science,,pending,4.5,,152.0,1986-03-06 00:00:00,"Apartment 2, Sarahbury district, Tashkent, UZ, 100195",,,,,,,,,,,,Tashkent,Sarahbury,100195
933,Unknown,18,Male,66,+1-673-345-1499,New Russellstad,Incorrect email format,2004-03-10 00:00:00,Data science,94,pending,,excellent,165.0,2005-05-06 05:51:00,"West Lisa 12-kv, dom 32, Tashkent",,,,,,,,,,,,Tashkent,West Lisa,
934,Unknown,21,Female,72,+1-495-776-5449,Hollandburgh,Incorrect email format,1983-04-05 00:00:00,Python,75,inactive,,good,276.0,1973-02-03 00:00:00,"0358 Brian Lock, Ramirezstad",,,,,,,,,,,,Ramirezstad,,
935,Sabrina Morrison,19,Male,90,Unknown,North Jessica,Incorrect email format,2023-06-10 19:02:00,Data science,100,active,3.7,excellent,200.0,1977-09-09 00:00:00,"BROKEN,ADDRESS,DATA,,,",,,,,,,,,,,,,,
936,Unknown,22,Female,85,Unknown,Lake Audreyville,Incorrect email format,1983-09-01 00:00:00,Data science,72,active,2.16,average,61.0,1986-08-24 00:00:00,"Apartment 40, Danielview district, Tashkent, UZ, 100189","rather, yourself",laptop,HP,2017.0,,,,,,,,Tashkent,Danielview,100189
936,Unknown,22,Female,85,Unknown,Lake Audreyville,Incorrect email format,1983-09-01 00:00:00,Data science,72,active,2.16,average,61.0,1986-08-24 00:00:00,"Apartment 40, Danielview district, Tashkent, UZ, 100189","rather, yourself",phone,Xiaomi,2019.0,,,,,,,,Tashkent,Danielview,100189
937,Tara Randolph,20,Female,71,Unknown,New Timothyville,icummings@pierce.info,2019-09-30 10:22:00,Data science,83,inactive,4.5,excellent,286.0,1995-05-24 06:26:00,"BROKEN,ADDRESS,DATA,,,",,,,,,,,,,,,,,
938,Robert Jacobs,20,Female,90,+1-958-107-2357,Lamshire,Incorrect email format,1977-01-20 00:00:00,Python,100,inactive,,good,158.0,1986-08-10 00:00:00,"98665 Bell Cliffs Suite 152, Amandamouth",,,,,,,,,,,,Amandamouth,,
939,Unknown,20,Female,,+1-747-198-5597,Melvinshire,Incorrect email format,1976-04-03 00:00:00,Data science,90,active,,good,197.0,2022-05-05 17:17:39,"8302 Ray Light, Caitlinborough","behind, wonder",laptop,HP,2019.0,,,,,,,,Caitlinborough,,
939,Unknown,20,Female,,+1-747-198-5597,Melvinshire,Incorrect email format,1976-04-03 00:00:00,Data science,90,active,,good,197.0,2022-05-05 17:17:39,"8302 Ray Light, Caitlinborough","behind, wonder",phone,Xiaomi,2024.0,,,,,,,,Caitlinborough,,
940,Unknown,22,Male,92,Unknown,Bakerland,Incorrect email format,1993-10-13 00:00:00,Other,100,active,2.0,,230.0,2020-09-21 04:17:00,"BROKEN,ADDRESS,DATA,,,",,,,,,,,,,,,,,
941,Philip Miller,19,Female,90,Unknown,West Craigfurt,Incorrect email format,2010-11-20 00:00:00,Data science,100,inactive,3.7,,75.0,2016-01-31 15:58:00,UZ 100249 Tashkent Port Alicia,"oil, research",laptop,HP,2024.0,,,,,,,,Tashkent,Port Alicia,100249
941,Philip Miller,19,Female,90,Unknown,West Craigfurt,Incorrect email format,2010-11-20 00:00:00,Data science,100,inactive,3.7,,75.0,2016-01-31 15:58:00,UZ 100249 Tashkent Port Alicia,"oil, research",phone,Samsung,2020.0,,,,,,,,Tashkent,Port Alicia,100249
942,Ann Wong,20,Female,90,Unknown,Lake Kenneth,Incorrect email format,1970-02-01 00:00:00,Python,100,pending,1.64,average,120.0,2007-04-22 00:00:00,"BROKEN,ADDRESS,DATA,,,","possible, eight",laptop,Dell,2016.0,,,,,,,,,,
942,Ann Wong,20,Female,90,Unknown,Lake Kenneth,Incorrect email format,1970-02-01 00:00:00,Python,100,pending,1.64,average,120.0,2007-04-22 00:00:00,"BROKEN,ADDRESS,DATA,,,","possible, eight",phone,Samsung,2019.0,,,,,,,,,,
943,Rita Grimes,20,Female,58,Unknown,Sydneyborough,Incorrect email format,1986-02-18 00:00:00,Data science,100,inactive,3.7,,187.0,1998-03-29 00:00:00,"BROKEN,ADDRESS,DATA,,,","computer, technology",laptop,Lenovo,2016.0,,,,,,,,,,
943,Rita Grimes,20,Female,58,Unknown,Sydneyborough,Incorrect email format,1986-02-18 00:00:00,Data science,100,inactive,3.7,,187.0,1998-03-29 00:00:00,"BROKEN,ADDRESS,DATA,,,","computer, technology",phone,Samsung,2022.0,,,,,,,,,,
944,Unknown,18,Unknown,69,Unknown,Maryhaven,Incorrect email format,2022-04-22 23:43:48,Data science,,inactive,4.5,excellent,223.0,2010-07-09 00:00:00,"Apartment 31, Lake Megan district, Tashkent, UZ, 100435",,,,,,,,,,,,Tashkent,Lake Megan,100435
945,Unknown,20,Female,90,+1-879-617-4664,Hamptonstad,Incorrect email format,2013-02-06 22:37:00,Data science,93,pending,4.5,,231.0,1994-09-15 00:00:00,"Apartment 13, Pennyland district, Tashkent, UZ, 100302","class, father",laptop,HP,2016.0,,,,,,,,Tashkent,Pennyland,100302
945,Unknown,20,Female,90,+1-879-617-4664,Hamptonstad,Incorrect email format,2013-02-06 22:37:00,Data science,93,pending,4.5,,231.0,1994-09-15 00:00:00,"Apartment 13, Pennyland district, Tashkent, UZ, 100302","class, father",phone,Samsung,2024.0,,,,,,,,Tashkent,Pennyland,100302
946,Rebecca Archer,22,Female,84,+1-263-938-9573,East Teresa,Incorrect email format,2021-03-22 13:50:59,Data science,100,active,,excellent,222.0,2009-08-21 00:00:00,"BROKEN,ADDRESS,DATA,,,",,,,,,,,,,,,,,
947,Ann Hayes,20,Female,90,Unknown,Gordonport,Incorrect email format,2023-09-04 15:35:07,Data science,67,active,2.0,excellent,185.0,2015-10-22 00:00:00,"Apartment 44, North Philip district, Tashkent, UZ, 100111","single, player",laptop,HP,2024.0,,,,,,,,Tashkent,North Philip,100111
947,Ann Hayes,20,Female,90,Unknown,Gordonport,Incorrect email format,2023-09-04 15:35:07,Data science,67,active,2.0,excellent,185.0,2015-10-22 00:00:00,"Apartment 44, North Philip district, Tashkent, UZ, 100111","single, player",phone,Xiaomi,2022.0,,,,,,,,Tashkent,North Philip,100111
948,Thomas Harris,20,Female,,Unknown,Port Phyllis,Incorrect email format,1993-01-05 20:29:39,Data science,,active,2.0,,272.0,2021-07-30 09:01:57,"BROKEN,ADDRESS,DATA,,,",,,,,,,,,,,,,,
949,Theresa Jordan,20,Female,60,+1-445-828-0575,Lake Jeremy,Incorrect email format,1978-01-01 00:00:00,Data science,100,pending,,excellent,145.0,2004-05-26 20:30:10,"BROKEN,ADDRESS,DATA,,,","baby, rule",laptop,HP,2015.0,,,,,,,,,,
949,Theresa Jordan,20,Female,60,+1-445-828-0575,Lake Jeremy,Incorrect email format,1978-01-01 00:00:00,Data science,100,pending,,excellent,145.0,2004-05-26 20:30:10,"BROKEN,ADDRESS,DATA,,,","baby, rule",phone,Samsung,2022.0,,,,,,,,,,
950,Jason Smith,20,Female,,+1-757-243-5588,Leemouth,Incorrect email format,2010-11-02 15:29:00,Data science,100,inactive,0.0,excellent,66.0,1982-10-15 00:00:00,"West Davidmouth 11-kv, dom 27, Tashkent","real, wind",laptop,HP,2017.0,,,,,,,,Tashkent,West Davidmouth,
950,Jason Smith,20,Female,,+1-757-243-5588,Leemouth,Incorrect email format,2010-11-02 15:29:00,Data science,100,inactive,0.0,excellent,66.0,1982-10-15 00:00:00,"West Davidmouth 11-kv, dom 27, Tashkent","real, wind",phone,Apple,2019.0,,,,,,,,Tashkent,West Davidmouth,
951,Robert Poole,20,Female,,+1-078-106-8230,West Lucas,Incorrect email format,2010-06-23 00:00:00,Data science,100,inactive,,,75.0,2021-08-17 14:51:56,"BROKEN,ADDRESS,DATA,,,",,,,,,,,,,,,,,
952,Brittany Jackson,20,Unknown,77,+1-387-793-3845,Dianeberg,Incorrect email format,1987-01-20 00:00:00,Data science,,active,3.7,,245.0,1997-11-30 11:37:00,"BROKEN,ADDRESS,DATA,,,","send, our",laptop,Lenovo,2016.0,,,,,,,,,,
952,Brittany Jackson,20,Unknown,77,+1-387-793-3845,Dianeberg,Incorrect email format,1987-01-20 00:00:00,Data science,,active,3.7,,245.0,1997-11-30 11:37:00,"BROKEN,ADDRESS,DATA,,,","send, our",phone,Samsung,2021.0,,,,,,,,,,
953,Sheila Hansen,,Male,85,Unknown,Estesmouth,Incorrect email format,1989-12-21 21:59:49,Data science,100,inactive,,good,185.0,2013-08-12 20:32:00,UZ 100069 Tashkent East James,,,,,,,,,,,,Tashkent,East James,100069
954,Amanda Mullins,19,Female,,Unknown,West Ashley,Incorrect email format,2013-11-17 00:00:00,Data science,100,pending,,,254.0,1980-02-03 00:00:00,"Apartment 13, West Nicholas district, Tashkent, UZ, 100505",,,,,,,,,,,,Tashkent,West Nicholas,100505
955,Desiree Wade,20,Male,54,Unknown,Liushire,Incorrect email format,2012-04-14 00:00:00,Data science,78,active,2.89,excellent,120.0,2009-02-27 00:00:00,"East Susan 21-kv, dom 38, Tashkent","far, half",laptop,Dell,2018.0,,,,,,,,Tashkent,East Susan,
955,Desiree Wade,20,Male,54,Unknown,Liushire,Incorrect email format,2012-04-14 00:00:00,Data science,78,active,2.89,excellent,120.0,2009-02-27 00:00:00,"East Susan 21-kv, dom 38, Tashkent","far, half",phone,Xiaomi,2021.0,,,,,,,,Tashkent,East Susan,
956,Ashley Scott,19,Female,81,+1-803-752-6910,Darrellmouth,thomas01@yahoo.com,2012-08-26 00:00:00,Data science,,pending,4.5,average,64.0,2021-04-02 00:00:00,UZ 100730 Tashkent Lake April,"again, plan",laptop,Lenovo,2018.0,,,,,,,,Tashkent,Lake April,100730
956,Ashley Scott,19,Female,81,+1-803-752-6910,Darrellmouth,thomas01@yahoo.com,2012-08-26 00:00:00,Data science,,pending,4.5,average,64.0,2021-04-02 00:00:00,UZ 100730 Tashkent Lake April,"again, plan",phone,Xiaomi,2022.0,,,,,,,,Tashkent,Lake April,100730
957,Mrs. Erica Wright DVM,20,Male,84,+1-231-625-1591,East Patricia,Incorrect email format,2002-04-30 00:00:00,Python,76,inactive,2.41,excellent,88.0,1984-05-09 00:00:00,"BROKEN,ADDRESS,DATA,,,","tell, late",laptop,Dell,2023.0,,,,,,,,,,
957,Mrs. Erica Wright DVM,20,Male,84,+1-231-625-1591,East Patricia,Incorrect email format,2002-04-30 00:00:00,Python,76,inactive,2.41,excellent,88.0,1984-05-09 00:00:00,"BROKEN,ADDRESS,DATA,,,","tell, late",phone,Apple,2021.0,,,,,,,,,,
958,Daniel Delacruz,,Male,93,+1-928-634-5122,South Christopherland,Incorrect email format,1971-06-24 00:00:00,Other,80,pending,2.0,excellent,157.0,1977-02-25 00:00:00,"7424 Dawn Crossroad Apt. 545, Williamsmouth","good, which",laptop,Dell,2019.0,,,,,,,,Williamsmouth,,
958,Daniel Delacruz,,Male,93,+1-928-634-5122,South Christopherland,Incorrect email format,1971-06-24 00:00:00,Other,80,pending,2.0,excellent,157.0,1977-02-25 00:00:00,"7424 Dawn Crossroad Apt. 545, Williamsmouth","good, which",phone,Xiaomi,2024.0,,,,,,,,Williamsmouth,,
959,Jasmine Miller,18,Unknown,70,Unknown,Lisaburgh,sarah07@gmail.com,2010-06-22 00:00:00,Data science,,inactive,3.7,excellent,173.0,1978-08-07 07:15:00,"Evanshaven 13-kv, dom 18, Tashkent","able, operation",laptop,HP,2023.0,,,,,,,,Tashkent,Evanshaven,
959,Jasmine Miller,18,Unknown,70,Unknown,Lisaburgh,sarah07@gmail.com,2010-06-22 00:00:00,Data science,,inactive,3.7,excellent,173.0,1978-08-07 07:15:00,"Evanshaven 13-kv, dom 18, Tashkent","able, operation",phone,Apple,2024.0,,,,,,,,Tashkent,Evanshaven,
960,Valerie Cervantes,18,Female,,Unknown,Hansenport,osullivan@yahoo.com,2014-03-07 00:00:00,Data science,100,active,1.41,excellent,124.0,1991-09-27 00:00:00,"Apartment 6, Moniquefurt district, Tashkent, UZ, 100111","artist, give",laptop,HP,2018.0,,,,,,,,Tashkent,Moniquefurt,100111
960,Valerie Cervantes,18,Female,,Unknown,Hansenport,osullivan@yahoo.com,2014-03-07 00:00:00,Data science,100,active,1.41,excellent,124.0,1991-09-27 00:00:00,"Apartment 6, Moniquefurt district, Tashkent, UZ, 100111","artist, give",phone,Samsung,2022.0,,,,,,,,Tashkent,Moniquefurt,100111
961,Unknown,20,Male,91,+1-568-254-6200,Jonestown,Incorrect email format,2021-05-16 12:42:06,Data science,64,pending,4.5,average,133.0,2021-02-02 06:59:15,"Apartment 44, Andreafort district, Tashkent, UZ, 100038","soldier, interesting",laptop,Lenovo,2020.0,,,,,,,,Tashkent,Andreafort,100038
961,Unknown,20,Male,91,+1-568-254-6200,Jonestown,Incorrect email format,2021-05-16 12:42:06,Data science,64,pending,4.5,average,133.0,2021-02-02 06:59:15,"Apartment 44, Andreafort district, Tashkent, UZ, 100038","soldier, interesting",phone,Samsung,2018.0,,,,,,,,Tashkent,Andreafort,100038
962,Unknown,,Female,94,+1-719-332-8005,Jamesport,raven66@williams.info,1998-02-10 00:16:50,Other,100,inactive,3.7,excellent,263.0,2020-10-11 23:20:30,"14283 Jillian Pine Suite 363, Gibsonchester","fact, exactly",laptop,HP,2024.0,,,,,,,,Gibsonchester,,
962,Unknown,,Female,94,+1-719-332-8005,Jamesport,raven66@williams.info,1998-02-10 00:16:50,Other,100,inactive,3.7,excellent,263.0,2020-10-11 23:20:30,"14283 Jillian Pine Suite 363, Gibsonchester","fact, exactly",phone,Samsung,2022.0,,,,,,,,Gibsonchester,,
963,Steven Knight,22,Female,51,+1-454-199-9513,North Samantha,smithjoseph@gmail.com,2018-03-28 00:00:00,Other,,pending,1.35,excellent,243.0,2017-05-23 00:00:00,"Olsonbury 8-kv, dom 16, Tashkent","technology, long",laptop,Dell,2022.0,,,,,,,,Tashkent,Olsonbury,
963,Steven Knight,22,Female,51,+1-454-199-9513,North Samantha,smithjoseph@gmail.com,2018-03-28 00:00:00,Other,,pending,1.35,excellent,243.0,2017-05-23 00:00:00,"Olsonbury 8-kv, dom 16, Tashkent","technology, long",phone,Samsung,2018.0,,,,,,,,Tashkent,Olsonbury,
964,Unknown,22,Female,76,+1-422-908-8874,North Michaelstad,Incorrect email format,1983-09-07 00:00:00,Data science,100,inactive,,excellent,237.0,1997-10-09 00:00:00,"Edwardtown 22-kv, dom 5, Tashkent",,,,,,,,,,,,Tashkent,Edwardtown,
965,Laura Rhodes,20,Female,98,+1-320-392-5508,New Joe,Incorrect email format,1970-03-11 03:21:00,Data science,,active,,excellent,229.0,1996-11-23 14:42:00,UZ 100945 Tashkent South Glen,,,,,,,,,,,,Tashkent,South Glen,100945
966,Unknown,20,Male,90,+1-706-232-6552,New Dianebury,Incorrect email format,2015-04-26 00:00:00,Data science,100,inactive,0.0,average,201.0,1979-03-05 18:41:01,"New Jonathanfort 22-kv, dom 35, Tashkent","fear, section",laptop,Dell,2018.0,,,,,,,,Tashkent,New Jonathanfort,
966,Unknown,20,Male,90,+1-706-232-6552,New Dianebury,Incorrect email format,2015-04-26 00:00:00,Data science,100,inactive,0.0,average,201.0,1979-03-05 18:41:01,"New Jonathanfort 22-kv, dom 35, Tashkent","fear, section",phone,Xiaomi,2022.0,,,,,,,,Tashkent,New Jonathanfort,
967,Unknown,,Male,68,+1-541-406-2379,New Alexander,Incorrect email format,1994-05-26 12:16:00,Data science,63,inactive,4.5,good,179.0,1976-01-09 19:59:08,"Apartment 8, New Cynthia district, Tashkent, UZ, 100877","run, without",laptop,Lenovo,2023.0,,,,,,,,Tashkent,New Cynthia,100877
967,Unknown,,Male,68,+1-541-406-2379,New Alexander,Incorrect email format,1994-05-26 12:16:00,Data science,63,inactive,4.5,good,179.0,1976-01-09 19:59:08,"Apartment 8, New Cynthia district, Tashkent, UZ, 100877","run, without",phone,Xiaomi,2023.0,,,,,,,,Tashkent,New Cynthia,100877
968,Patricia Young,20,Male,67,+1-817-734-5117,Savannahmouth,Incorrect email format,1997-11-26 11:56:00,Data science,,pending,3.7,,159.0,1977-02-16 00:00:00,"BROKEN,ADDRESS,DATA,,,","who, quickly",laptop,HP,2020.0,,,,,,,,,,
968,Patricia Young,20,Male,67,+1-817-734-5117,Savannahmouth,Incorrect email format,1997-11-26 11:56:00,Data science,,pending,3.7,,159.0,1977-02-16 00:00:00,"BROKEN,ADDRESS,DATA,,,","who, quickly",phone,Apple,2018.0,,,,,,,,,,
969,Juan Johnson,21,Female,90,+1-044-983-9164,Mcleanchester,Incorrect email format,2025-02-10 00:00:00,Python,89,inactive,0.0,,245.0,2001-04-27 00:00:00,"BROKEN,ADDRESS,DATA,,,","country, main",laptop,Lenovo,2021.0,,,,,,,,,,
969,Juan Johnson,21,Female,90,+1-044-983-9164,Mcleanchester,Incorrect email format,2025-02-10 00:00:00,Python,89,inactive,0.0,,245.0,2001-04-27 00:00:00,"BROKEN,ADDRESS,DATA,,,","country, main",phone,Apple,2018.0,,,,,,,,,,
970,Unknown,20,Female,,+1-573-817-2792,Lake Brittneyburgh,steven18@yahoo.com,2021-12-09 06:05:57,Other,83,active,,average,67.0,2016-05-31 00:00:00,"Apartment 19, Morganburgh district, Tashkent, UZ, 100859",,,,,,,,,,,,Tashkent,Morganburgh,100859
971,Unknown,,Female,90,+1-972-776-8849,Valeriemouth,Incorrect email format,2017-02-28 18:52:00,Data science,,active,0.0,excellent,57.0,2002-03-29 14:18:29,UZ 100597 Tashkent Florestown,,,,,,,,,,,,Tashkent,Florestown,100597
972,Patty Cortez,19,Female,,+1-087-466-9864,Stephanieberg,jongarcia@yahoo.com,2013-12-10 00:00:00,Data science,,active,,,117.0,2007-06-19 04:46:47,UZ 100171 Tashkent New Jefferystad,"something, grow",laptop,HP,2023.0,,,,,,,,Tashkent,New Jefferystad,100171
972,Patty Cortez,19,Female,,+1-087-466-9864,Stephanieberg,jongarcia@yahoo.com,2013-12-10 00:00:00,Data science,,active,,,117.0,2007-06-19 04:46:47,UZ 100171 Tashkent New Jefferystad,"something, grow",phone,Apple,2024.0,,,,,,,,Tashkent,New Jefferystad,100171
973,Unknown,22,Male,90,+1-978-581-2834,Crystalbury,Incorrect email format,2019-03-01 12:08:03,Python,87,inactive,3.7,excellent,246.0,2011-02-18 10:42:00,UZ 100511 Tashkent West Ericafurt,,,,,,,,,,,,Tashkent,West Ericafurt,100511
974,Unknown,20,Unknown,90,Unknown,Lake Emmamouth,Incorrect email format,2012-05-06 00:00:00,Python,76,pending,3.7,average,193.0,1994-11-02 09:21:00,"48540 Teresa Walk Suite 843, Jenkinshaven",,,,,,,,,,,,Jenkinshaven,,
975,Unknown,,Unknown,74,Unknown,Baileyside,Incorrect email format,2006-04-02 16:13:00,Other,100,active,0.0,,116.0,1973-03-04 00:48:22,UZ 100834 Tashkent Wilsonfurt,"industry, face",laptop,Lenovo,2020.0,,,,,,,,Tashkent,Wilsonfurt,100834
975,Unknown,,Unknown,74,Unknown,Baileyside,Incorrect email format,2006-04-02 16:13:00,Other,100,active,0.0,,116.0,1973-03-04 00:48:22,UZ 100834 Tashkent Wilsonfurt,"industry, face",phone,Samsung,2023.0,,,,,,,,Tashkent,Wilsonfurt,100834
976,Unknown,,Female,,Unknown,New Vincentfurt,Incorrect email format,2022-08-12 15:18:40,Data science,,active,,,147.0,2021-03-29 05:08:35,"Apartment 6, West Patriciaborough district, Tashkent, UZ, 100253",,,,,,,,,,,,Tashkent,West Patriciaborough,100253
977,Dana Williams,20,Female,93,+1-443-145-5738,Port Andrea,Incorrect email format,2022-11-23 21:21:09,Python,100,inactive,2.97,average,174.0,1971-06-07 00:00:00,"Apartment 30, Port Jamesland district, Tashkent, UZ, 100655","concern, PM",laptop,Dell,2020.0,,,,,,,,Tashkent,Port Jamesland,100655
977,Dana Williams,20,Female,93,+1-443-145-5738,Port Andrea,Incorrect email format,2022-11-23 21:21:09,Python,100,inactive,2.97,average,174.0,1971-06-07 00:00:00,"Apartment 30, Port Jamesland district, Tashkent, UZ, 100655","concern, PM",phone,Xiaomi,2022.0,,,,,,,,Tashkent,Port Jamesland,100655
978,Unknown,20,Male,63,Unknown,East Stephanie,scott37@gmail.com,2020-12-16 12:38:51,Data science,100,active,4.5,excellent,152.0,2021-04-22 16:11:45,"253 Hamilton Drives Apt. 911, South Kelsey",,,,,,,,,,,,South Kelsey,,
979,Susan Flowers,18,Female,73,+1-079-125-7590,Michaelchester,Incorrect email format,2021-04-15 16:46:07,Other,,active,1.5,,282.0,1976-07-16 00:00:00,"BROKEN,ADDRESS,DATA,,,","teacher, rate",laptop,Lenovo,2021.0,,,,,,,,,,
979,Susan Flowers,18,Female,73,+1-079-125-7590,Michaelchester,Incorrect email format,2021-04-15 16:46:07,Other,,active,1.5,,282.0,1976-07-16 00:00:00,"BROKEN,ADDRESS,DATA,,,","teacher, rate",phone,Xiaomi,2018.0,,,,,,,,,,
980,John Reed,18,Male,56,Unknown,Cookstad,Incorrect email format,2017-09-21 00:00:00,Data science,90,inactive,,average,231.0,2016-01-28 00:00:00,"BROKEN,ADDRESS,DATA,,,","career, term",laptop,Dell,2019.0,,,,,,,,,,
980,John Reed,18,Male,56,Unknown,Cookstad,Incorrect email format,2017-09-21 00:00:00,Data science,90,inactive,,average,231.0,2016-01-28 00:00:00,"BROKEN,ADDRESS,DATA,,,","career, term",phone,Apple,2020.0,,,,,,,,,,
981,David Price,20,Male,,Unknown,South Shawn,Incorrect email format,2022-09-29 00:00:00,Data science,,active,4.5,excellent,74.0,2021-11-17 00:00:00,"Apartment 28, Heatherville district, Tashkent, UZ, 100202","themselves, work",laptop,Dell,2021.0,,,,,,,,Tashkent,Heatherville,100202
981,David Price,20,Male,,Unknown,South Shawn,Incorrect email format,2022-09-29 00:00:00,Data science,,active,4.5,excellent,74.0,2021-11-17 00:00:00,"Apartment 28, Heatherville district, Tashkent, UZ, 100202","themselves, work",phone,Xiaomi,2019.0,,,,,,,,Tashkent,Heatherville,100202
982,Richard Stewart,20,Male,,+1-944-166-3388,West Brett,Incorrect email format,1996-01-08 01:46:36,Data science,85,pending,3.76,average,252.0,1984-07-16 22:14:00,"08244 Richard Hill, Juliaburgh","store, over",laptop,Dell,2016.0,,,,,,,,Juliaburgh,,
982,Richard Stewart,20,Male,,+1-944-166-3388,West Brett,Incorrect email format,1996-01-08 01:46:36,Data science,85,pending,3.76,average,252.0,1984-07-16 22:14:00,"08244 Richard Hill, Juliaburgh","store, over",phone,Apple,2019.0,,,,,,,,Juliaburgh,,
983,Heather Morton,21,Female,90,Unknown,East Blakeburgh,ashleyhardy@hotmail.com,1983-12-16 00:00:00,Data science,100,pending,0.0,,170.0,1978-10-14 00:00:00,"BROKEN,ADDRESS,DATA,,,","beat, order",laptop,Lenovo,2023.0,,,,,,,,,,
983,Heather Morton,21,Female,90,Unknown,East Blakeburgh,ashleyhardy@hotmail.com,1983-12-16 00:00:00,Data science,100,pending,0.0,,170.0,1978-10-14 00:00:00,"BROKEN,ADDRESS,DATA,,,","beat, order",phone,Samsung,2021.0,,,,,,,,,,
984,Thomas Camacho,18,Female,63,+1-835-010-3376,East Apriltown,kristina81@barr-morgan.biz,2012-05-13 00:00:00,Data science,79,pending,4.5,excellent,227.0,1980-11-17 00:00:00,UZ 100095 Tashkent East Erinburgh,"create, degree",laptop,HP,2016.0,,,,,,,,Tashkent,East Erinburgh,100095
984,Thomas Camacho,18,Female,63,+1-835-010-3376,East Apriltown,kristina81@barr-morgan.biz,2012-05-13 00:00:00,Data science,79,pending,4.5,excellent,227.0,1980-11-17 00:00:00,UZ 100095 Tashkent East Erinburgh,"create, degree",phone,Apple,2022.0,,,,,,,,Tashkent,East Erinburgh,100095
985,Unknown,,Unknown,,+1-990-062-6664,North Dawnstad,Incorrect email format,2021-03-12 00:00:00,Data science,100,active,2.0,excellent,128.0,1998-12-04 18:51:00,"Apartment 11, Natalietown district, Tashkent, UZ, 100409",,,,,,,,,,,,Tashkent,Natalietown,100409
986,Unknown,20,Male,,+1-287-772-4324,Murrayfort,Incorrect email format,2019-08-09 01:16:30,Data science,100,active,,excellent,108.0,2023-09-24 02:38:22,UZ 100367 Tashkent New Annton,"reveal, fund",laptop,Lenovo,2021.0,,,,,,,,Tashkent,New Annton,100367
986,Unknown,20,Male,,+1-287-772-4324,Murrayfort,Incorrect email format,2019-08-09 01:16:30,Data science,100,active,,excellent,108.0,2023-09-24 02:38:22,UZ 100367 Tashkent New Annton,"reveal, fund",phone,Apple,2023.0,,,,,,,,Tashkent,New Annton,100367
987,Kathy Smith,,Male,,Unknown,South Katherineton,Incorrect email format,2021-01-15 00:00:00,Python,100,inactive,2.0,,149.0,1994-05-15 10:14:57,"Andersonville 26-kv, dom 42, Tashkent","up, quality",laptop,HP,2020.0,,,,,,,,Tashkent,Andersonville,
987,Kathy Smith,,Male,,Unknown,South Katherineton,Incorrect email format,2021-01-15 00:00:00,Python,100,inactive,2.0,,149.0,1994-05-15 10:14:57,"Andersonville 26-kv, dom 42, Tashkent","up, quality",phone,Samsung,2022.0,,,,,,,,Tashkent,Andersonville,
988,Unknown,,Female,90,Unknown,Tammymouth,alisoncohen@gmail.com,2022-06-14 07:31:04,Data science,67,pending,2.0,excellent,97.0,2021-12-23 18:06:47,"38142 Price Shoals Suite 938, Port Kevintown","main, sister",laptop,Lenovo,2020.0,,,,,,,,Port Kevintown,,
988,Unknown,,Female,90,Unknown,Tammymouth,alisoncohen@gmail.com,2022-06-14 07:31:04,Data science,67,pending,2.0,excellent,97.0,2021-12-23 18:06:47,"38142 Price Shoals Suite 938, Port Kevintown","main, sister",phone,Xiaomi,2020.0,,,,,,,,Port Kevintown,,
989,Robert Knight,22,Female,88,+1-662-166-1550,Micheleshire,Incorrect email format,2024-04-05 00:00:00,Other,100,pending,,average,215.0,2005-10-30 00:00:00,"7190 Myers Loaf Apt. 911, Dennisville","similar, seem",laptop,HP,2023.0,,,,,,,,Dennisville,,
989,Robert Knight,22,Female,88,+1-662-166-1550,Micheleshire,Incorrect email format,2024-04-05 00:00:00,Other,100,pending,,average,215.0,2005-10-30 00:00:00,"7190 Myers Loaf Apt. 911, Dennisville","similar, seem",phone,Apple,2018.0,,,,,,,,Dennisville,,
990,Anthony Bradford,21,Male,85,Unknown,South Anna,Incorrect email format,2021-09-26 00:00:00,Data science,,inactive,,average,55.0,1980-10-01 00:00:00,UZ 100994 Tashkent Samanthamouth,,,,,,,,,,,,Tashkent,Samanthamouth,100994
991,Unknown,,Male,74,+1-711-374-9360,Luismouth,srogers@hotmail.com,1981-08-07 20:47:00,Python,100,pending,,excellent,98.0,2004-07-20 00:00:00,"Brianborough 12-kv, dom 21, Tashkent",,,,,,,,,,,,Tashkent,Brianborough,
992,Unknown,21,Female,73,+1-545-622-4455,East Rebeccashire,Incorrect email format,1990-07-13 00:00:00,Data science,75,active,,excellent,140.0,2008-10-22 00:00:00,"1137 Victor Garden, Crosbymouth",,,,,,,,,,,,Crosbymouth,,
993,Lisa Gardner,19,Female,90,+1-997-333-6462,West Laurieshire,Incorrect email format,2017-07-21 00:00:00,Python,,pending,3.7,average,253.0,1985-05-26 16:20:56,"New Karenborough 13-kv, dom 30, Tashkent",,,,,,,,,,,,Tashkent,New Karenborough,
994,Unknown,18,Unknown,,+1-549-823-0512,Matthewton,Incorrect email format,2011-03-11 19:46:31,Data science,100,pending,,excellent,227.0,2000-10-15 19:37:43,"18583 Ross Landing Suite 657, Kellyfurt",,,,,,,,,,,,Kellyfurt,,
995,Kelly Martin,20,Male,90,Unknown,Teresaville,Incorrect email format,2005-02-26 23:42:53,Data science,100,active,3.07,good,160.0,1976-03-31 00:00:00,"Apartment 40, Port Ashley district, Tashkent, UZ, 100498",,,,,,,,,,,,Tashkent,Port Ashley,100498
996,Gary Sawyer,22,Female,,Unknown,Gabriellefurt,amy97@woodard.net,1992-11-13 00:00:00,Data science,,inactive,,excellent,64.0,2007-10-14 18:53:00,"Apartment 12, Laurenhaven district, Tashkent, UZ, 100254","collection, his",laptop,Dell,2017.0,,,,,,,,Tashkent,Laurenhaven,100254
996,Gary Sawyer,22,Female,,Unknown,Gabriellefurt,amy97@woodard.net,1992-11-13 00:00:00,Data science,,inactive,,excellent,64.0,2007-10-14 18:53:00,"Apartment 12, Laurenhaven district, Tashkent, UZ, 100254","collection, his",phone,Xiaomi,2019.0,,,,,,,,Tashkent,Laurenhaven,100254
997,Scott Clark,20,Unknown,,+1-205-065-8737,Rogerborough,katiepage@hensley.com,2024-10-05 00:00:00,Data science,,pending,3.7,,143.0,2021-06-21 07:46:27,"Patrickmouth 4-kv, dom 6, Tashkent",,,,,,,,,,,,Tashkent,Patrickmouth,
998,Unknown,20,Male,,+1-264-577-8585,South Mary,Incorrect email format,2021-11-19 02:23:00,Data science,95,inactive,2.0,excellent,79.0,1975-05-11 00:00:00,"Apartment 38, New Brendan district, Tashkent, UZ, 100394","street, read",laptop,HP,2020.0,,,,,,,,Tashkent,New Brendan,100394
998,Unknown,20,Male,,+1-264-577-8585,South Mary,Incorrect email format,2021-11-19 02:23:00,Data science,95,inactive,2.0,excellent,79.0,1975-05-11 00:00:00,"Apartment 38, New Brendan district, Tashkent, UZ, 100394","street, read",phone,Xiaomi,2024.0,,,,,,,,Tashkent,New Brendan,100394
999,Brittany Barrett,21,Female,86,+1-663-118-1327,Port Rachael,Incorrect email format,2021-07-08 05:51:03,Data science,100,active,3.06,average,238.0,2015-05-24 00:00:00,"25998 Martinez Grove Apt. 473, West Scott","game, total",laptop,Dell,2022.0,,,,,,,,West Scott,,
999,Brittany Barrett,21,Female,86,+1-663-118-1327,Port Rachael,Incorrect email format,2021-07-08 05:51:03,Data science,100,active,3.06,average,238.0,2015-05-24 00:00:00,"25998 Martinez Grove Apt. 473, West Scott","game, total",phone,Samsung,2019.0,,,,,,,,West Scott,,
1000,Unknown,20,Unknown,90,+1-486-754-8735,Dariusborough,Incorrect email format,2021-06-24 11:13:51,Python,70,inactive,4.5,excellent,224.0,2015-06-27 08:04:00,"Apartment 24, Grossbury district, Tashkent, UZ, 100222",,,,,,,,,,,,Tashkent,Grossbury,100222
